country_code,country_name,region,climate_zone,year,season,temp_seasonal_mean,temp_seasonal_anomaly,precip_seasonal_total,precip_seasonal_anomaly
AUS,Australia,Oceania,Arid / Mediterranean,1960,Autumn (MAM),17.92494623655914,0.4556344086021517,45.5,-74.00666666666666
AUS,Australia,Oceania,Arid / Mediterranean,1960,Spring (SON),16.4673476702509,-0.2433381123058549,92.1,-43.42666666666667
AUS,Australia,Oceania,Arid / Mediterranean,1960,Summer (DJF),25.83437152391546,1.2735521390610363,92.4,-39.15
AUS,Australia,Oceania,Arid / Mediterranean,1960,Winter (JJA),9.212795698924731,-0.32184348864994067,84.0,-25.933333333333334
AUS,Australia,Oceania,Arid / Mediterranean,1961,Autumn (MAM),17.579713261648745,0.11040143369175759,70.6,-48.906666666666666
AUS,Australia,Oceania,Arid / Mediterranean,1961,Spring (SON),18.442652329749105,1.7319665471923524,217.7,82.17333333333333
AUS,Australia,Oceania,Arid / Mediterranean,1961,Summer (DJF),24.754454685099848,0.19363530024542422,146.7,15.150000000000006
AUS,Australia,Oceania,Arid / Mediterranean,1961,Winter (JJA),10.084587813620072,0.5499486260454004,130.8,20.866666666666667
AUS,Australia,Oceania,Arid / Mediterranean,1962,Autumn (MAM),17.66698924731183,0.1976774193548394,88.6,-30.906666666666666
AUS,Australia,Oceania,Arid / Mediterranean,1962,Spring (SON),17.543118279569892,0.8324324970131413,84.0,-51.52666666666667
AUS,Australia,Oceania,Arid / Mediterranean,1962,Summer (DJF),23.757296466973887,-0.8035229178805364,120.0,-11.550000000000004
AUS,Australia,Oceania,Arid / Mediterranean,1962,Winter (JJA),10.482114695340503,0.9474755077658313,82.9,-27.033333333333335
AUS,Australia,Oceania,Arid / Mediterranean,1963,Autumn (MAM),18.3184229390681,0.8491111111111133,139.0,19.49333333333334
AUS,Australia,Oceania,Arid / Mediterranean,1963,Spring (SON),17.09921146953405,0.38852568697729833,98.9,-36.626666666666665
AUS,Australia,Oceania,Arid / Mediterranean,1963,Summer (DJF),24.4684331797235,-0.09238620513092144,142.3,10.75000000000001
AUS,Australia,Oceania,Arid / Mediterranean,1963,Winter (JJA),9.38358422939068,-0.15105495818399048,153.2,43.26666666666665
AUS,Australia,Oceania,Arid / Mediterranean,1964,Autumn (MAM),18.090035842293908,0.6207240143369196,108.1,-11.406666666666656
AUS,Australia,Oceania,Arid / Mediterranean,1964,Spring (SON),16.36032258064516,-0.3503632019115912,209.3,73.77333333333334
AUS,Australia,Oceania,Arid / Mediterranean,1964,Summer (DJF),23.68553948832036,-0.8752798965340673,74.80000000000001,-56.74999999999999
AUS,Australia,Oceania,Arid / Mediterranean,1964,Winter (JJA),10.011146953405017,0.4765077658303465,109.1,-0.8333333333333357
AUS,Australia,Oceania,Arid / Mediterranean,1965,Autumn (MAM),17.62616487455197,0.15685304659498378,51.900000000000006,-67.60666666666665
AUS,Australia,Oceania,Arid / Mediterranean,1965,Spring (SON),18.34845878136201,1.6377729988052565,153.4,17.873333333333335
AUS,Australia,Oceania,Arid / Mediterranean,1965,Summer (DJF),25.373425499231953,0.8126061143775279,61.699999999999996,-69.85
AUS,Australia,Oceania,Arid / Mediterranean,1965,Winter (JJA),9.636666666666667,0.10202747909199535,105.60000000000001,-4.333333333333329
AUS,Australia,Oceania,Arid / Mediterranean,1966,Autumn (MAM),17.18853046594982,-0.2807813620071678,65.7,-53.80666666666666
AUS,Australia,Oceania,Arid / Mediterranean,1966,Spring (SON),16.314587813620072,-0.39609796893667887,160.1,24.57333333333333
AUS,Australia,Oceania,Arid / Mediterranean,1966,Summer (DJF),24.795890937019973,0.23507155216554665,87.2,-44.349999999999994
AUS,Australia,Oceania,Arid / Mediterranean,1966,Winter (JJA),8.893405017921147,-0.6412341696535243,95.80000000000001,-14.133333333333333
AUS,Australia,Oceania,Arid / Mediterranean,1967,Autumn (MAM),17.871756272401434,0.402444444444446,38.9,-80.60666666666665
AUS,Australia,Oceania,Arid / Mediterranean,1967,Spring (SON),17.873261648745522,1.162575866188769,56.3,-79.22666666666667
AUS,Australia,Oceania,Arid / Mediterranean,1967,Summer (DJF),25.447465437788015,0.8866460529335948,29.9,-101.65
AUS,Australia,Oceania,Arid / Mediterranean,1967,Winter (JJA),10.113548387096776,0.5789091995221032,79.39999999999999,-30.533333333333342
AUS,Australia,Oceania,Arid / Mediterranean,1968,Autumn (MAM),18.19530465949821,0.7259928315412209,142.7,23.193333333333342
AUS,Australia,Oceania,Arid / Mediterranean,1968,Spring (SON),17.182831541218636,0.47214575866188707,45.9,-89.62666666666668
AUS,Australia,Oceania,Arid / Mediterranean,1968,Summer (DJF),24.949944382647388,0.389124997792963,235.3,103.75
AUS,Australia,Oceania,Arid / Mediterranean,1968,Winter (JJA),8.799784946236558,-0.7348542413381125,81.6,-28.333333333333343
AUS,Australia,Oceania,Arid / Mediterranean,1969,Autumn (MAM),16.442437275985665,-1.0268745519713243,162.1,42.59333333333333
AUS,Australia,Oceania,Arid / Mediterranean,1969,Spring (SON),15.325232974910394,-1.3854528076463566,135.8,0.2733333333333263
AUS,Australia,Oceania,Arid / Mediterranean,1969,Summer (DJF),24.996351766513058,0.4355323816586356,116.5,-15.05
AUS,Australia,Oceania,Arid / Mediterranean,1969,Winter (JJA),9.751182795698925,0.21654360812425408,124.19999999999999,14.266666666666659
AUS,Australia,Oceania,Arid / Mediterranean,1970,Autumn (MAM),16.12197132616487,-1.3473405017921138,114.6,-4.906666666666666
AUS,Australia,Oceania,Arid / Mediterranean,1970,Spring (SON),15.864193548387098,-0.8464922341696539,182.0,46.47333333333332
AUS,Australia,Oceania,Arid / Mediterranean,1970,Summer (DJF),24.806105990783408,0.24528660592898652,48.7,-82.85
AUS,Australia,Oceania,Arid / Mediterranean,1970,Winter (JJA),9.487347670250896,-0.04729151732377564,70.4,-39.53333333333334
AUS,Australia,Oceania,Arid / Mediterranean,1971,Autumn (MAM),17.978494623655916,0.5091827956989269,40.599999999999994,-78.90666666666667
AUS,Australia,Oceania,Arid / Mediterranean,1971,Spring (SON),15.632903225806452,-1.0777825567503,144.8,9.273333333333326
AUS,Australia,Oceania,Arid / Mediterranean,1971,Summer (DJF),23.342549923195083,-1.2182694616593384,323.29999999999995,191.75
AUS,Australia,Oceania,Arid / Mediterranean,1971,Winter (JJA),8.599605734767026,-0.9350334528076457,97.80000000000001,-12.133333333333333
AUS,Australia,Oceania,Arid / Mediterranean,1972,Autumn (MAM),16.96064516129032,-0.508666666666666,49.4,-70.10666666666665
AUS,Australia,Oceania,Arid / Mediterranean,1972,Spring (SON),17.54673835125448,0.8360525686977294,109.7,-25.826666666666668
AUS,Australia,Oceania,Arid / Mediterranean,1972,Summer (DJF),23.636967000370785,-0.9238523844836403,153.79999999999998,22.249999999999996
AUS,Australia,Oceania,Arid / Mediterranean,1972,Winter (JJA),9.836093189964158,0.3014540023894862,62.7,-47.233333333333334
AUS,Australia,Oceania,Arid / Mediterranean,1973,Autumn (MAM),17.274444444444445,-0.19486738351254176,117.6,-1.906666666666652
AUS,Australia,Oceania,Arid / Mediterranean,1973,Spring (SON),16.175698924731183,-0.5349868578255693,269.5,133.97333333333333
AUS,Australia,Oceania,Arid / Mediterranean,1973,Summer (DJF),24.609024577572967,0.04820519271854096,193.4,61.85
AUS,Australia,Oceania,Arid / Mediterranean,1973,Winter (JJA),9.804229390681003,0.269590203106332,187.4,77.46666666666667
AUS,Australia,Oceania,Arid / Mediterranean,1974,Autumn (MAM),17.58279569892473,0.11348387096774222,203.39999999999998,83.89333333333335
AUS,Australia,Oceania,Arid / Mediterranean,1974,Spring (SON),14.536559139784947,-2.174126642771805,195.39999999999998,59.87333333333332
AUS,Australia,Oceania,Arid / Mediterranean,1974,Summer (DJF),23.546121351766516,-1.0146980330879103,163.5,31.950000000000003
AUS,Australia,Oceania,Arid / Mediterranean,1974,Winter (JJA),9.113225806451613,-0.42141338112305843,94.4,-15.533333333333342
AUS,Australia,Oceania,Arid / Mediterranean,1975,Autumn (MAM),17.345340501792112,-0.12397132616487383,54.7,-64.80666666666666
AUS,Australia,Oceania,Arid / Mediterranean,1975,Spring (SON),16.45942652329749,-0.2512592592592604,179.4,43.873333333333335
AUS,Australia,Oceania,Arid / Mediterranean,1975,Summer (DJF),24.810791090629802,0.24997170577537867,98.19999999999999,-33.35
AUS,Australia,Oceania,Arid / Mediterranean,1975,Winter (JJA),10.025770609318997,0.4911314217443247,119.6,9.666666666666664
AUS,Australia,Oceania,Arid / Mediterranean,1976,Autumn (MAM),16.87688172043011,-0.5924301075268801,21.5,-98.00666666666666
AUS,Australia,Oceania,Arid / Mediterranean,1976,Spring (SON),14.923369175627242,-1.7873166069295106,217.0,81.4733333333333
AUS,Australia,Oceania,Arid / Mediterranean,1976,Summer (DJF),23.44263997033741,-1.1181794145170123,266.8,135.25
AUS,Australia,Oceania,Arid / Mediterranean,1976,Winter (JJA),9.36078853046595,-0.17385065710872163,53.10000000000001,-56.83333333333333
AUS,Australia,Oceania,Arid / Mediterranean,1977,Autumn (MAM),16.40462365591398,-1.0646881720430088,199.0,79.49333333333337
AUS,Australia,Oceania,Arid / Mediterranean,1977,Spring (SON),17.874301075268818,1.1636152927120655,57.4,-78.12666666666667
AUS,Australia,Oceania,Arid / Mediterranean,1977,Summer (DJF),25.57695852534562,1.0161391404911981,110.60000000000001,-20.949999999999996
AUS,Australia,Oceania,Arid / Mediterranean,1977,Winter (JJA),9.15448028673835,-0.3801589008363206,37.5,-72.43333333333334
AUS,Australia,Oceania,Arid / Mediterranean,1978,Autumn (MAM),17.996200716845877,0.5268888888888897,176.7,57.193333333333335
AUS,Australia,Oceania,Arid / Mediterranean,1978,Spring (SON),15.997956989247314,-0.7127287933094385,160.6,25.07333333333333
AUS,Australia,Oceania,Arid / Mediterranean,1978,Summer (DJF),23.701920122887866,-0.8588992619665596,174.3,42.75
AUS,Australia,Oceania,Arid / Mediterranean,1978,Winter (JJA),8.843655913978495,-0.6909832735961766,171.6,61.66666666666666
AUS,Australia,Oceania,Arid / Mediterranean,1979,Autumn (MAM),16.950824372759858,-0.5184874551971296,122.0,2.4933333333333323
AUS,Australia,Oceania,Arid / Mediterranean,1979,Spring (SON),16.981648745519713,0.27096296296296235,102.69999999999999,-32.826666666666675
AUS,Australia,Oceania,Arid / Mediterranean,1979,Summer (DJF),26.73509984639017,2.1742804615357456,32.6,-98.94999999999999
AUS,Australia,Oceania,Arid / Mediterranean,1979,Winter (JJA),9.996666666666668,0.4620274790919954,68.4,-41.53333333333333
AUS,Australia,Oceania,Arid / Mediterranean,1980,Autumn (MAM),18.1968458781362,0.727534050179214,121.30000000000001,1.7933333333333437
AUS,Australia,Oceania,Arid / Mediterranean,1980,Spring (SON),18.587526881720432,1.8768410991636781,38.7,-96.82666666666667
AUS,Australia,Oceania,Arid / Mediterranean,1980,Summer (DJF),24.583240637745646,0.022421252891221616,135.7,4.150000000000006
AUS,Australia,Oceania,Arid / Mediterranean,1980,Winter (JJA),9.672114695340502,0.1374755077658308,91.7,-18.233333333333334
AUS,Australia,Oceania,Arid / Mediterranean,1981,Autumn (MAM),17.728028673835126,0.2587168458781382,84.8,-34.70666666666666
AUS,Australia,Oceania,Arid / Mediterranean,1981,Spring (SON),17.451397849462367,0.740712066905615,106.1,-29.42666666666667
AUS,Australia,Oceania,Arid / Mediterranean,1981,Summer (DJF),26.406720430107526,1.8459010452531028,93.9,-37.65
AUS,Australia,Oceania,Arid / Mediterranean,1981,Winter (JJA),9.350143369175628,-0.18449581839904403,163.6,53.66666666666665
AUS,Australia,Oceania,Arid / Mediterranean,1982,Autumn (MAM),17.253584229390682,-0.21572759856630577,109.69999999999999,-9.806666666666665
AUS,Australia,Oceania,Arid / Mediterranean,1982,Spring (SON),18.108960573476704,1.3982747909199507,46.300000000000004,-89.22666666666666
AUS,Australia,Oceania,Arid / Mediterranean,1982,Summer (DJF),26.47688172043011,1.9160623355756847,44.599999999999994,-86.95
AUS,Australia,Oceania,Arid / Mediterranean,1982,Winter (JJA),9.645806451612904,0.11116726403823247,29.9,-80.03333333333333
AUS,Australia,Oceania,Arid / Mediterranean,1983,Autumn (MAM),17.615985663082437,0.1466738351254501,250.6,131.09333333333333
AUS,Australia,Oceania,Arid / Mediterranean,1983,Spring (SON),16.139068100358426,-0.5716176821983273,167.39999999999998,31.87333333333332
AUS,Australia,Oceania,Arid / Mediterranean,1983,Summer (DJF),25.281566820276495,0.7207474354220729,127.0,-4.54999999999999
AUS,Australia,Oceania,Arid / Mediterranean,1983,Winter (JJA),9.197598566308244,-0.33704062126642764,134.5,24.56666666666666
AUS,Australia,Oceania,Arid / Mediterranean,1984,Autumn (MAM),16.317455197132617,-1.1518566308243716,62.199999999999996,-57.30666666666667
AUS,Australia,Oceania,Arid / Mediterranean,1984,Spring (SON),16.246236559139785,-0.4644492234169674,145.4,9.873333333333328
AUS,Australia,Oceania,Arid / Mediterranean,1984,Summer (DJF),22.53707823507601,-2.0237411497784143,257.3,125.75
AUS,Australia,Oceania,Arid / Mediterranean,1984,Winter (JJA),9.761182795698923,0.22654360812425325,143.8,33.86666666666666
AUS,Australia,Oceania,Arid / Mediterranean,1985,Autumn (MAM),17.546129032258065,0.07681720430107693,154.0,34.49333333333335
AUS,Australia,Oceania,Arid / Mediterranean,1985,Spring (SON),15.885878136200716,-0.824807646356034,219.3,83.77333333333333
AUS,Australia,Oceania,Arid / Mediterranean,1985,Summer (DJF),23.911751152073734,-0.6490682327806899,86.30000000000001,-45.24999999999999
AUS,Australia,Oceania,Arid / Mediterranean,1985,Winter (JJA),9.19695340501792,-0.3376857825567505,96.19999999999999,-13.733333333333341
AUS,Australia,Oceania,Arid / Mediterranean,1986,Autumn (MAM),18.76953405017921,1.3002222222222226,65.6,-53.906666666666666
AUS,Australia,Oceania,Arid / Mediterranean,1986,Spring (SON),15.377025089605736,-1.3336606929510164,156.3,20.773333333333326
AUS,Australia,Oceania,Arid / Mediterranean,1986,Summer (DJF),23.16643625192012,-1.3943831329343002,95.2,-36.349999999999994
AUS,Australia,Oceania,Arid / Mediterranean,1986,Winter (JJA),9.224982078853046,-0.3096571087216251,150.89999999999998,40.966666666666654
AUS,Australia,Oceania,Arid / Mediterranean,1987,Autumn (MAM),16.56451612903226,-0.9047956989247284,103.0,-16.50666666666666
AUS,Australia,Oceania,Arid / Mediterranean,1987,Spring (SON),16.897025089605734,0.18633930704898263,102.9,-32.626666666666665
AUS,Australia,Oceania,Arid / Mediterranean,1987,Summer (DJF),24.18133640552995,-0.37948297932447045,187.0,55.449999999999996
AUS,Australia,Oceania,Arid / Mediterranean,1987,Winter (JJA),9.924301075268817,0.389661887694146,141.3,31.366666666666667
AUS,Australia,Oceania,Arid / Mediterranean,1988,Autumn (MAM),17.99336917562724,0.524057347670252,141.1,21.593333333333337
AUS,Australia,Oceania,Arid / Mediterranean,1988,Spring (SON),17.195483870967742,0.48479808841099076,120.5,-15.02666666666667
AUS,Australia,Oceania,Arid / Mediterranean,1988,Summer (DJF),24.775231738969225,0.21441235411480028,179.2,47.650000000000006
AUS,Australia,Oceania,Arid / Mediterranean,1988,Winter (JJA),10.457132616487455,0.9224934289127837,156.0,46.06666666666666
AUS,Australia,Oceania,Arid / Mediterranean,1989,Autumn (MAM),17.8284229390681,0.35911111111111244,279.7,160.19333333333336
AUS,Australia,Oceania,Arid / Mediterranean,1989,Spring (SON),16.300394265232978,-0.4102915173237764,92.3,-43.226666666666674
AUS,Australia,Oceania,Arid / Mediterranean,1989,Summer (DJF),24.235099846390167,-0.3257195384642569,30.7,-100.85
AUS,Australia,Oceania,Arid / Mediterranean,1989,Winter (JJA),8.910358422939067,-0.624280764635604,107.19999999999999,-2.7333333333333414
AUS,Australia,Oceania,Arid / Mediterranean,1990,Autumn (MAM),17.793906810035843,0.32459498207885434,246.1,126.59333333333333
AUS,Australia,Oceania,Arid / Mediterranean,1990,Spring (SON),16.64910394265233,-0.06158183990442012,90.7,-44.82666666666667
AUS,Australia,Oceania,Arid / Mediterranean,1990,Summer (DJF),24.83225806451613,0.27143867966170515,130.0,-1.5499999999999972
AUS,Australia,Oceania,Arid / Mediterranean,1990,Winter (JJA),9.320716845878136,-0.21392234169653554,157.4,47.46666666666666
AUS,Australia,Oceania,Arid / Mediterranean,1991,Autumn (MAM),17.40272401433692,-0.06658781362006987,39.5,-80.00666666666666
AUS,Australia,Oceania,Arid / Mediterranean,1991,Spring (SON),17.111971326164873,0.40128554360812235,63.7,-71.82666666666667
AUS,Australia,Oceania,Arid / Mediterranean,1991,Summer (DJF),25.00272657450077,0.44190718964634473,144.70000000000002,13.150000000000013
AUS,Australia,Oceania,Arid / Mediterranean,1991,Winter (JJA),10.47888888888889,0.9442497013142178,107.69999999999999,-2.2333333333333414
AUS,Australia,Oceania,Arid / Mediterranean,1992,Autumn (MAM),17.365232974910395,-0.10407885304659341,48.4,-71.10666666666665
AUS,Australia,Oceania,Arid / Mediterranean,1992,Spring (SON),14.555232974910396,-2.155452807646356,189.7,54.17333333333334
AUS,Australia,Oceania,Arid / Mediterranean,1992,Summer (DJF),21.541564701520212,-3.0192546833342155,350.4,218.85
AUS,Australia,Oceania,Arid / Mediterranean,1992,Winter (JJA),9.217670250896058,-0.3169689366786142,113.69999999999999,3.7666666666666586
AUS,Australia,Oceania,Arid / Mediterranean,1993,Autumn (MAM),17.237813620071684,-0.23149820788530442,71.3,-48.206666666666656
AUS,Australia,Oceania,Arid / Mediterranean,1993,Spring (SON),15.861756272401434,-0.8489295101553171,153.20000000000002,17.673333333333332
AUS,Australia,Oceania,Arid / Mediterranean,1993,Summer (DJF),23.657181259600616,-0.9036381252538099,108.69999999999999,-22.85
AUS,Australia,Oceania,Arid / Mediterranean,1993,Winter (JJA),10.249390681003584,0.7147514934289134,138.0,28.066666666666677
AUS,Australia,Oceania,Arid / Mediterranean,1994,Autumn (MAM),16.44258064516129,-1.0267311827956977,54.0,-65.50666666666666
AUS,Australia,Oceania,Arid / Mediterranean,1994,Spring (SON),16.72397849462366,0.013292712066906631,95.0,-40.52666666666667
AUS,Australia,Oceania,Arid / Mediterranean,1994,Summer (DJF),25.087980030721965,0.5271606458675429,97.20000000000002,-34.349999999999994
AUS,Australia,Oceania,Arid / Mediterranean,1994,Winter (JJA),9.877204301075269,0.3425651135005972,28.3,-81.63333333333334
AUS,Australia,Oceania,Arid / Mediterranean,1995,Autumn (MAM),16.078243727598565,-1.3910681003584215,85.9,-33.606666666666655
AUS,Australia,Oceania,Arid / Mediterranean,1995,Spring (SON),16.650537634408604,-0.06014814814814843,167.4,31.873333333333335
AUS,Australia,Oceania,Arid / Mediterranean,1995,Summer (DJF),22.77342549923195,-1.7873938856224736,210.9,79.35000000000001
AUS,Australia,Oceania,Arid / Mediterranean,1995,Winter (JJA),9.997562724014337,0.4629235364396654,69.30000000000001,-40.63333333333333
AUS,Australia,Oceania,Arid / Mediterranean,1996,Autumn (MAM),16.461290322580645,-1.0080215053763422,105.3,-14.20666666666666
AUS,Australia,Oceania,Arid / Mediterranean,1996,Spring (SON),15.78146953405018,-0.929216248506572,132.0,-3.526666666666678
AUS,Australia,Oceania,Arid / Mediterranean,1996,Summer (DJF),22.99136077122729,-1.5694586136271351,124.4,-7.149999999999999
AUS,Australia,Oceania,Arid / Mediterranean,1996,Winter (JJA),9.831003584229391,0.2963643966547191,159.9,49.96666666666666
AUS,Australia,Oceania,Arid / Mediterranean,1997,Autumn (MAM),17.606559139784945,0.13724731182795877,47.5,-72.00666666666666
AUS,Australia,Oceania,Arid / Mediterranean,1997,Spring (SON),17.746308243727597,1.0356224611708467,153.2,17.673333333333332
AUS,Australia,Oceania,Arid / Mediterranean,1997,Summer (DJF),25.867895545314898,1.3070761604604766,75.9,-55.64999999999999
AUS,Australia,Oceania,Arid / Mediterranean,1997,Winter (JJA),9.194982078853046,-0.33965710872162563,99.60000000000001,-10.333333333333332
AUS,Australia,Oceania,Arid / Mediterranean,1998,Autumn (MAM),17.94562724014337,0.4763154121863818,95.9,-23.606666666666655
AUS,Australia,Oceania,Arid / Mediterranean,1998,Spring (SON),15.924516129032257,-0.786169653524493,191.9,56.37333333333333
AUS,Australia,Oceania,Arid / Mediterranean,1998,Summer (DJF),25.07062211981567,0.5098027349612456,97.9,-33.64999999999999
AUS,Australia,Oceania,Arid / Mediterranean,1998,Winter (JJA),9.809928315412186,0.2752891278375144,186.2,76.26666666666667
AUS,Australia,Oceania,Arid / Mediterranean,1999,Autumn (MAM),16.555483870967745,-0.9138279569892447,91.69999999999999,-27.80666666666667
AUS,Australia,Oceania,Arid / Mediterranean,1999,Spring (SON),16.358888888888888,-0.3517968936678617,176.5,40.973333333333336
AUS,Australia,Oceania,Arid / Mediterranean,1999,Summer (DJF),24.372043010752687,-0.1887763741017364,133.1,1.5500000000000043
AUS,Australia,Oceania,Arid / Mediterranean,1999,Winter (JJA),9.978709677419355,0.4440704898446839,105.7,-4.233333333333334
AUS,Australia,Oceania,Arid / Mediterranean,2000,Autumn (MAM),16.948387096774194,-0.5209247311827946,175.5,55.99333333333333
AUS,Australia,Oceania,Arid / Mediterranean,2000,Spring (SON),16.808172043010753,0.09748626045400084,158.8,23.273333333333323
AUS,Australia,Oceania,Arid / Mediterranean,2000,Summer (DJF),24.080830552465702,-0.47998883238872025,63.800000000000004,-67.75
AUS,Australia,Oceania,Arid / Mediterranean,2000,Winter (JJA),8.956415770609318,-0.578223416965353,89.5,-20.43333333333334
AUS,Australia,Oceania,Arid / Mediterranean,2001,Autumn (MAM),16.73767025089606,-0.7316415770609298,119.0,-0.5066666666666535
AUS,Australia,Oceania,Arid / Mediterranean,2001,Spring (SON),16.49225806451613,-0.21842771804062208,90.30000000000001,-45.22666666666667
AUS,Australia,Oceania,Arid / Mediterranean,2001,Summer (DJF),25.873617511520738,1.3127981266663145,52.2,-79.35
AUS,Australia,Oceania,Arid / Mediterranean,2001,Winter (JJA),9.54784946236559,0.01321027479091974,109.30000000000001,-0.6333333333333329
AUS,Australia,Oceania,Arid / Mediterranean,2002,Autumn (MAM),17.980931899641575,0.5116200716845883,46.2,-73.30666666666666
AUS,Australia,Oceania,Arid / Mediterranean,2002,Spring (SON),19.122329749103944,2.4116439665471927,41.3,-94.22666666666667
AUS,Australia,Oceania,Arid / Mediterranean,2002,Summer (DJF),24.168548387096774,-0.39227099775765,142.1,10.549999999999994
AUS,Australia,Oceania,Arid / Mediterranean,2002,Winter (JJA),10.318888888888889,0.7842497013142177,29.699999999999996,-80.23333333333333
AUS,Australia,Oceania,Arid / Mediterranean,2003,Autumn (MAM),17.350250896057346,-0.11906093189964,70.5,-49.00666666666666
AUS,Australia,Oceania,Arid / Mediterranean,2003,Spring (SON),16.539390681003585,-0.1712951015531671,63.2,-72.32666666666667
AUS,Australia,Oceania,Arid / Mediterranean,2003,Summer (DJF),26.66409370199693,2.1032743171425032,126.5,-5.04999999999999
AUS,Australia,Oceania,Arid / Mediterranean,2003,Winter (JJA),10.195985663082437,0.6613464755077659,132.6,22.66666666666666
AUS,Australia,Oceania,Arid / Mediterranean,2004,Autumn (MAM),17.75293906810036,0.28362724014337165,17.4,-102.10666666666665
AUS,Australia,Oceania,Arid / Mediterranean,2004,Spring (SON),17.26415770609319,0.5534719235364385,100.5,-35.02666666666667
AUS,Australia,Oceania,Arid / Mediterranean,2004,Summer (DJF),25.527845754542085,0.9670263696876612,144.8,13.25
AUS,Australia,Oceania,Arid / Mediterranean,2004,Winter (JJA),9.987598566308243,0.4529593787335718,83.10000000000001,-26.833333333333332
AUS,Australia,Oceania,Arid / Mediterranean,2005,Autumn (MAM),18.927204301075268,1.457892473118281,13.100000000000001,-106.40666666666667
AUS,Australia,Oceania,Arid / Mediterranean,2005,Spring (SON),16.905913978494624,0.19522819593787233,178.0,42.47333333333333
AUS,Australia,Oceania,Arid / Mediterranean,2005,Summer (DJF),25.17926267281106,0.6184432879566361,64.3,-67.25
AUS,Australia,Oceania,Arid / Mediterranean,2005,Winter (JJA),10.666451612903225,1.131812425328554,159.8,49.86666666666666
AUS,Australia,Oceania,Arid / Mediterranean,2006,Autumn (MAM),17.080179211469535,-0.38913261648745373,16.9,-102.60666666666665
AUS,Australia,Oceania,Arid / Mediterranean,2006,Spring (SON),19.379964157706095,2.6692783751493425,12.2,-123.32666666666667
AUS,Australia,Oceania,Arid / Mediterranean,2006,Summer (DJF),26.91290322580645,2.352083840952028,64.5,-67.05000000000001
AUS,Australia,Oceania,Arid / Mediterranean,2006,Winter (JJA),9.679318996415772,0.14467980884109957,81.9,-28.03333333333334
AUS,Australia,Oceania,Arid / Mediterranean,2007,Autumn (MAM),19.091326164874552,1.6220143369175635,90.1,-29.40666666666666
AUS,Australia,Oceania,Arid / Mediterranean,2007,Spring (SON),18.546810035842295,1.8361242532855424,121.1,-14.426666666666677
AUS,Australia,Oceania,Arid / Mediterranean,2007,Summer (DJF),25.63375576036866,1.0729363755142398,175.8,44.25
AUS,Australia,Oceania,Arid / Mediterranean,2007,Winter (JJA),9.980752688172045,0.446113500597372,56.3,-53.63333333333334
AUS,Australia,Oceania,Arid / Mediterranean,2008,Autumn (MAM),17.261326164874554,-0.20798566308243474,51.6,-67.90666666666667
AUS,Australia,Oceania,Arid / Mediterranean,2008,Spring (SON),18.228387096774195,1.517701314217442,81.1,-54.42666666666667
AUS,Australia,Oceania,Arid / Mediterranean,2008,Summer (DJF),23.928772710418983,-0.6320466744354398,117.5,-14.050000000000004
AUS,Australia,Oceania,Arid / Mediterranean,2008,Winter (JJA),9.870967741935484,0.3363285543608126,86.1,-23.833333333333343
AUS,Australia,Oceania,Arid / Mediterranean,2009,Autumn (MAM),17.85383512544803,0.3845232974910419,63.6,-55.90666666666666
AUS,Australia,Oceania,Arid / Mediterranean,2009,Spring (SON),19.388028673835123,2.6773428912783737,39.400000000000006,-96.12666666666668
AUS,Australia,Oceania,Arid / Mediterranean,2009,Summer (DJF),26.378801843317973,1.8179824584635493,121.10000000000002,-10.449999999999982
AUS,Australia,Oceania,Arid / Mediterranean,2009,Winter (JJA),10.569283154121864,1.0346439665471923,97.3,-12.63333333333334
AUS,Australia,Oceania,Arid / Mediterranean,2010,Autumn (MAM),17.46236559139785,-0.006946236559137731,135.4,15.893333333333345
AUS,Australia,Oceania,Arid / Mediterranean,2010,Spring (SON),16.181756272401433,-0.5289295101553169,248.7,113.17333333333333
AUS,Australia,Oceania,Arid / Mediterranean,2010,Summer (DJF),24.543125960061445,-0.01769342479297838,261.5,129.95
AUS,Australia,Oceania,Arid / Mediterranean,2010,Winter (JJA),9.57268817204301,0.0380489844683396,112.9,2.9666666666666615
AUS,Australia,Oceania,Arid / Mediterranean,2011,Autumn (MAM),15.998566308243726,-1.4707455197132606,106.9,-12.606666666666658
AUS,Australia,Oceania,Arid / Mediterranean,2011,Spring (SON),17.70215053763441,0.9914647550776579,153.29999999999998,17.77333333333332
AUS,Australia,Oceania,Arid / Mediterranean,2011,Summer (DJF),24.302880184331798,-0.25793920052262703,146.6,15.050000000000004
AUS,Australia,Oceania,Arid / Mediterranean,2011,Winter (JJA),10.220071684587815,0.6854324970131428,62.2,-47.733333333333334
AUS,Australia,Oceania,Arid / Mediterranean,2012,Autumn (MAM),15.924121863799284,-1.5451899641577047,167.79999999999998,48.29333333333333
AUS,Australia,Oceania,Arid / Mediterranean,2012,Spring (SON),18.09863799283154,1.3879522102747892,60.0,-75.52666666666669
AUS,Australia,Oceania,Arid / Mediterranean,2012,Summer (DJF),24.12480533926585,-0.43601404558857365,172.2,40.65
AUS,Australia,Oceania,Arid / Mediterranean,2012,Winter (JJA),9.517670250896058,-0.0169689366786141,94.39999999999999,-15.533333333333342
AUS,Australia,Oceania,Arid / Mediterranean,2013,Autumn (MAM),17.874910394265232,0.4055985663082448,42.1,-77.40666666666665
AUS,Australia,Oceania,Arid / Mediterranean,2013,Spring (SON),18.093189964157705,1.3825041816009556,51.2,-84.32666666666667
AUS,Australia,Oceania,Arid / Mediterranean,2013,Summer (DJF),26.728302611367127,2.167483226512703,74.3,-57.25
AUS,Australia,Oceania,Arid / Mediterranean,2013,Winter (JJA),10.55236559139785,1.0177264038231784,151.2,41.26666666666666
AUS,Australia,Oceania,Arid / Mediterranean,2014,Autumn (MAM),17.90189964157706,0.4325878136200731,188.9,69.39333333333335
AUS,Australia,Oceania,Arid / Mediterranean,2014,Spring (SON),19.24336917562724,2.53268339307049,64.60000000000001,-70.92666666666666
AUS,Australia,Oceania,Arid / Mediterranean,2014,Summer (DJF),26.365706605222737,1.804887220368311,148.1,16.549999999999997
AUS,Australia,Oceania,Arid / Mediterranean,2014,Winter (JJA),9.969677419354838,0.4350382317801671,67.0,-42.93333333333334
AUS,Australia,Oceania,Arid / Mediterranean,2015,Autumn (MAM),17.50383512544803,0.03452329749104166,82.80000000000001,-36.706666666666656
AUS,Australia,Oceania,Arid / Mediterranean,2015,Spring (SON),18.67014336917563,1.9594575866188773,136.5,0.9733333333333221
AUS,Australia,Oceania,Arid / Mediterranean,2015,Summer (DJF),25.667857142857144,1.1070377580027184,92.8,-38.75
AUS,Australia,Oceania,Arid / Mediterranean,2015,Winter (JJA),9.269139784946235,-0.265499402628435,177.5,67.56666666666666
AUS,Australia,Oceania,Arid / Mediterranean,2016,Autumn (MAM),19.550752688172043,2.081440860215055,117.2,-2.3066666666666613
AUS,Australia,Oceania,Arid / Mediterranean,2016,Spring (SON),16.06258064516129,-0.6481051373954619,151.2,15.673333333333328
AUS,Australia,Oceania,Arid / Mediterranean,2016,Summer (DJF),25.7715609936967,1.2107416088422767,105.8,-25.75
AUS,Australia,Oceania,Arid / Mediterranean,2016,Winter (JJA),10.394516129032256,0.8598769414575855,262.0,152.06666666666666
AUS,Australia,Oceania,Arid / Mediterranean,2017,Autumn (MAM),17.533655913978496,0.06434408602150654,103.7,-15.806666666666661
AUS,Australia,Oceania,Arid / Mediterranean,2017,Spring (SON),18.136272401433693,1.4255866188769424,78.9,-56.62666666666667
AUS,Australia,Oceania,Arid / Mediterranean,2017,Summer (DJF),26.347043010752685,1.7862236258982627,83.5,-48.05
AUS,Australia,Oceania,Arid / Mediterranean,2017,Winter (JJA),8.849175627240143,-0.6854635603345282,49.8,-60.13333333333334
AUS,Australia,Oceania,Arid / Mediterranean,2018,Autumn (MAM),19.322759856630825,1.8534480286738375,15.0,-104.50666666666666
AUS,Australia,Oceania,Arid / Mediterranean,2018,Spring (SON),17.756021505376346,1.0453357228195947,119.5,-16.02666666666667
AUS,Australia,Oceania,Arid / Mediterranean,2018,Summer (DJF),26.394278033794166,1.8334586489397395,32.8,-98.75
AUS,Australia,Oceania,Arid / Mediterranean,2018,Winter (JJA),9.560250896057347,0.025611708482676576,59.1,-50.83333333333334
AUS,Australia,Oceania,Arid / Mediterranean,2019,Autumn (MAM),18.307455197132615,0.8381433691756275,59.199999999999996,-60.306666666666665
AUS,Australia,Oceania,Arid / Mediterranean,2019,Spring (SON),18.52483870967742,1.8141529271206682,32.8,-102.72666666666666
AUS,Australia,Oceania,Arid / Mediterranean,2019,Summer (DJF),28.136712749615977,3.5758933647615527,16.7,-114.85
AUS,Australia,Oceania,Arid / Mediterranean,2019,Winter (JJA),9.62551971326165,0.09088052568697809,50.7,-59.233333333333334
AUS,Australia,Oceania,Arid / Mediterranean,2020,Autumn (MAM),15.912831541218637,-1.5564802867383498,197.2,77.69333333333333
AUS,Australia,Oceania,Arid / Mediterranean,2020,Spring (SON),18.035555555555554,1.3248697729988035,111.8,-23.726666666666667
AUS,Australia,Oceania,Arid / Mediterranean,2020,Summer (DJF),25.128921023359286,0.5681016385048648,87.6,-43.95
AUS,Australia,Oceania,Arid / Mediterranean,2020,Winter (JJA),9.055089605734766,-0.4795495818399041,126.1,16.166666666666664
AUS,Australia,Oceania,Arid / Mediterranean,2021,Autumn (MAM),15.913297491039428,-1.5560143369175605,169.5,49.99333333333334
AUS,Australia,Oceania,Arid / Mediterranean,2021,Spring (SON),15.398100358422939,-1.3125854241338117,250.7,115.17333333333332
AUS,Australia,Oceania,Arid / Mediterranean,2021,Summer (DJF),23.4468509984639,-1.1139683863905223,151.1,19.550000000000004
AUS,Australia,Oceania,Arid / Mediterranean,2021,Winter (JJA),9.478602150537634,-0.05603703703703644,141.9,31.96666666666667
AUS,Australia,Oceania,Arid / Mediterranean,2022,Autumn (MAM),17.413978494623656,-0.05533333333333109,216.0,96.49333333333333
AUS,Australia,Oceania,Arid / Mediterranean,2022,Spring (SON),14.702544802867385,-2.008140979689367,329.8,194.2733333333333
AUS,Australia,Oceania,Arid / Mediterranean,2022,Summer (DJF),23.05015360983103,-1.5106657750233954,130.2,-1.3500000000000014
AUS,Australia,Oceania,Arid / Mediterranean,2022,Winter (JJA),9.615017921146952,0.08037873357228224,130.7,20.766666666666662
AUS,Australia,Oceania,Arid / Mediterranean,2023,Autumn (MAM),16.637813620071686,-0.8314982078853035,73.2,-46.30666666666666
AUS,Australia,Oceania,Arid / Mediterranean,2023,Spring (SON),18.388637992831544,1.6779522102747915,102.2,-33.326666666666675
AUS,Australia,Oceania,Arid / Mediterranean,2023,Summer (DJF),24.875652841781875,0.3148334569274513,95.30000000000001,-36.24999999999999
AUS,Australia,Oceania,Arid / Mediterranean,2023,Winter (JJA),10.134695340501793,0.6000561529271208,106.2,-3.733333333333338
BRA,Brazil,South America,Tropical / Savannah,1960,Autumn (MAM),20.301863799283154,-0.3742054958183978,430.40000000000003,122.8766666666667
BRA,Brazil,South America,Tropical / Savannah,1960,Spring (SON),24.31028673835125,2.249636798088408,387.29999999999995,-71.94666666666666
BRA,Brazil,South America,Tropical / Savannah,1960,Summer (DJF),21.249128661475712,-0.007704415841235601,989.3,249.14333333333335
BRA,Brazil,South America,Tropical / Savannah,1960,Winter (JJA),19.314480286738352,-0.30723655913978476,0.2,-18.35333333333333
BRA,Brazil,South America,Tropical / Savannah,1961,Autumn (MAM),22.108136200716846,1.4320669056152926,254.9,-52.62333333333331
BRA,Brazil,South America,Tropical / Savannah,1961,Spring (SON),26.350716845878136,4.290066905615291,96.80000000000001,-362.4466666666666
BRA,Brazil,South America,Tropical / Savannah,1961,Summer (DJF),21.45353302611367,0.1966999487967224,841.3,101.14333333333335
BRA,Brazil,South America,Tropical / Savannah,1961,Winter (JJA),20.491505376344087,0.8697885304659501,0.6,-17.953333333333333
BRA,Brazil,South America,Tropical / Savannah,1962,Autumn (MAM),20.254731182795698,-0.42133811230585394,287.0,-20.523333333333326
BRA,Brazil,South America,Tropical / Savannah,1962,Spring (SON),22.262795698924734,0.20214575866188747,571.7,112.45333333333338
BRA,Brazil,South America,Tropical / Savannah,1962,Summer (DJF),20.59247311827957,-0.6643599590373791,1078.8,338.6433333333333
BRA,Brazil,South America,Tropical / Savannah,1962,Winter (JJA),20.2131541218638,0.5914372759856631,1.4000000000000001,-17.153333333333336
BRA,Brazil,South America,Tropical / Savannah,1963,Autumn (MAM),20.203799283154122,-0.47227001194743085,231.4,-76.12333333333332
BRA,Brazil,South America,Tropical / Savannah,1963,Spring (SON),25.27451612903226,3.2138661887694133,220.70000000000002,-238.54666666666665
BRA,Brazil,South America,Tropical / Savannah,1963,Summer (DJF),21.40384024577573,0.14700716845878029,741.9,1.7433333333333394
BRA,Brazil,South America,Tropical / Savannah,1963,Winter (JJA),19.823548387096775,0.20183154121863703,0.0,-18.553333333333335
BRA,Brazil,South America,Tropical / Savannah,1964,Autumn (MAM),20.310788530465953,-0.3652807646356031,325.2,17.67666666666668
BRA,Brazil,South America,Tropical / Savannah,1964,Spring (SON),20.87942652329749,-1.1812234169653557,680.9,221.65333333333336
BRA,Brazil,South America,Tropical / Savannah,1964,Summer (DJF),20.18698553948832,-1.069847537828629,1345.2,605.0433333333333
BRA,Brazil,South America,Tropical / Savannah,1964,Winter (JJA),19.41025089605735,-0.211465949820789,4.8999999999999995,-13.653333333333334
BRA,Brazil,South America,Tropical / Savannah,1965,Autumn (MAM),19.99878136200717,-0.677287933094385,453.4,145.87666666666667
BRA,Brazil,South America,Tropical / Savannah,1965,Spring (SON),22.279068100358426,0.21841816009557746,646.1,186.85333333333335
BRA,Brazil,South America,Tropical / Savannah,1965,Summer (DJF),20.93790322580645,-0.3189298515104966,823.5,83.34333333333333
BRA,Brazil,South America,Tropical / Savannah,1965,Winter (JJA),19.352831541218638,-0.26888530465949856,27.900000000000002,9.346666666666668
BRA,Brazil,South America,Tropical / Savannah,1966,Autumn (MAM),19.722759856630823,-0.9533094384707302,318.0,10.476666666666688
BRA,Brazil,South America,Tropical / Savannah,1966,Spring (SON),21.369964157706093,-0.6906857825567521,514.1,54.85333333333335
BRA,Brazil,South America,Tropical / Savannah,1966,Summer (DJF),21.246620583717355,-0.01021249359959242,963.9,223.7433333333333
BRA,Brazil,South America,Tropical / Savannah,1966,Winter (JJA),18.66731182795699,-0.9544050179211491,2.6,-15.953333333333333
BRA,Brazil,South America,Tropical / Savannah,1967,Autumn (MAM),20.185770609318997,-0.4902986857825577,321.4,13.87666666666668
BRA,Brazil,South America,Tropical / Savannah,1967,Spring (SON),22.233082437275986,0.17243249701314056,249.5,-209.74666666666667
BRA,Brazil,South America,Tropical / Savannah,1967,Summer (DJF),21.282526881720432,0.025693804403482307,720.8,-19.356666666666683
BRA,Brazil,South America,Tropical / Savannah,1967,Winter (JJA),19.121505376344086,-0.5002114695340509,0.4,-18.153333333333336
BRA,Brazil,South America,Tropical / Savannah,1968,Autumn (MAM),19.714767025089603,-0.9613022700119487,198.7,-108.82333333333332
BRA,Brazil,South America,Tropical / Savannah,1968,Spring (SON),21.38637992831541,-0.6742700119474314,561.1,101.85333333333335
BRA,Brazil,South America,Tropical / Savannah,1968,Summer (DJF),20.44964775676678,-0.8071853205501706,730.5999999999999,-9.5566666666667
BRA,Brazil,South America,Tropical / Savannah,1968,Winter (JJA),18.459856630824373,-1.161860215053763,9.2,-9.353333333333333
BRA,Brazil,South America,Tropical / Savannah,1969,Autumn (MAM),21.442186379928316,0.7661170848267614,184.0,-123.52333333333334
BRA,Brazil,South America,Tropical / Savannah,1969,Spring (SON),23.01200716845878,0.9513572281959372,378.6,-80.64666666666665
BRA,Brazil,South America,Tropical / Savannah,1969,Summer (DJF),21.67557603686636,0.41874295954940993,641.1,-99.05666666666663
BRA,Brazil,South America,Tropical / Savannah,1969,Winter (JJA),19.812186379928317,0.1904695340501791,1.1,-17.453333333333333
BRA,Brazil,South America,Tropical / Savannah,1970,Autumn (MAM),21.23068100358423,0.554611708482677,185.2,-122.32333333333332
BRA,Brazil,South America,Tropical / Savannah,1970,Spring (SON),21.767025089605735,-0.2936248506571104,472.4,13.153333333333336
BRA,Brazil,South America,Tropical / Savannah,1970,Summer (DJF),21.729608294930873,0.47277521761392666,516.7,-223.45666666666665
BRA,Brazil,South America,Tropical / Savannah,1970,Winter (JJA),19.628673835125447,0.006956989247310474,2.4,-16.153333333333336
BRA,Brazil,South America,Tropical / Savannah,1971,Autumn (MAM),20.85598566308244,0.17991636798088587,294.5,-13.023333333333316
BRA,Brazil,South America,Tropical / Savannah,1971,Spring (SON),20.476487455197134,-1.5841624850657112,734.4,275.1533333333333
BRA,Brazil,South America,Tropical / Savannah,1971,Summer (DJF),21.80103686635945,0.5442037890424984,533.6,-206.55666666666667
BRA,Brazil,South America,Tropical / Savannah,1971,Winter (JJA),19.58405017921147,-0.0376666666666677,38.7,20.146666666666665
BRA,Brazil,South America,Tropical / Savannah,1972,Autumn (MAM),20.413440860215054,-0.26262843488649895,401.0,93.47666666666667
BRA,Brazil,South America,Tropical / Savannah,1972,Spring (SON),22.29433691756272,0.23368697729987886,518.0,58.75333333333333
BRA,Brazil,South America,Tropical / Savannah,1972,Summer (DJF),21.820912124582872,0.5640790472659228,640.6,-99.55666666666664
BRA,Brazil,South America,Tropical / Savannah,1972,Winter (JJA),20.329784946236558,0.7080681003584223,4.2,-14.353333333333333
BRA,Brazil,South America,Tropical / Savannah,1973,Autumn (MAM),21.37888888888889,0.7028195937873368,310.3,2.776666666666678
BRA,Brazil,South America,Tropical / Savannah,1973,Spring (SON),21.353010752688174,-0.7076391875746731,826.9000000000001,367.6533333333333
BRA,Brazil,South America,Tropical / Savannah,1973,Summer (DJF),22.126766513056836,0.8699334357398882,481.5,-258.65666666666664
BRA,Brazil,South America,Tropical / Savannah,1973,Winter (JJA),21.056021505376343,1.4343046594982063,6.000000000000001,-12.553333333333335
BRA,Brazil,South America,Tropical / Savannah,1974,Autumn (MAM),20.08584229390681,-0.5902270011947431,513.3000000000001,205.7766666666667
BRA,Brazil,South America,Tropical / Savannah,1974,Spring (SON),21.936021505376345,-0.12462843488650084,341.9,-117.34666666666666
BRA,Brazil,South America,Tropical / Savannah,1974,Summer (DJF),21.17980030721966,-0.07703277009728637,577.1,-163.05666666666664
BRA,Brazil,South America,Tropical / Savannah,1974,Winter (JJA),18.987347670250898,-0.6343691756272397,13.299999999999999,-5.253333333333335
BRA,Brazil,South America,Tropical / Savannah,1975,Autumn (MAM),20.49132616487455,-0.18474313022700173,231.9,-75.62333333333332
BRA,Brazil,South America,Tropical / Savannah,1975,Spring (SON),21.731971326164878,-0.32867861409796956,439.6,-19.646666666666675
BRA,Brazil,South America,Tropical / Savannah,1975,Summer (DJF),21.18179723502304,-0.07503584229390725,564.0,-176.15666666666667
BRA,Brazil,South America,Tropical / Savannah,1975,Winter (JJA),19.183727598566307,-0.43798924731182964,7.1,-11.453333333333333
BRA,Brazil,South America,Tropical / Savannah,1976,Autumn (MAM),20.57082437275986,-0.10524492234169595,304.6,-2.923333333333318
BRA,Brazil,South America,Tropical / Savannah,1976,Spring (SON),20.90204301075269,-1.1586069295101566,544.7,85.45333333333336
BRA,Brazil,South America,Tropical / Savannah,1976,Summer (DJF),21.17853170189099,-0.0783013754259585,616.0,-124.1566666666667
BRA,Brazil,South America,Tropical / Savannah,1976,Winter (JJA),20.227491039426525,0.6057741935483882,5.300000000000001,-13.253333333333334
BRA,Brazil,South America,Tropical / Savannah,1977,Autumn (MAM),20.776200716845878,0.10013142174432588,267.59999999999997,-39.923333333333325
BRA,Brazil,South America,Tropical / Savannah,1977,Spring (SON),21.939892473118277,-0.12075746714456652,481.2,21.953333333333333
BRA,Brazil,South America,Tropical / Savannah,1977,Summer (DJF),20.924539170506915,-0.3322939068100356,680.9000000000001,-59.25666666666662
BRA,Brazil,South America,Tropical / Savannah,1977,Winter (JJA),20.276021505376345,0.6543046594982064,24.6,6.046666666666666
BRA,Brazil,South America,Tropical / Savannah,1978,Autumn (MAM),20.28799283154122,-0.3880764635603337,379.0,71.47666666666666
BRA,Brazil,South America,Tropical / Savannah,1978,Spring (SON),21.917670250896055,-0.14297968936678865,376.4,-82.84666666666666
BRA,Brazil,South America,Tropical / Savannah,1978,Summer (DJF),21.143970814132103,-0.11286226318484438,803.4,63.24333333333334
BRA,Brazil,South America,Tropical / Savannah,1978,Winter (JJA),19.155304659498206,-0.4664121863799302,14.7,-3.8533333333333344
BRA,Brazil,South America,Tropical / Savannah,1979,Autumn (MAM),20.706630824372763,0.030561529271206922,317.9,10.376666666666669
BRA,Brazil,South America,Tropical / Savannah,1979,Spring (SON),21.838602150537636,-0.22204778972521075,493.6,34.35333333333338
BRA,Brazil,South America,Tropical / Savannah,1979,Summer (DJF),20.808602150537634,-0.4482309267793146,1104.8,364.6433333333333
BRA,Brazil,South America,Tropical / Savannah,1979,Winter (JJA),19.117311827956986,-0.5044050179211487,39.099999999999994,20.546666666666663
BRA,Brazil,South America,Tropical / Savannah,1980,Autumn (MAM),20.515806451612903,-0.16026284348865025,228.7,-78.82333333333334
BRA,Brazil,South America,Tropical / Savannah,1980,Spring (SON),22.019534050179214,-0.04111589008363244,486.29999999999995,27.053333333333327
BRA,Brazil,South America,Tropical / Savannah,1980,Summer (DJF),20.553466814979608,-0.7033662623373415,1070.7,330.5433333333334
BRA,Brazil,South America,Tropical / Savannah,1980,Winter (JJA),19.938279569892472,0.31656272401433466,6.8999999999999995,-11.653333333333334
BRA,Brazil,South America,Tropical / Savannah,1981,Autumn (MAM),20.02978494623656,-0.646284348864994,392.20000000000005,84.6766666666667
BRA,Brazil,South America,Tropical / Savannah,1981,Spring (SON),21.612222222222226,-0.4484277180406231,574.0,114.75333333333336
BRA,Brazil,South America,Tropical / Savannah,1981,Summer (DJF),21.493241167434718,0.23640809011776773,568.2,-171.95666666666668
BRA,Brazil,South America,Tropical / Savannah,1981,Winter (JJA),18.830465949820788,-0.7912508960573478,23.0,4.446666666666665
BRA,Brazil,South America,Tropical / Savannah,1982,Autumn (MAM),19.854982078853045,-0.8210872162485074,399.9,92.37666666666667
BRA,Brazil,South America,Tropical / Savannah,1982,Spring (SON),22.21709677419355,0.15644683393070244,402.5,-56.74666666666664
BRA,Brazil,South America,Tropical / Savannah,1982,Summer (DJF),21.22945468509985,-0.027378392217102032,701.6,-38.55666666666664
BRA,Brazil,South America,Tropical / Savannah,1982,Winter (JJA),20.095555555555553,0.47383870967741853,31.599999999999998,13.046666666666665
BRA,Brazil,South America,Tropical / Savannah,1983,Autumn (MAM),21.114587813620073,0.4385185185185172,398.8,91.2766666666667
BRA,Brazil,South America,Tropical / Savannah,1983,Spring (SON),21.657455197132617,-0.4031947431302297,519.3,60.05333333333334
BRA,Brazil,South America,Tropical / Savannah,1983,Summer (DJF),20.722811059907837,-0.5340220174091131,856.6,116.44333333333336
BRA,Brazil,South America,Tropical / Savannah,1983,Winter (JJA),20.11078853046595,0.48907168458781314,19.400000000000002,0.8466666666666658
BRA,Brazil,South America,Tropical / Savannah,1984,Autumn (MAM),21.129713261648746,0.45364396654719147,383.40000000000003,75.8766666666667
BRA,Brazil,South America,Tropical / Savannah,1984,Spring (SON),21.467275985663083,-0.5933739545997613,331.6,-127.64666666666662
BRA,Brazil,South America,Tropical / Savannah,1984,Summer (DJF),21.92584352984798,0.6690104525310296,510.1,-230.05666666666667
BRA,Brazil,South America,Tropical / Savannah,1984,Winter (JJA),19.974480286738352,0.3527634408602142,69.7,51.14666666666666
BRA,Brazil,South America,Tropical / Savannah,1985,Autumn (MAM),20.774659498207885,0.09859020310633089,304.0,-3.5233333333333228
BRA,Brazil,South America,Tropical / Savannah,1985,Spring (SON),21.42379928315412,-0.6368506571087238,403.70000000000005,-55.54666666666664
BRA,Brazil,South America,Tropical / Savannah,1985,Summer (DJF),20.909754224270355,-0.3470788530465955,789.8,49.64333333333332
BRA,Brazil,South America,Tropical / Savannah,1985,Winter (JJA),18.900035842293907,-0.7216810035842313,0.2,-18.353333333333335
BRA,Brazil,South America,Tropical / Savannah,1986,Autumn (MAM),21.63283154121864,0.9567622461170847,163.5,-144.0233333333333
BRA,Brazil,South America,Tropical / Savannah,1986,Spring (SON),21.43706093189964,-0.6235890083632031,297.4,-161.84666666666664
BRA,Brazil,South America,Tropical / Savannah,1986,Summer (DJF),21.409216589861753,0.15238351254480165,598.8,-141.35666666666668
BRA,Brazil,South America,Tropical / Savannah,1986,Winter (JJA),19.489462365591397,-0.1322544802867386,68.1,49.54666666666666
BRA,Brazil,South America,Tropical / Savannah,1987,Autumn (MAM),20.783118279569894,0.10704898446833984,362.5,54.97666666666669
BRA,Brazil,South America,Tropical / Savannah,1987,Spring (SON),23.00032258064516,0.9396726403823159,332.8,-126.44666666666666
BRA,Brazil,South America,Tropical / Savannah,1987,Summer (DJF),21.69731182795699,0.4404787506400408,647.3,-92.85666666666668
BRA,Brazil,South America,Tropical / Savannah,1987,Winter (JJA),20.442974910394266,0.8212580645161284,16.5,-2.0533333333333337
BRA,Brazil,South America,Tropical / Savannah,1988,Autumn (MAM),21.572293906810035,0.8962246117084819,287.5,-20.02333333333332
BRA,Brazil,South America,Tropical / Savannah,1988,Spring (SON),22.05401433691756,-0.006635603345281756,348.8,-110.44666666666664
BRA,Brazil,South America,Tropical / Savannah,1988,Summer (DJF),21.786763070077864,0.529929992760915,681.5,-58.656666666666666
BRA,Brazil,South America,Tropical / Savannah,1988,Winter (JJA),18.865197132616487,-0.7565197132616497,11.9,-6.653333333333333
BRA,Brazil,South America,Tropical / Savannah,1989,Autumn (MAM),20.86089605734767,0.18482676224611674,223.0,-84.52333333333331
BRA,Brazil,South America,Tropical / Savannah,1989,Spring (SON),21.76989247311828,-0.29075746714456585,497.09999999999997,37.853333333333325
BRA,Brazil,South America,Tropical / Savannah,1989,Summer (DJF),20.8178955453149,-0.43893753200204816,958.8000000000001,218.64333333333337
BRA,Brazil,South America,Tropical / Savannah,1989,Winter (JJA),19.261182795698925,-0.3605340501792102,59.699999999999996,41.14666666666666
BRA,Brazil,South America,Tropical / Savannah,1990,Autumn (MAM),21.273870967741935,0.5978016726403818,302.9,-4.623333333333335
BRA,Brazil,South America,Tropical / Savannah,1990,Spring (SON),21.955806451612904,-0.10484348864994193,435.29999999999995,-23.94666666666666
BRA,Brazil,South America,Tropical / Savannah,1990,Summer (DJF),22.034562211981566,0.7777291346646168,415.6,-324.5566666666666
BRA,Brazil,South America,Tropical / Savannah,1990,Winter (JJA),19.845197132616487,0.22348028673835074,46.1,27.546666666666663
BRA,Brazil,South America,Tropical / Savannah,1991,Autumn (MAM),20.64849462365591,-0.027574671445640558,382.8,75.27666666666669
BRA,Brazil,South America,Tropical / Savannah,1991,Spring (SON),21.54433691756272,-0.5163130227001224,438.6,-20.64666666666666
BRA,Brazil,South America,Tropical / Savannah,1991,Summer (DJF),21.35464669738863,0.09781362007168326,844.9,104.74333333333334
BRA,Brazil,South America,Tropical / Savannah,1991,Winter (JJA),19.442652329749105,-0.1790645161290326,0.0,-18.553333333333335
BRA,Brazil,South America,Tropical / Savannah,1992,Autumn (MAM),21.323763440860215,0.6476941457586621,237.0,-70.52333333333333
BRA,Brazil,South America,Tropical / Savannah,1992,Spring (SON),20.855340501792117,-1.205309438470729,652.7,193.45333333333335
BRA,Brazil,South America,Tropical / Savannah,1992,Summer (DJF),20.074935113088618,-1.1818979642283314,1121.2,381.0433333333333
BRA,Brazil,South America,Tropical / Savannah,1992,Winter (JJA),19.659211469534053,0.03749462365591446,26.599999999999998,8.046666666666665
BRA,Brazil,South America,Tropical / Savannah,1993,Autumn (MAM),21.269749103942655,0.5936798088410988,180.4,-127.12333333333333
BRA,Brazil,South America,Tropical / Savannah,1993,Spring (SON),22.62150537634409,0.5608554360812418,406.0,-53.246666666666655
BRA,Brazil,South America,Tropical / Savannah,1993,Summer (DJF),21.142089093701998,-0.11474398361495138,763.8,23.64333333333329
BRA,Brazil,South America,Tropical / Savannah,1993,Winter (JJA),20.156810035842295,0.535093189964158,38.1,19.546666666666667
BRA,Brazil,South America,Tropical / Savannah,1994,Autumn (MAM),20.802043010752687,0.1259737156511361,477.9,170.37666666666667
BRA,Brazil,South America,Tropical / Savannah,1994,Spring (SON),23.225448028673835,1.1647980884109899,363.0,-96.24666666666667
BRA,Brazil,South America,Tropical / Savannah,1994,Summer (DJF),21.72338709677419,0.4665540194572427,611.9000000000001,-128.25666666666663
BRA,Brazil,South America,Tropical / Savannah,1994,Winter (JJA),19.63383512544803,0.012118279569892346,18.7,0.14666666666666472
BRA,Brazil,South America,Tropical / Savannah,1995,Autumn (MAM),20.769713261648747,0.09364396654719324,427.2,119.67666666666668
BRA,Brazil,South America,Tropical / Savannah,1995,Spring (SON),22.295878136200717,0.23522819593787267,390.5,-68.74666666666667
BRA,Brazil,South America,Tropical / Savannah,1995,Summer (DJF),21.57453917050691,0.31770609318996296,569.7,-170.45666666666668
BRA,Brazil,South America,Tropical / Savannah,1995,Winter (JJA),19.977419354838712,0.3557025089605735,0.0,-18.553333333333335
BRA,Brazil,South America,Tropical / Savannah,1996,Autumn (MAM),20.998172043010754,0.32210274790919985,387.2,79.67666666666668
BRA,Brazil,South America,Tropical / Savannah,1996,Spring (SON),21.87,-0.1906499402628441,482.19999999999993,22.953333333333315
BRA,Brazil,South America,Tropical / Savannah,1996,Summer (DJF),22.105635891731556,0.8488028144146055,534.7,-205.4566666666667
BRA,Brazil,South America,Tropical / Savannah,1996,Winter (JJA),19.62519713261649,0.0034802867383518787,29.6,11.046666666666667
BRA,Brazil,South America,Tropical / Savannah,1997,Autumn (MAM),19.656272401433693,-1.0197968936678616,541.0,233.47666666666666
BRA,Brazil,South America,Tropical / Savannah,1997,Spring (SON),23.508279569892476,1.4476296296296287,448.2,-11.046666666666667
BRA,Brazil,South America,Tropical / Savannah,1997,Summer (DJF),21.361251920122886,0.10441884280593901,698.4,-41.75666666666669
BRA,Brazil,South America,Tropical / Savannah,1997,Winter (JJA),19.117670250896058,-0.5040465949820785,48.1,29.546666666666663
BRA,Brazil,South America,Tropical / Savannah,1998,Autumn (MAM),22.376845878136198,1.7007765830346468,288.4,-19.12333333333333
BRA,Brazil,South America,Tropical / Savannah,1998,Spring (SON),22.9852688172043,0.9246188769414552,466.20000000000005,6.953333333333376
BRA,Brazil,South America,Tropical / Savannah,1998,Summer (DJF),22.24527649769585,0.9884434203789022,728.1,-12.056666666666644
BRA,Brazil,South America,Tropical / Savannah,1998,Winter (JJA),20.938673835125446,1.3169569892473103,5.5,-13.053333333333335
BRA,Brazil,South America,Tropical / Savannah,1999,Autumn (MAM),21.008781362007166,0.3327120669056143,321.2,13.676666666666687
BRA,Brazil,South America,Tropical / Savannah,1999,Spring (SON),21.718136200716845,-0.3425137395459987,486.6,27.353333333333367
BRA,Brazil,South America,Tropical / Savannah,1999,Summer (DJF),21.8181643625192,0.5613312852022515,577.3,-162.85666666666665
BRA,Brazil,South America,Tropical / Savannah,1999,Winter (JJA),20.319247311827958,0.6975304659498214,0.4,-18.153333333333332
BRA,Brazil,South America,Tropical / Savannah,2000,Autumn (MAM),20.983548387096775,0.30747909199522167,295.0,-12.523333333333309
BRA,Brazil,South America,Tropical / Savannah,2000,Spring (SON),22.30956989247312,0.2489199522102735,374.5,-84.74666666666666
BRA,Brazil,South America,Tropical / Savannah,2000,Summer (DJF),21.227512050426398,-0.029321026890549717,728.3,-11.856666666666712
BRA,Brazil,South America,Tropical / Savannah,2000,Winter (JJA),20.476594982078854,0.8548781362007164,1.7000000000000002,-16.85333333333333
BRA,Brazil,South America,Tropical / Savannah,2001,Autumn (MAM),21.29215053763441,0.6160812425328572,281.8,-25.723333333333315
BRA,Brazil,South America,Tropical / Savannah,2001,Spring (SON),21.84845878136201,-0.21219115890083864,494.7,35.453333333333326
BRA,Brazil,South America,Tropical / Savannah,2001,Summer (DJF),21.844086021505376,0.5872529441884282,480.0,-260.15666666666664
BRA,Brazil,South America,Tropical / Savannah,2001,Winter (JJA),20.082974910394267,0.4612580645161278,5.6,-12.953333333333333
BRA,Brazil,South America,Tropical / Savannah,2002,Autumn (MAM),21.611756272401433,0.9356869772998794,201.7,-105.82333333333332
BRA,Brazil,South America,Tropical / Savannah,2002,Spring (SON),23.622114695340503,1.561464755077657,244.8,-214.44666666666666
BRA,Brazil,South America,Tropical / Savannah,2002,Summer (DJF),21.681298003072197,0.4244649257552477,837.9,97.74333333333334
BRA,Brazil,South America,Tropical / Savannah,2002,Winter (JJA),20.70032258064516,1.0786057347670248,1.1,-17.453333333333333
BRA,Brazil,South America,Tropical / Savannah,2003,Autumn (MAM),20.936344086021506,0.26027479091995315,346.3,38.77666666666669
BRA,Brazil,South America,Tropical / Savannah,2003,Spring (SON),22.6021146953405,0.541464755077655,248.4,-210.84666666666664
BRA,Brazil,South America,Tropical / Savannah,2003,Summer (DJF),22.33310291858679,1.0762698412698402,456.2,-283.95666666666665
BRA,Brazil,South America,Tropical / Savannah,2003,Winter (JJA),19.71358422939068,0.09186738351254438,27.299999999999997,8.746666666666663
BRA,Brazil,South America,Tropical / Savannah,2004,Autumn (MAM),20.836415770609317,0.16034647550776526,360.6,53.07666666666667
BRA,Brazil,South America,Tropical / Savannah,2004,Spring (SON),23.495197132616486,1.4345471923536408,182.4,-276.8466666666667
BRA,Brazil,South America,Tropical / Savannah,2004,Summer (DJF),21.122840192806823,-0.133992884510126,976.0,235.84333333333336
BRA,Brazil,South America,Tropical / Savannah,2004,Winter (JJA),19.49430107526882,-0.12741577060931894,1.1,-17.453333333333333
BRA,Brazil,South America,Tropical / Savannah,2005,Autumn (MAM),21.072401433691756,0.39633213859020344,348.0,40.4766666666667
BRA,Brazil,South America,Tropical / Savannah,2005,Spring (SON),23.62867383512545,1.568023894862603,380.8,-78.44666666666666
BRA,Brazil,South America,Tropical / Savannah,2005,Summer (DJF),21.413402457757297,0.15656938044034754,759.7,19.543333333333322
BRA,Brazil,South America,Tropical / Savannah,2005,Winter (JJA),19.89756272401434,0.2758458781362023,2.9,-15.653333333333332
BRA,Brazil,South America,Tropical / Savannah,2006,Autumn (MAM),20.587598566308245,-0.0884707287933099,447.3,139.7766666666667
BRA,Brazil,South America,Tropical / Savannah,2006,Spring (SON),21.430716845878138,-0.6299330943847087,626.3,167.05333333333334
BRA,Brazil,South America,Tropical / Savannah,2006,Summer (DJF),21.933832565284177,0.6769994879672273,611.2,-128.95666666666665
BRA,Brazil,South America,Tropical / Savannah,2006,Winter (JJA),19.866630824372763,0.24491397849462496,10.600000000000001,-7.953333333333333
BRA,Brazil,South America,Tropical / Savannah,2007,Autumn (MAM),21.793548387096774,1.1174790919952204,77.4,-230.12333333333333
BRA,Brazil,South America,Tropical / Savannah,2007,Spring (SON),23.85659498207885,1.795945041816007,186.10000000000002,-273.14666666666665
BRA,Brazil,South America,Tropical / Savannah,2007,Summer (DJF),21.47956989247312,0.22273681515616892,720.9,-19.25666666666666
BRA,Brazil,South America,Tropical / Savannah,2007,Winter (JJA),20.16627240143369,0.5445555555555556,1.2999999999999998,-17.253333333333334
BRA,Brazil,South America,Tropical / Savannah,2008,Autumn (MAM),20.696236559139788,0.02016726403823199,360.2,52.67666666666666
BRA,Brazil,South America,Tropical / Savannah,2008,Spring (SON),23.605197132616485,1.5445471923536427,279.1,-180.14666666666665
BRA,Brazil,South America,Tropical / Savannah,2008,Summer (DJF),21.26143863552095,0.004605558203999512,738.9,-1.256666666666689
BRA,Brazil,South America,Tropical / Savannah,2008,Winter (JJA),19.852078853046596,0.23036200716845792,1.1,-17.453333333333333
BRA,Brazil,South America,Tropical / Savannah,2009,Autumn (MAM),20.76111111111111,0.08504181600955836,397.1,89.5766666666667
BRA,Brazil,South America,Tropical / Savannah,2009,Spring (SON),22.37383512544803,0.31318518518518346,477.0,17.75333333333333
BRA,Brazil,South America,Tropical / Savannah,2009,Summer (DJF),21.703801843317972,0.44696876600102325,714.3,-25.856666666666683
BRA,Brazil,South America,Tropical / Savannah,2009,Winter (JJA),20.303082437275986,0.6813655913978494,41.5,22.946666666666665
BRA,Brazil,South America,Tropical / Savannah,2010,Autumn (MAM),21.715017921146952,1.0389486260453988,265.5,-42.02333333333331
BRA,Brazil,South America,Tropical / Savannah,2010,Spring (SON),22.835232974910397,0.774583034647551,441.0,-18.246666666666677
BRA,Brazil,South America,Tropical / Savannah,2010,Summer (DJF),22.212403993855606,0.9555709165386593,583.4000000000001,-156.75666666666663
BRA,Brazil,South America,Tropical / Savannah,2010,Winter (JJA),20.2063082437276,0.5845913978494627,0.6,-17.953333333333333
BRA,Brazil,South America,Tropical / Savannah,2011,Autumn (MAM),20.7589247311828,0.08285543608124257,270.6,-36.92333333333332
BRA,Brazil,South America,Tropical / Savannah,2011,Spring (SON),21.588279569892475,-0.4723703703703717,497.1,37.853333333333374
BRA,Brazil,South America,Tropical / Savannah,2011,Summer (DJF),21.367319508448542,0.11048643113159073,689.5,-50.656666666666695
BRA,Brazil,South America,Tropical / Savannah,2011,Winter (JJA),20.676917562724014,1.055200716845878,0.5,-18.053333333333335
BRA,Brazil,South America,Tropical / Savannah,2012,Autumn (MAM),21.19720430107527,0.5211350059737173,288.7,-18.823333333333327
BRA,Brazil,South America,Tropical / Savannah,2012,Spring (SON),23.03279569892473,0.972145758661887,406.0,-53.24666666666667
BRA,Brazil,South America,Tropical / Savannah,2012,Summer (DJF),21.682017055988137,0.4251839786711879,523.3,-216.85666666666668
BRA,Brazil,South America,Tropical / Savannah,2012,Winter (JJA),20.060215053763443,0.4384982078853052,5.4,-13.153333333333332
BRA,Brazil,South America,Tropical / Savannah,2013,Autumn (MAM),21.20874551971326,0.5326762246117079,342.9,35.376666666666665
BRA,Brazil,South America,Tropical / Savannah,2013,Spring (SON),22.393655913978495,0.3330059737156503,354.0,-105.24666666666667
BRA,Brazil,South America,Tropical / Savannah,2013,Summer (DJF),21.69047619047619,0.433643113159242,792.4,52.24333333333328
BRA,Brazil,South America,Tropical / Savannah,2013,Winter (JJA),20.3815770609319,0.7598602150537642,32.6,14.046666666666665
BRA,Brazil,South America,Tropical / Savannah,2014,Autumn (MAM),20.974946236559138,0.29887694145758675,411.20000000000005,103.6766666666667
BRA,Brazil,South America,Tropical / Savannah,2014,Spring (SON),23.418028673835124,1.3573787335722791,329.6,-129.64666666666665
BRA,Brazil,South America,Tropical / Savannah,2014,Summer (DJF),21.6468509984639,0.3900179211469528,645.4,-94.75666666666672
BRA,Brazil,South America,Tropical / Savannah,2014,Winter (JJA),20.323225806451614,0.701508960573476,4.3,-14.253333333333334
BRA,Brazil,South America,Tropical / Savannah,2015,Autumn (MAM),20.698494623655915,0.022425328554360153,506.7,199.17666666666668
BRA,Brazil,South America,Tropical / Savannah,2015,Spring (SON),24.8089605734767,2.748310633213857,317.3,-141.94666666666666
BRA,Brazil,South America,Tropical / Savannah,2015,Summer (DJF),22.98778801843318,1.7309549411162308,386.70000000000005,-353.45666666666665
BRA,Brazil,South America,Tropical / Savannah,2015,Winter (JJA),20.439820788530465,0.8181039426523297,1.4000000000000001,-17.153333333333332
BRA,Brazil,South America,Tropical / Savannah,2016,Autumn (MAM),22.734086021505377,2.058016726403823,212.8,-94.72333333333333
BRA,Brazil,South America,Tropical / Savannah,2016,Spring (SON),23.25,1.189350059737156,418.0,-41.2466666666667
BRA,Brazil,South America,Tropical / Savannah,2016,Summer (DJF),22.377901371894698,1.1210682945777488,607.5999999999999,-132.55666666666667
BRA,Brazil,South America,Tropical / Savannah,2016,Winter (JJA),21.44043010752688,1.818713261648745,11.8,-6.753333333333333
BRA,Brazil,South America,Tropical / Savannah,2017,Autumn (MAM),21.748172043010754,1.0721027479091998,183.9,-123.62333333333332
BRA,Brazil,South America,Tropical / Savannah,2017,Spring (SON),22.603978494623657,0.5433285543608122,290.70000000000005,-168.54666666666665
BRA,Brazil,South America,Tropical / Savannah,2017,Summer (DJF),21.850768049155146,0.5939349718381971,540.5,-199.65666666666667
BRA,Brazil,South America,Tropical / Savannah,2017,Winter (JJA),19.775913978494625,0.15419713261648837,1.6,-16.953333333333333
BRA,Brazil,South America,Tropical / Savannah,2018,Autumn (MAM),20.702186379928317,0.026117084826761783,218.1,-89.42333333333333
BRA,Brazil,South America,Tropical / Savannah,2018,Spring (SON),22.469820788530466,0.40917084826762223,452.30000000000007,-6.94666666666663
BRA,Brazil,South America,Tropical / Savannah,2018,Summer (DJF),21.736251920122886,0.47941884280593783,541.4,-198.7566666666667
BRA,Brazil,South America,Tropical / Savannah,2018,Winter (JJA),20.421756272401435,0.8000394265232972,12.0,-6.553333333333335
BRA,Brazil,South America,Tropical / Savannah,2019,Autumn (MAM),21.435806451612905,0.7597371565113491,405.5,97.97666666666669
BRA,Brazil,South America,Tropical / Savannah,2019,Spring (SON),24.164229390681005,2.1035794504181595,169.7,-289.5466666666667
BRA,Brazil,South America,Tropical / Savannah,2019,Summer (DJF),22.66705069124424,1.4102176139272895,292.4,-447.75666666666666
BRA,Brazil,South America,Tropical / Savannah,2019,Winter (JJA),20.09616487455197,0.4744480286738349,1.0,-17.553333333333335
BRA,Brazil,South America,Tropical / Savannah,2020,Autumn (MAM),20.35168458781362,-0.32438470728793334,376.2,68.67666666666666
BRA,Brazil,South America,Tropical / Savannah,2020,Spring (SON),22.799820788530468,0.7391708482676217,263.0,-196.24666666666664
BRA,Brazil,South America,Tropical / Savannah,2020,Summer (DJF),22.21505376344086,0.958220686123911,662.8,-77.35666666666665
BRA,Brazil,South America,Tropical / Savannah,2020,Winter (JJA),19.59326164874552,-0.028455197132616423,0.1,-18.453333333333333
BRA,Brazil,South America,Tropical / Savannah,2021,Autumn (MAM),20.829892473118278,0.15382317801672585,119.8,-187.72333333333333
BRA,Brazil,South America,Tropical / Savannah,2021,Spring (SON),23.084301075268815,1.0236511350059725,312.8,-146.44666666666663
BRA,Brazil,South America,Tropical / Savannah,2021,Summer (DJF),21.43125960061444,0.1744265232974911,737.9,-2.256666666666675
BRA,Brazil,South America,Tropical / Savannah,2021,Winter (JJA),19.82663082437276,0.20491397849462345,9.3,-9.253333333333334
BRA,Brazil,South America,Tropical / Savannah,2022,Autumn (MAM),21.21451612903226,0.5384468339307039,113.7,-193.82333333333332
BRA,Brazil,South America,Tropical / Savannah,2022,Spring (SON),22.132437275985666,0.07178733572281833,320.4,-138.84666666666664
BRA,Brazil,South America,Tropical / Savannah,2022,Summer (DJF),20.92277265745008,-0.33406041986687285,661.1,-79.05666666666667
BRA,Brazil,South America,Tropical / Savannah,2022,Winter (JJA),20.197132616487455,0.5754157706093181,0.8999999999999999,-17.653333333333336
BRA,Brazil,South America,Tropical / Savannah,2023,Autumn (MAM),20.693440860215052,0.01737156511350098,217.7,-89.82333333333332
BRA,Brazil,South America,Tropical / Savannah,2023,Spring (SON),24.274587813620073,2.213937873357228,242.2,-217.04666666666668
BRA,Brazil,South America,Tropical / Savannah,2023,Summer (DJF),22.08663594470046,0.8298028673835122,437.2,-302.95666666666665
BRA,Brazil,South America,Tropical / Savannah,2023,Winter (JJA),20.48458781362007,0.862870967741935,71.7,53.14666666666666
DEU,Germany,Central Europe,Temperate Continental,1960,Autumn (SON),9.661612903225807,0.5813034647550772,219.0,75.9
DEU,Germany,Central Europe,Temperate Continental,1960,Spring (MAM),7.960000000000001,0.48287335722819663,165.8,-16.299999999999997
DEU,Germany,Central Europe,Temperate Continental,1960,Summer (JJA),16.112293906810038,-0.267775388291516,214.0,13.090000000000003
DEU,Germany,Central Europe,Temperate Continental,1960,Winter (DJF),-0.08720800889877645,0.01950677119197704,178.3,35.39999999999999
DEU,Germany,Central Europe,Temperate Continental,1961,Autumn (SON),10.590860215053764,1.5105507765830346,120.80000000000001,-22.299999999999997
DEU,Germany,Central Europe,Temperate Continental,1961,Spring (MAM),9.09921146953405,1.622084826762247,245.2,63.099999999999994
DEU,Germany,Central Europe,Temperate Continental,1961,Summer (JJA),15.678996415770607,-0.701072879330944,220.0,19.089999999999996
DEU,Germany,Central Europe,Temperate Continental,1961,Winter (DJF),0.23317972350230418,0.33989450359305745,178.5,35.59999999999999
DEU,Germany,Central Europe,Temperate Continental,1962,Autumn (SON),8.146666666666667,-0.9336427718040635,68.39999999999999,-74.70000000000002
DEU,Germany,Central Europe,Temperate Continental,1962,Spring (MAM),5.8499283154121855,-1.6271983273596176,178.5,-3.5999999999999943
DEU,Germany,Central Europe,Temperate Continental,1962,Summer (JJA),14.901182795698924,-1.478886499402628,166.3,-34.61000000000001
DEU,Germany,Central Europe,Temperate Continental,1962,Winter (DJF),-0.6213901689708141,-0.5146753888800607,159.0,16.099999999999994
DEU,Germany,Central Europe,Temperate Continental,1963,Autumn (SON),9.997670250896057,0.9173608124253274,149.3,6.200000000000003
DEU,Germany,Central Europe,Temperate Continental,1963,Spring (MAM),7.56010752688172,0.08298088410991704,135.10000000000002,-46.99999999999999
DEU,Germany,Central Europe,Temperate Continental,1963,Summer (JJA),16.554444444444446,0.17437514934289133,236.0,35.089999999999996
DEU,Germany,Central Europe,Temperate Continental,1963,Winter (DJF),-6.538018433179723,-6.43130365308897,47.2,-95.7
DEU,Germany,Central Europe,Temperate Continental,1964,Autumn (SON),8.849032258064517,-0.23127718040621334,128.9,-14.200000000000003
DEU,Germany,Central Europe,Temperate Continental,1964,Spring (MAM),7.309211469534051,-0.16791517323775343,152.6,-29.5
DEU,Germany,Central Europe,Temperate Continental,1964,Summer (JJA),17.24258064516129,0.8625113500597372,151.7,-49.21
DEU,Germany,Central Europe,Temperate Continental,1964,Winter (DJF),-0.8891360771227289,-0.7824212970319756,103.4,-39.5
DEU,Germany,Central Europe,Temperate Continental,1965,Autumn (SON),7.418924731182796,-1.6613847072879337,157.6,14.499999999999996
DEU,Germany,Central Europe,Temperate Continental,1965,Spring (MAM),6.612437275985663,-0.864689366786141,207.8,25.700000000000003
DEU,Germany,Central Europe,Temperate Continental,1965,Summer (JJA),15.240860215053763,-1.1392090800477892,290.5,89.58999999999997
DEU,Germany,Central Europe,Temperate Continental,1965,Winter (DJF),0.33325652841781866,0.4399713085085722,222.8,79.9
DEU,Germany,Central Europe,Temperate Continental,1966,Autumn (SON),8.927562724014338,-0.152746714456392,189.3,46.2
DEU,Germany,Central Europe,Temperate Continental,1966,Spring (MAM),8.383333333333333,0.9062066905615301,203.3,21.199999999999996
DEU,Germany,Central Europe,Temperate Continental,1966,Summer (JJA),16.200179211469536,-0.17989008363201897,291.5,90.59
DEU,Germany,Central Europe,Temperate Continental,1966,Winter (DJF),0.6880184331797236,0.7947332132704771,209.8,66.89999999999998
DEU,Germany,Central Europe,Temperate Continental,1967,Autumn (SON),10.007275985663084,0.9269665471923529,186.4,43.3
DEU,Germany,Central Europe,Temperate Continental,1967,Spring (MAM),8.093870967741935,0.616744324970132,216.8,34.7
DEU,Germany,Central Europe,Temperate Continental,1967,Summer (JJA),16.945806451612903,0.5657371565113506,186.0,-14.910000000000004
DEU,Germany,Central Europe,Temperate Continental,1967,Winter (DJF),1.266321044546851,1.3730358246376044,160.5,17.599999999999994
DEU,Germany,Central Europe,Temperate Continental,1968,Autumn (SON),9.252043010752688,0.17173357228195885,155.3,12.200000000000003
DEU,Germany,Central Europe,Temperate Continental,1968,Spring (MAM),7.62,0.14287335722819675,164.5,-17.6
DEU,Germany,Central Europe,Temperate Continental,1968,Summer (JJA),16.306559139784948,-0.07351015531660643,227.1,26.18999999999999
DEU,Germany,Central Europe,Temperate Continental,1968,Winter (DJF),-1.1099369670003707,-1.0032221869096172,142.8,-0.10000000000000853
DEU,Germany,Central Europe,Temperate Continental,1969,Autumn (SON),9.946666666666667,0.866357228195937,105.19999999999999,-37.900000000000006
DEU,Germany,Central Europe,Temperate Continental,1969,Spring (MAM),6.182831541218637,-1.2942951015531658,236.6,54.5
DEU,Germany,Central Europe,Temperate Continental,1969,Summer (JJA),16.70584229390681,0.3257729988052572,255.6,54.68999999999998
DEU,Germany,Central Europe,Temperate Continental,1969,Winter (DJF),-2.6830645161290323,-2.5763497360382788,119.3,-23.60000000000001
DEU,Germany,Central Europe,Temperate Continental,1970,Autumn (SON),9.57752688172043,0.4972174432497007,169.8,26.699999999999996
DEU,Germany,Central Europe,Temperate Continental,1970,Spring (MAM),5.800430107526882,-1.6766965352449217,231.7,49.6
DEU,Germany,Central Europe,Temperate Continental,1970,Summer (JJA),16.53347670250896,0.1534074074074082,224.7,23.79
DEU,Germany,Central Europe,Temperate Continental,1970,Winter (DJF),-1.7657450076804915,-1.659030227589738,192.6,49.69999999999999
DEU,Germany,Central Europe,Temperate Continental,1971,Autumn (SON),8.466953405017922,-0.6133560334528082,109.8,-33.3
DEU,Germany,Central Europe,Temperate Continental,1971,Spring (MAM),7.688243727598567,0.21111708482676317,136.1,-46.0
DEU,Germany,Central Europe,Temperate Continental,1971,Summer (JJA),17.183154121863797,0.8030848267622464,201.79999999999998,0.8899999999999864
DEU,Germany,Central Europe,Temperate Continental,1971,Winter (DJF),1.0144009216589862,1.1211157017497397,98.1,-44.80000000000001
DEU,Germany,Central Europe,Temperate Continental,1972,Autumn (SON),7.5320430107526875,-1.5482664277180413,139.5,-3.6000000000000014
DEU,Germany,Central Europe,Temperate Continental,1972,Spring (MAM),7.862724014336917,0.3855973715651138,230.90000000000003,48.80000000000001
DEU,Germany,Central Europe,Temperate Continental,1972,Summer (JJA),15.921505376344086,-0.4585639187574664,314.2,113.28999999999999
DEU,Germany,Central Europe,Temperate Continental,1972,Winter (DJF),0.029106414534668074,0.13582119462542155,31.4,-111.5
DEU,Germany,Central Europe,Temperate Continental,1973,Autumn (SON),8.623691756272402,-0.4566176821983281,157.1,13.999999999999993
DEU,Germany,Central Europe,Temperate Continental,1973,Spring (MAM),6.888458781362007,-0.5886678614097969,156.9,-25.199999999999992
DEU,Germany,Central Europe,Temperate Continental,1973,Summer (JJA),16.98283154121864,0.6027622461170855,181.7,-19.210000000000008
DEU,Germany,Central Europe,Temperate Continental,1973,Winter (DJF),0.12258064516129032,0.2292954252520438,124.1,-18.800000000000004
DEU,Germany,Central Europe,Temperate Continental,1974,Autumn (SON),8.043942652329749,-1.0363667861409802,234.0,90.89999999999998
DEU,Germany,Central Europe,Temperate Continental,1974,Spring (MAM),7.988853046594983,0.5117264038231785,130.6,-51.5
DEU,Germany,Central Europe,Temperate Continental,1974,Summer (JJA),15.446810035842296,-0.9332592592592585,213.4,12.489999999999995
DEU,Germany,Central Europe,Temperate Continental,1974,Winter (DJF),3.5436251920122888,3.6503399721030423,199.1,56.19999999999999
DEU,Germany,Central Europe,Temperate Continental,1975,Autumn (SON),8.895878136200716,-0.18443130227001245,141.2,-1.9000000000000128
DEU,Germany,Central Europe,Temperate Continental,1975,Spring (MAM),7.253620071684588,-0.22350657108721586,200.3,18.200000000000003
DEU,Germany,Central Europe,Temperate Continental,1975,Summer (JJA),17.10989247311828,0.7298231780167264,199.2,-1.710000000000008
DEU,Germany,Central Europe,Temperate Continental,1975,Winter (DJF),2.2405529953917047,2.3472677754824587,79.2,-63.7
DEU,Germany,Central Europe,Temperate Continental,1976,Autumn (SON),9.395806451612904,0.31549701314217354,134.5,-8.600000000000001
DEU,Germany,Central Europe,Temperate Continental,1976,Spring (MAM),6.713046594982079,-0.7640800477897246,93.9,-88.19999999999999
DEU,Germany,Central Europe,Temperate Continental,1976,Summer (JJA),17.90817204301075,1.5281027479091993,115.4,-85.51
DEU,Germany,Central Europe,Temperate Continental,1976,Winter (DJF),0.32476826103077494,0.4314830411215284,154.6,11.699999999999989
DEU,Germany,Central Europe,Temperate Continental,1977,Autumn (SON),9.417132616487455,0.3368231780167254,188.7,45.599999999999994
DEU,Germany,Central Europe,Temperate Continental,1977,Spring (MAM),7.660967741935483,0.18384109916367977,152.3,-29.799999999999997
DEU,Germany,Central Europe,Temperate Continental,1977,Summer (JJA),15.885017921146954,-0.4950513739545996,253.0,52.089999999999996
DEU,Germany,Central Europe,Temperate Continental,1977,Winter (DJF),1.7111751152073733,1.817889895298127,165.70000000000002,22.800000000000004
DEU,Germany,Central Europe,Temperate Continental,1978,Autumn (SON),8.626451612903226,-0.4538578255675036,90.8,-52.3
DEU,Germany,Central Europe,Temperate Continental,1978,Spring (MAM),7.66562724014337,0.18850059737156588,181.8,-0.29999999999999716
DEU,Germany,Central Europe,Temperate Continental,1978,Summer (JJA),15.313118279569892,-1.0669510155316608,157.2,-43.71000000000001
DEU,Germany,Central Europe,Temperate Continental,1978,Winter (DJF),-0.5662442396313364,-0.45952945954058294,150.2,7.299999999999994
DEU,Germany,Central Europe,Temperate Continental,1979,Autumn (SON),8.622007168458781,-0.4583022700119483,130.20000000000002,-12.899999999999991
DEU,Germany,Central Europe,Temperate Continental,1979,Spring (MAM),7.232186379928315,-0.24494026284348833,222.89999999999998,40.79999999999999
DEU,Germany,Central Europe,Temperate Continental,1979,Summer (JJA),15.974121863799283,-0.4059474313022691,136.0,-64.91
DEU,Germany,Central Europe,Temperate Continental,1979,Winter (DJF),-1.6794546850998469,-1.572739905009093,140.7,-2.20000000000001
DEU,Germany,Central Europe,Temperate Continental,1980,Autumn (SON),8.393225806451612,-0.6870836320191165,144.9,1.7999999999999972
DEU,Germany,Central Europe,Temperate Continental,1980,Spring (MAM),6.370286738351254,-1.106839904420549,145.29999999999998,-36.800000000000004
DEU,Germany,Central Europe,Temperate Continental,1980,Summer (JJA),15.479569892473117,-0.9004994026284354,237.6,36.69
DEU,Germany,Central Europe,Temperate Continental,1980,Winter (DJF),-0.18060808305524653,-0.07389330296449304,109.2,-33.7
DEU,Germany,Central Europe,Temperate Continental,1981,Autumn (SON),9.146845878136201,0.06653643966547158,215.0,71.9
DEU,Germany,Central Europe,Temperate Continental,1981,Spring (MAM),9.141971326164875,1.6648446833930708,232.1,50.0
DEU,Germany,Central Europe,Temperate Continental,1981,Summer (JJA),15.969749103942652,-0.4103201911589007,235.9,34.989999999999995
DEU,Germany,Central Europe,Temperate Continental,1981,Winter (DJF),-2.373118279569893,-2.2664034994791393,173.7,30.79999999999999
DEU,Germany,Central Europe,Temperate Continental,1982,Autumn (SON),11.337383512544802,2.257074074074073,105.1,-38.0
DEU,Germany,Central Europe,Temperate Continental,1982,Spring (MAM),7.40426523297491,-0.07286140979689308,172.0,-10.099999999999994
DEU,Germany,Central Europe,Temperate Continental,1982,Summer (JJA),18.017956989247313,1.6378876941457594,112.6,-88.31
DEU,Germany,Central Europe,Temperate Continental,1982,Winter (DJF),-0.1574116743471583,-0.050696894256404855,106.8,-36.10000000000001
DEU,Germany,Central Europe,Temperate Continental,1983,Autumn (SON),9.339928315412186,0.25961887694145674,96.1,-47.0
DEU,Germany,Central Europe,Temperate Continental,1983,Spring (MAM),8.04426523297491,0.5671385902031068,263.2,81.1
DEU,Germany,Central Europe,Temperate Continental,1983,Summer (JJA),18.18498207885305,1.8049127837514949,116.5,-84.41
DEU,Germany,Central Europe,Temperate Continental,1983,Winter (DJF),0.42361751152073707,0.5303322916114906,122.7,-20.200000000000003
DEU,Germany,Central Europe,Temperate Continental,1984,Autumn (SON),9.400394265232975,0.3200848267622464,203.4,60.300000000000004
DEU,Germany,Central Europe,Temperate Continental,1984,Spring (MAM),6.187240143369176,-1.289886499402628,203.5,21.399999999999984
DEU,Germany,Central Europe,Temperate Continental,1984,Summer (JJA),15.502544802867384,-0.8775244922341686,177.5,-23.410000000000004
DEU,Germany,Central Europe,Temperate Continental,1984,Winter (DJF),0.7362995921394142,0.8430143722301677,144.2,1.2999999999999972
DEU,Germany,Central Europe,Temperate Continental,1985,Autumn (SON),7.779318996415771,-1.3009904420549587,87.2,-55.900000000000006
DEU,Germany,Central Europe,Temperate Continental,1985,Spring (MAM),7.757383512544803,0.28025686977299963,165.5,-16.6
DEU,Germany,Central Europe,Temperate Continental,1985,Summer (JJA),15.733870967741936,-0.6461983273596168,191.6,-9.310000000000002
DEU,Germany,Central Europe,Temperate Continental,1985,Winter (DJF),-2.0890552995391705,-1.9823405194484167,120.0,-22.900000000000006
DEU,Germany,Central Europe,Temperate Continental,1986,Autumn (SON),9.073906810035842,-0.00640262843488711,135.0,-8.100000000000001
DEU,Germany,Central Europe,Temperate Continental,1986,Spring (MAM),7.670071684587814,0.19294504181601,215.6,33.49999999999999
DEU,Germany,Central Europe,Temperate Continental,1986,Summer (JJA),16.445555555555558,0.06548626045400437,215.9,14.990000000000002
DEU,Germany,Central Europe,Temperate Continental,1986,Winter (DJF),-1.9422043010752688,-1.8354895209845157,178.7,35.79999999999998
DEU,Germany,Central Europe,Temperate Continental,1987,Autumn (SON),9.681935483870967,0.6016260454002387,166.2,23.099999999999994
DEU,Germany,Central Europe,Temperate Continental,1987,Spring (MAM),5.574659498207886,-1.902467144563918,184.4,2.3000000000000007
DEU,Germany,Central Europe,Temperate Continental,1987,Summer (JJA),15.340071684587814,-1.0399976105137387,252.9,51.99
DEU,Germany,Central Europe,Temperate Continental,1987,Winter (DJF),-1.9136712749615976,-1.8069564948708443,149.7,6.799999999999997
DEU,Germany,Central Europe,Temperate Continental,1988,Autumn (SON),9.061863799283154,-0.018445639187575136,115.30000000000001,-27.799999999999997
DEU,Germany,Central Europe,Temperate Continental,1988,Spring (MAM),8.06921146953405,0.5920848267622468,146.7,-35.400000000000006
DEU,Germany,Central Europe,Temperate Continental,1988,Summer (JJA),16.85114695340502,0.47107765830346615,138.3,-62.61
DEU,Germany,Central Europe,Temperate Continental,1988,Winter (DJF),2.8815350389321472,2.9882498190229003,231.10000000000002,88.2
DEU,Germany,Central Europe,Temperate Continental,1989,Autumn (SON),9.847670250896057,0.7673608124253284,134.2,-8.899999999999999
DEU,Germany,Central Europe,Temperate Continental,1989,Spring (MAM),9.297992831541219,1.820866188769415,136.9,-45.2
DEU,Germany,Central Europe,Temperate Continental,1989,Summer (JJA),16.815340501792114,0.43527120669056113,151.2,-49.71
DEU,Germany,Central Europe,Temperate Continental,1989,Winter (DJF),2.894662058371736,3.0013768384624893,129.4,-13.5
DEU,Germany,Central Europe,Temperate Continental,1990,Autumn (SON),9.008673835125448,-0.07163560334528156,133.8,-9.3
DEU,Germany,Central Europe,Temperate Continental,1990,Spring (MAM),9.331362007168458,1.8542353643966552,120.0,-62.1
DEU,Germany,Central Europe,Temperate Continental,1990,Summer (JJA),17.02673835125448,0.6466690561529281,176.0,-24.909999999999997
DEU,Germany,Central Europe,Temperate Continental,1990,Winter (DJF),2.8645161290322583,2.9712309091230114,142.5,-0.4000000000000057
DEU,Germany,Central Europe,Temperate Continental,1991,Autumn (SON),9.411075268817205,0.33076583034647494,107.8,-35.300000000000004
DEU,Germany,Central Europe,Temperate Continental,1991,Spring (MAM),7.4803584229390685,0.0032317801672642568,100.0,-82.10000000000001
DEU,Germany,Central Europe,Temperate Continental,1991,Summer (JJA),16.90258064516129,0.5225113500597374,169.1,-31.810000000000002
DEU,Germany,Central Europe,Temperate Continental,1991,Winter (DJF),-0.30203533026113666,-0.1953205501703832,102.1,-40.80000000000001
DEU,Germany,Central Europe,Temperate Continental,1992,Autumn (SON),8.466953405017922,-0.6133560334528081,182.6,39.5
DEU,Germany,Central Europe,Temperate Continental,1992,Spring (MAM),8.661935483870968,1.184808841099164,146.10000000000002,-35.99999999999999
DEU,Germany,Central Europe,Temperate Continental,1992,Summer (JJA),18.417670250896055,2.037600955794504,279.8,78.89000000000001
DEU,Germany,Central Europe,Temperate Continental,1992,Winter (DJF),1.6386355209492027,1.7453503010399565,106.10000000000001,-36.8
DEU,Germany,Central Europe,Temperate Continental,1993,Autumn (SON),6.824551971326165,-2.2557574671445644,148.7,5.599999999999991
DEU,Germany,Central Europe,Temperate Continental,1993,Spring (MAM),9.513118279569893,2.035991636798089,106.80000000000001,-75.3
DEU,Germany,Central Europe,Temperate Continental,1993,Summer (JJA),15.861075268817205,-0.5189940262843477,204.10000000000002,3.190000000000005
DEU,Germany,Central Europe,Temperate Continental,1993,Winter (DJF),0.969047619047619,1.0757623991383725,254.39999999999998,111.5
DEU,Germany,Central Europe,Temperate Continental,1994,Autumn (SON),9.428136200716846,0.3478267622461167,145.9,2.799999999999997
DEU,Germany,Central Europe,Temperate Continental,1994,Spring (MAM),8.905985663082438,1.4288590203106333,259.0,76.89999999999998
DEU,Germany,Central Europe,Temperate Continental,1994,Summer (JJA),18.46379928315412,2.083729988052569,174.6,-26.310000000000002
DEU,Germany,Central Europe,Temperate Continental,1994,Winter (DJF),2.050384024577573,2.1570988046683266,133.6,-9.300000000000008
DEU,Germany,Central Europe,Temperate Continental,1995,Autumn (SON),9.407777777777778,0.32746833930704816,129.0,-14.100000000000012
DEU,Germany,Central Europe,Temperate Continental,1995,Spring (MAM),7.704910394265234,0.22778375149342978,188.3,6.200000000000003
DEU,Germany,Central Europe,Temperate Continental,1995,Summer (JJA),17.755304659498208,1.3752353643966557,117.4,-83.50999999999999
DEU,Germany,Central Europe,Temperate Continental,1995,Winter (DJF),0.8619047619047621,0.9686195419955154,169.70000000000002,26.800000000000004
DEU,Germany,Central Europe,Temperate Continental,1996,Autumn (SON),8.308494623655914,-0.7718148148148153,177.89999999999998,34.8
DEU,Germany,Central Europe,Temperate Continental,1996,Spring (MAM),6.451612903225807,-1.025513739545997,137.8,-44.3
DEU,Germany,Central Europe,Temperate Continental,1996,Summer (JJA),15.933763440860213,-0.44630585424133845,182.8,-18.110000000000007
DEU,Germany,Central Europe,Temperate Continental,1996,Winter (DJF),-2.8159436410826846,-2.709228860991931,75.3,-67.60000000000001
DEU,Germany,Central Europe,Temperate Continental,1997,Autumn (SON),8.582329749103943,-0.4979796893667867,109.80000000000001,-33.3
DEU,Germany,Central Europe,Temperate Continental,1997,Spring (MAM),8.055125448028674,0.5779988052568698,126.8,-55.300000000000004
DEU,Germany,Central Europe,Temperate Continental,1997,Summer (JJA),17.46412186379928,1.0840525686977311,215.7,14.79
DEU,Germany,Central Europe,Temperate Continental,1997,Winter (DJF),0.7828725038402456,0.889587283930999,146.8,3.8999999999999915
DEU,Germany,Central Europe,Temperate Continental,1998,Autumn (SON),7.80279569892473,-1.2775137395459986,332.8,189.7
DEU,Germany,Central Europe,Temperate Continental,1998,Spring (MAM),9.069928315412186,1.592801672640383,201.3,19.200000000000003
DEU,Germany,Central Europe,Temperate Continental,1998,Summer (JJA),16.35494623655914,-0.025123058542413663,182.10000000000002,-18.809999999999995
DEU,Germany,Central Europe,Temperate Continental,1998,Winter (DJF),2.2908218125960063,2.3975365926867593,79.9,-63.0
DEU,Germany,Central Europe,Temperate Continental,1999,Autumn (SON),10.07121863799283,0.9909091995221014,120.5,-22.599999999999998
DEU,Germany,Central Europe,Temperate Continental,1999,Spring (MAM),9.192724014336918,1.7155973715651145,156.1,-26.0
DEU,Germany,Central Europe,Temperate Continental,1999,Summer (JJA),16.870394265232974,0.490324970131421,201.1,0.18999999999999062
DEU,Germany,Central Europe,Temperate Continental,1999,Winter (DJF),1.7863671274961597,1.893081907586913,165.60000000000002,22.700000000000003
DEU,Germany,Central Europe,Temperate Continental,2000,Autumn (SON),10.290286738351254,1.2099772998805245,130.5,-12.599999999999994
DEU,Germany,Central Europe,Temperate Continental,2000,Spring (MAM),9.902831541218639,2.425704898446835,167.29999999999998,-14.800000000000011
DEU,Germany,Central Europe,Temperate Continental,2000,Summer (JJA),16.373189964157707,-0.006879330943847369,210.6,9.689999999999998
DEU,Germany,Central Europe,Temperate Continental,2000,Winter (DJF),2.4956247682610306,2.602339548351784,156.4,13.499999999999993
DEU,Germany,Central Europe,Temperate Continental,2001,Autumn (SON),9.541003584229392,0.4606941457586616,183.7,40.6
DEU,Germany,Central Europe,Temperate Continental,2001,Spring (MAM),8.146487455197132,0.6693608124253286,174.4,-7.700000000000003
DEU,Germany,Central Europe,Temperate Continental,2001,Summer (JJA),17.12154121863799,0.7414719235364403,191.79999999999998,-9.11000000000002
DEU,Germany,Central Europe,Temperate Continental,2001,Winter (DJF),0.9438172043010753,1.0505319843918288,155.2,12.299999999999997
DEU,Germany,Central Europe,Temperate Continental,2002,Autumn (SON),9.004336917562723,-0.07597252090800548,219.0,75.9
DEU,Germany,Central Europe,Temperate Continental,2002,Spring (MAM),8.638351254480286,1.1612246117084826,187.3,5.200000000000003
DEU,Germany,Central Europe,Temperate Continental,2002,Summer (JJA),17.715232974910393,1.33516367980884,274.6,73.69000000000003
DEU,Germany,Central Europe,Temperate Continental,2002,Winter (DJF),1.700268817204301,1.8069835972950548,205.60000000000002,62.7
DEU,Germany,Central Europe,Temperate Continental,2003,Autumn (SON),8.864444444444445,-0.2158649940262848,134.5,-8.599999999999994
DEU,Germany,Central Europe,Temperate Continental,2003,Spring (MAM),9.036272401433692,1.559145758661888,110.4,-71.7
DEU,Germany,Central Europe,Temperate Continental,2003,Summer (JJA),20.112473118279567,3.7324038231780157,98.30000000000001,-102.61
DEU,Germany,Central Europe,Temperate Continental,2003,Winter (DJF),-0.26167434715821813,-0.15495956706746458,101.69999999999999,-41.20000000000001
DEU,Germany,Central Europe,Temperate Continental,2004,Autumn (SON),9.584731182795698,0.5044217443249698,130.4,-12.700000000000003
DEU,Germany,Central Europe,Temperate Continental,2004,Spring (MAM),8.06910394265233,0.591977299880526,170.9,-11.200000000000003
DEU,Germany,Central Europe,Temperate Continental,2004,Summer (JJA),16.883655913978497,0.5035866188769417,190.2,-10.710000000000015
DEU,Germany,Central Europe,Temperate Continental,2004,Winter (DJF),1.2140526510938079,1.3207674311845612,136.2,-6.700000000000003
DEU,Germany,Central Europe,Temperate Continental,2005,Autumn (SON),10.717885304659498,1.637575866188769,103.60000000000001,-39.5
DEU,Germany,Central Europe,Temperate Continental,2005,Spring (MAM),8.358387096774193,0.8812604540023893,159.3,-22.800000000000004
DEU,Germany,Central Europe,Temperate Continental,2005,Summer (JJA),16.914372759856633,0.534303464755079,150.1,-50.81
DEU,Germany,Central Europe,Temperate Continental,2005,Winter (DJF),0.5736943164362519,0.6804090965270052,149.1,6.199999999999996
DEU,Germany,Central Europe,Temperate Continental,2006,Autumn (SON),12.396236559139785,3.315927120669057,96.30000000000001,-46.8
DEU,Germany,Central Europe,Temperate Continental,2006,Spring (MAM),7.326129032258064,-0.15099761051373908,198.8,16.699999999999996
DEU,Germany,Central Europe,Temperate Continental,2006,Summer (JJA),18.184731182795698,1.8046618876941452,171.0,-29.910000000000004
DEU,Germany,Central Europe,Temperate Continental,2006,Winter (DJF),0.6940092165898618,0.8007239966806153,86.8,-56.10000000000001
DEU,Germany,Central Europe,Temperate Continental,2007,Autumn (SON),8.360645161290323,-0.719664277180407,181.3,38.2
DEU,Germany,Central Europe,Temperate Continental,2007,Spring (MAM),10.52168458781362,3.0445579450418165,175.39999999999998,-6.700000000000003
DEU,Germany,Central Europe,Temperate Continental,2007,Summer (JJA),17.23641577060932,0.8563464755077668,307.09999999999997,106.18999999999997
DEU,Germany,Central Europe,Temperate Continental,2007,Winter (DJF),3.431374807987711,3.538089588078465,187.6,44.699999999999996
DEU,Germany,Central Europe,Temperate Continental,2008,Autumn (SON),8.868996415770608,-0.21131302270012023,151.6,8.5
DEU,Germany,Central Europe,Temperate Continental,2008,Spring (MAM),8.61111111111111,1.1339844683393068,191.60000000000002,9.500000000000007
DEU,Germany,Central Europe,Temperate Continental,2008,Summer (JJA),17.822437275985664,1.4423679808841097,171.6,-29.310000000000002
DEU,Germany,Central Europe,Temperate Continental,2008,Winter (DJF),2.7055988134964775,2.812313593587231,93.0,-49.900000000000006
DEU,Germany,Central Europe,Temperate Continental,2009,Autumn (SON),10.31752688172043,1.2372174432497003,185.7,42.599999999999994
DEU,Germany,Central Europe,Temperate Continental,2009,Spring (MAM),9.737240143369176,2.2601135005973716,169.6,-12.5
DEU,Germany,Central Europe,Temperate Continental,2009,Summer (JJA),17.301899641577062,0.921830346475509,183.89999999999998,-17.010000000000012
DEU,Germany,Central Europe,Temperate Continental,2009,Winter (DJF),-0.45537634408602146,-0.348661563995268,173.3,30.399999999999988
DEU,Germany,Central Europe,Temperate Continental,2010,Autumn (SON),8.396523297491038,-0.68378614097969,191.6,48.49999999999999
DEU,Germany,Central Europe,Temperate Continental,2010,Spring (MAM),7.532616487455197,0.055489844683393574,160.4,-21.700000000000003
DEU,Germany,Central Europe,Temperate Continental,2010,Summer (JJA),18.166344086021507,1.786274790919953,204.0,3.0900000000000034
DEU,Germany,Central Europe,Temperate Continental,2010,Winter (DJF),-3.589746543778802,-3.483031763688049,161.9,18.999999999999993
DEU,Germany,Central Europe,Temperate Continental,2011,Autumn (SON),9.966917562724014,0.8866081242532845,70.5,-72.6
DEU,Germany,Central Europe,Temperate Continental,2011,Spring (MAM),10.141397849462365,2.664271206690562,64.4,-117.7
DEU,Germany,Central Europe,Temperate Continental,2011,Summer (JJA),17.188853046594982,0.8087837514934281,203.9,2.990000000000002
DEU,Germany,Central Europe,Temperate Continental,2011,Winter (DJF),1.7664746543778802,1.8731894344686335,145.39999999999998,2.4999999999999893
DEU,Germany,Central Europe,Temperate Continental,2012,Autumn (SON),9.34720430107527,0.26689486260453954,116.2,-26.9
DEU,Germany,Central Europe,Temperate Continental,2012,Spring (MAM),9.79146953405018,2.314342891278376,100.2,-81.9
DEU,Germany,Central Europe,Temperate Continental,2012,Summer (JJA),17.17494623655914,0.7948769414575866,260.0,59.089999999999996
DEU,Germany,Central Europe,Temperate Continental,2012,Winter (DJF),0.46414534668149793,0.5708601267722515,193.0,50.1
DEU,Germany,Central Europe,Temperate Continental,2013,Autumn (SON),9.638136200716845,0.5578267622461164,216.39999999999998,73.29999999999998
DEU,Germany,Central Europe,Temperate Continental,2013,Spring (MAM),6.128637992831542,-1.3484886499402622,218.5,36.4
DEU,Germany,Central Europe,Temperate Continental,2013,Summer (JJA),17.859713261648746,1.479643966547193,129.9,-71.00999999999999
DEU,Germany,Central Europe,Temperate Continental,2013,Winter (DJF),0.7977726574500769,0.9044874375408304,124.10000000000001,-18.799999999999997
DEU,Germany,Central Europe,Temperate Continental,2014,Autumn (SON),11.191433691756272,2.1111242532855425,118.89999999999999,-24.20000000000001
DEU,Germany,Central Europe,Temperate Continental,2014,Spring (MAM),10.314731182795699,2.837604540023896,146.39999999999998,-35.70000000000001
DEU,Germany,Central Europe,Temperate Continental,2014,Summer (JJA),17.14458781362007,0.7645185185185183,260.2,59.29
DEU,Germany,Central Europe,Temperate Continental,2014,Winter (DJF),2.694431643625192,2.801146423715945,115.4,-27.500000000000007
DEU,Germany,Central Europe,Temperate Continental,2015,Autumn (SON),9.755376344086022,0.6750669056152917,170.5,27.400000000000006
DEU,Germany,Central Europe,Temperate Continental,2015,Spring (MAM),8.3852688172043,0.9081421744324967,109.3,-72.8
DEU,Germany,Central Europe,Temperate Continental,2015,Summer (JJA),18.665053763440863,2.284984468339307,175.9,-25.010000000000005
DEU,Germany,Central Europe,Temperate Continental,2015,Winter (DJF),3.1152073732718892,3.2219221533626428,103.1,-39.800000000000004
DEU,Germany,Central Europe,Temperate Continental,2016,Autumn (SON),10.27426523297491,1.1939557945041808,145.79999999999998,2.6999999999999886
DEU,Germany,Central Europe,Temperate Continental,2016,Spring (MAM),8.443942652329751,0.966816009557946,143.3,-38.800000000000004
DEU,Germany,Central Europe,Temperate Continental,2016,Summer (JJA),18.21025089605735,1.8301816009557956,144.0,-56.91
DEU,Germany,Central Europe,Temperate Continental,2016,Winter (DJF),1.9597701149425284,2.066484895033282,148.5,5.599999999999994
DEU,Germany,Central Europe,Temperate Continental,2017,Autumn (SON),9.813333333333333,0.7330238948626034,161.2,18.099999999999994
DEU,Germany,Central Europe,Temperate Continental,2017,Spring (MAM),9.244086021505376,1.7669593787335727,124.5,-57.60000000000001
DEU,Germany,Central Europe,Temperate Continental,2017,Summer (JJA),17.898172043010753,1.5181027479092002,280.9,79.98999999999998
DEU,Germany,Central Europe,Temperate Continental,2017,Winter (DJF),1.060867895545315,1.1675826756360685,145.5,2.5999999999999943
DEU,Germany,Central Europe,Temperate Continental,2018,Autumn (SON),10.388602150537634,1.3082927120669057,108.3,-34.800000000000004
DEU,Germany,Central Europe,Temperate Continental,2018,Spring (MAM),9.858530465949821,2.3814038231780175,148.7,-33.4
DEU,Germany,Central Europe,Temperate Continental,2018,Summer (JJA),20.139856630824372,3.7597873357228195,57.7,-143.21
DEU,Germany,Central Europe,Temperate Continental,2018,Winter (DJF),1.7207757296466972,1.8274905097374508,176.3,33.39999999999999
DEU,Germany,Central Europe,Temperate Continental,2019,Autumn (SON),10.243189964157706,1.1628805256869763,163.2,20.099999999999994
DEU,Germany,Central Europe,Temperate Continental,2019,Spring (MAM),8.944551971326165,1.467425328554361,175.6,-6.5
DEU,Germany,Central Europe,Temperate Continental,2019,Summer (JJA),19.66448028673835,3.2844109916367983,128.5,-72.41
DEU,Germany,Central Europe,Temperate Continental,2019,Winter (DJF),2.527726574500768,2.6344413545915217,138.0,-4.900000000000013
DEU,Germany,Central Europe,Temperate Continental,2020,Autumn (SON),10.395125448028674,1.3148160095579449,116.49999999999999,-26.60000000000001
DEU,Germany,Central Europe,Temperate Continental,2020,Spring (MAM),9.008566308243728,1.531439665471923,96.9,-85.19999999999999
DEU,Germany,Central Europe,Temperate Continental,2020,Summer (JJA),18.525268817204303,2.145199522102748,204.8,3.8899999999999935
DEU,Germany,Central Europe,Temperate Continental,2020,Winter (DJF),3.779124953652206,3.88583973374296,167.6,24.69999999999999
DEU,Germany,Central Europe,Temperate Continental,2021,Autumn (SON),9.830645161290322,0.7503357228195933,101.7,-41.4
DEU,Germany,Central Europe,Temperate Continental,2021,Spring (MAM),7.003978494623656,-0.4731481481481475,163.5,-18.599999999999994
DEU,Germany,Central Europe,Temperate Continental,2021,Summer (JJA),17.941648745519714,1.5615794504181615,239.3,38.38999999999999
DEU,Germany,Central Europe,Temperate Continental,2021,Winter (DJF),1.044815668202765,1.1515304482935182,182.9,40.0
DEU,Germany,Central Europe,Temperate Continental,2022,Autumn (SON),10.629068100358422,1.5487586618876934,155.7,12.599999999999994
DEU,Germany,Central Europe,Temperate Continental,2022,Spring (MAM),8.52731182795699,1.0501851851851853,106.1,-76.0
DEU,Germany,Central Europe,Temperate Continental,2022,Summer (JJA),19.694946236559137,3.314876941457586,115.4,-85.51
DEU,Germany,Central Europe,Temperate Continental,2022,Winter (DJF),2.8951228878648236,3.001837667955577,175.4,32.49999999999999
DEU,Germany,Central Europe,Temperate Continental,2023,Autumn (SON),11.664551971326164,2.584242532855435,182.39999999999998,39.3
DEU,Germany,Central Europe,Temperate Continental,2023,Spring (MAM),8.44741935483871,0.9702927120669059,193.1,10.999999999999986
DEU,Germany,Central Europe,Temperate Continental,2023,Summer (JJA),18.780430107526882,2.4003608124253284,202.2,1.2899999999999991
DEU,Germany,Central Europe,Temperate Continental,2023,Winter (DJF),3.544508448540707,3.65122322863146,182.6,39.699999999999996
ESP,Spain,Southern Europe,Mediterranean / Semi-Arid,1960,Autumn (SON),14.45673835125448,-0.914275985663083,248.5,107.79000000000005
ESP,Spain,Southern Europe,Mediterranean / Semi-Arid,1960,Spring (MAM),13.494408602150537,0.9136332138590202,157.5,13.743333333333325
ESP,Spain,Southern Europe,Mediterranean / Semi-Arid,1960,Summer (JJA),24.46964157706093,0.29612066905615225,20.9,-34.989999999999995
ESP,Spain,Southern Europe,Mediterranean / Semi-Arid,1960,Winter (DJF),5.9279569892473125,-0.2733740311104045,236.0,84.22
ESP,Spain,Southern Europe,Mediterranean / Semi-Arid,1961,Autumn (SON),15.640250896057347,0.2692365591397839,217.5,76.79
ESP,Spain,Southern Europe,Mediterranean / Semi-Arid,1961,Spring (MAM),15.097347670250896,2.516572281959378,113.9,-29.856666666666673
ESP,Spain,Southern Europe,Mediterranean / Semi-Arid,1961,Summer (JJA),25.126559139784945,0.9530382317801672,26.799999999999997,-29.09
ESP,Spain,Southern Europe,Mediterranean / Semi-Arid,1961,Winter (DJF),7.386674347158217,1.1853433268005011,92.3,-59.480000000000004
ESP,Spain,Southern Europe,Mediterranean / Semi-Arid,1962,Autumn (SON),15.545197132616487,0.1741827956989237,134.6,-6.109999999999992
ESP,Spain,Southern Europe,Mediterranean / Semi-Arid,1962,Spring (MAM),12.577706093189965,-0.0030692951015544403,209.5,65.74333333333331
ESP,Spain,Southern Europe,Mediterranean / Semi-Arid,1962,Summer (JJA),25.375878136200715,1.2023572281959396,25.7,-30.189999999999998
ESP,Spain,Southern Europe,Mediterranean / Semi-Arid,1962,Winter (DJF),6.024846390168971,-0.17648463018874563,150.5,-1.2800000000000153
ESP,Spain,Southern Europe,Mediterranean / Semi-Arid,1963,Autumn (SON),15.247347670250896,-0.12366666666666622,185.3,44.59
ESP,Spain,Southern Europe,Mediterranean / Semi-Arid,1963,Spring (MAM),12.649677419354838,0.06890203106332038,164.3,20.543333333333333
ESP,Spain,Southern Europe,Mediterranean / Semi-Arid,1963,Summer (JJA),23.513691756272397,-0.659829151732378,61.099999999999994,5.209999999999997
ESP,Spain,Southern Europe,Mediterranean / Semi-Arid,1963,Winter (DJF),5.275537634408602,-0.9257933859491144,321.6,169.82000000000002
ESP,Spain,Southern Europe,Mediterranean / Semi-Arid,1964,Autumn (SON),15.624193548387098,0.2531792114695334,63.6,-77.10999999999999
ESP,Spain,Southern Europe,Mediterranean / Semi-Arid,1964,Spring (MAM),14.090107526881718,1.5093321385902023,92.8,-50.95666666666668
ESP,Spain,Southern Europe,Mediterranean / Semi-Arid,1964,Summer (JJA),24.55071684587814,0.37719593787335626,39.0,-16.89
ESP,Spain,Southern Europe,Mediterranean / Semi-Arid,1964,Winter (DJF),5.5344456803856135,-0.6668853399721026,151.89999999999998,0.11999999999999034
ESP,Spain,Southern Europe,Mediterranean / Semi-Arid,1965,Autumn (SON),14.374265232974912,-0.996749103942653,275.8,135.09000000000003
ESP,Spain,Southern Europe,Mediterranean / Semi-Arid,1965,Spring (MAM),14.03283154121864,1.4520561529271212,115.60000000000001,-28.15666666666667
ESP,Spain,Southern Europe,Mediterranean / Semi-Arid,1965,Summer (JJA),25.139175627240146,0.9656547192353647,19.599999999999998,-36.29
ESP,Spain,Southern Europe,Mediterranean / Semi-Arid,1965,Winter (DJF),5.297081413210445,-0.9042496071472712,128.2,-23.580000000000013
ESP,Spain,Southern Europe,Mediterranean / Semi-Arid,1966,Autumn (SON),14.053369175627239,-1.3176451612903237,190.7,49.990000000000016
ESP,Spain,Southern Europe,Mediterranean / Semi-Arid,1966,Spring (MAM),13.298781362007169,0.7180059737156507,84.3,-59.45666666666668
ESP,Spain,Southern Europe,Mediterranean / Semi-Arid,1966,Summer (JJA),24.10326164874552,-0.07025925925925947,39.800000000000004,-16.089999999999996
ESP,Spain,Southern Europe,Mediterranean / Semi-Arid,1966,Winter (DJF),7.547465437788017,1.3461344174303014,174.6,22.81999999999998
ESP,Spain,Southern Europe,Mediterranean / Semi-Arid,1967,Autumn (SON),15.860501792114697,0.48948745519713316,176.70000000000002,35.990000000000016
ESP,Spain,Southern Europe,Mediterranean / Semi-Arid,1967,Spring (MAM),12.360143369175626,-0.22063201911589006,131.5,-12.256666666666675
ESP,Spain,Southern Europe,Mediterranean / Semi-Arid,1967,Summer (JJA),24.438566308243725,0.2650454002389478,31.0,-24.889999999999997
ESP,Spain,Southern Europe,Mediterranean / Semi-Arid,1967,Winter (DJF),4.907565284178188,-1.293765736179529,107.89999999999999,-43.88000000000001
ESP,Spain,Southern Europe,Mediterranean / Semi-Arid,1968,Autumn (SON),16.027992831541216,0.6569784946236545,115.4,-25.309999999999995
ESP,Spain,Southern Europe,Mediterranean / Semi-Arid,1968,Spring (MAM),11.909964157706092,-0.670811230585425,135.9,-7.85666666666668
ESP,Spain,Southern Europe,Mediterranean / Semi-Arid,1968,Summer (JJA),24.713727598566308,0.5402066905615293,50.2,-5.689999999999998
ESP,Spain,Southern Europe,Mediterranean / Semi-Arid,1968,Winter (DJF),5.996292176492399,-0.20503884386531782,140.9,-10.880000000000003
ESP,Spain,Southern Europe,Mediterranean / Semi-Arid,1969,Autumn (SON),13.316200716845877,-2.0548136200716853,188.3,47.59000000000001
ESP,Spain,Southern Europe,Mediterranean / Semi-Arid,1969,Spring (MAM),11.907168458781362,-0.6736069295101554,202.3,58.54333333333332
ESP,Spain,Southern Europe,Mediterranean / Semi-Arid,1969,Summer (JJA),23.856738351254478,-0.3167825567502997,61.9,6.01
ESP,Spain,Southern Europe,Mediterranean / Semi-Arid,1969,Winter (DJF),5.375307219662059,-0.8260238006956581,174.3,22.51999999999999
ESP,Spain,Southern Europe,Mediterranean / Semi-Arid,1970,Autumn (SON),16.767741935483873,1.3967275985663086,68.0,-72.71
ESP,Spain,Southern Europe,Mediterranean / Semi-Arid,1970,Spring (MAM),12.332867383512545,-0.24790800477897376,94.6,-49.15666666666668
ESP,Spain,Southern Europe,Mediterranean / Semi-Arid,1970,Summer (JJA),24.142544802867388,-0.030976105137394683,51.6,-4.289999999999999
ESP,Spain,Southern Europe,Mediterranean / Semi-Arid,1970,Winter (DJF),5.870622119815668,-0.3307089005420483,195.8,44.01999999999998
ESP,Spain,Southern Europe,Mediterranean / Semi-Arid,1971,Autumn (SON),14.958172043010753,-0.4128422939068101,81.19999999999999,-59.51
ESP,Spain,Southern Europe,Mediterranean / Semi-Arid,1971,Spring (MAM),10.228673835125448,-2.352101553166069,349.5,205.74333333333334
ESP,Spain,Southern Europe,Mediterranean / Semi-Arid,1971,Summer (JJA),21.208924731182794,-2.9645961768219835,129.5,73.61
ESP,Spain,Southern Europe,Mediterranean / Semi-Arid,1971,Winter (DJF),5.919162826420891,-0.28216819393682585,141.1,-10.680000000000014
ESP,Spain,Southern Europe,Mediterranean / Semi-Arid,1972,Autumn (SON),13.366666666666665,-2.004347670250897,312.0,171.29000000000002
ESP,Spain,Southern Europe,Mediterranean / Semi-Arid,1972,Spring (MAM),11.770107526881722,-0.8106678614097967,118.3,-25.456666666666678
ESP,Spain,Southern Europe,Mediterranean / Semi-Arid,1972,Summer (JJA),22.42584229390681,-1.74767861409797,102.9,47.010000000000005
ESP,Spain,Southern Europe,Mediterranean / Semi-Arid,1972,Winter (DJF),5.443270300333705,-0.7580607200240118,225.0,73.22
ESP,Spain,Southern Europe,Mediterranean / Semi-Arid,1973,Autumn (SON),14.92741935483871,-0.44359498207885356,69.2,-71.50999999999999
ESP,Spain,Southern Europe,Mediterranean / Semi-Arid,1973,Spring (MAM),12.323906810035842,-0.2568685782556752,133.9,-9.856666666666676
ESP,Spain,Southern Europe,Mediterranean / Semi-Arid,1973,Summer (JJA),23.888673835125445,-0.2848470728793326,65.9,10.010000000000003
ESP,Spain,Southern Europe,Mediterranean / Semi-Arid,1973,Winter (DJF),5.001612903225806,-1.19971811713191,146.0,-5.780000000000015
ESP,Spain,Southern Europe,Mediterranean / Semi-Arid,1974,Autumn (SON),14.358243727598568,-1.012770609318996,87.9,-52.80999999999999
ESP,Spain,Southern Europe,Mediterranean / Semi-Arid,1974,Spring (MAM),12.288494623655914,-0.2922807646356039,148.0,4.243333333333325
ESP,Spain,Southern Europe,Mediterranean / Semi-Arid,1974,Summer (JJA),23.608243727598563,-0.5652771804062139,88.0,32.11
ESP,Spain,Southern Europe,Mediterranean / Semi-Arid,1974,Winter (DJF),6.158102918586789,-0.04322810177092654,85.3,-66.48000000000002
ESP,Spain,Southern Europe,Mediterranean / Semi-Arid,1975,Autumn (SON),14.70247311827957,-0.6685412186379924,67.3,-73.41
ESP,Spain,Southern Europe,Mediterranean / Semi-Arid,1975,Spring (MAM),11.07720430107527,-1.5035710872162493,211.9,68.14333333333332
ESP,Spain,Southern Europe,Mediterranean / Semi-Arid,1975,Summer (JJA),23.918781362007167,-0.2547395459976111,58.900000000000006,3.0100000000000033
ESP,Spain,Southern Europe,Mediterranean / Semi-Arid,1975,Winter (DJF),6.147619047619048,-0.05371197273866871,162.0,10.219999999999995
ESP,Spain,Southern Europe,Mediterranean / Semi-Arid,1976,Autumn (SON),12.868172043010754,-2.50284229390681,122.6,-18.11
ESP,Spain,Southern Europe,Mediterranean / Semi-Arid,1976,Spring (MAM),12.956200716845878,0.3754253285543605,124.5,-19.256666666666675
ESP,Spain,Southern Europe,Mediterranean / Semi-Arid,1976,Summer (JJA),24.04741935483871,-0.12610155316606964,90.30000000000001,34.410000000000004
ESP,Spain,Southern Europe,Mediterranean / Semi-Arid,1976,Winter (DJF),6.462736373748609,0.2614053533908933,145.1,-6.680000000000007
ESP,Spain,Southern Europe,Mediterranean / Semi-Arid,1977,Autumn (SON),15.817741935483872,0.446727598566308,125.1,-15.609999999999996
ESP,Spain,Southern Europe,Mediterranean / Semi-Arid,1977,Spring (MAM),13.01820788530466,0.43743249701314174,107.4,-36.356666666666676
ESP,Spain,Southern Europe,Mediterranean / Semi-Arid,1977,Summer (JJA),20.97853046594982,-3.1949904420549586,78.1,22.21
ESP,Spain,Southern Europe,Mediterranean / Semi-Arid,1977,Winter (DJF),7.626728110599079,1.4253970902413624,249.0,97.22
ESP,Spain,Southern Europe,Mediterranean / Semi-Arid,1978,Autumn (SON),16.6215770609319,1.2505627240143375,42.6,-98.10999999999999
ESP,Spain,Southern Europe,Mediterranean / Semi-Arid,1978,Spring (MAM),11.082508960573477,-1.4982664277180415,134.1,-9.656666666666673
ESP,Spain,Southern Europe,Mediterranean / Semi-Arid,1978,Summer (JJA),23.402616487455195,-0.770904420549582,41.8,-14.09
ESP,Spain,Southern Europe,Mediterranean / Semi-Arid,1978,Winter (DJF),7.090706605222734,0.8893755848650177,208.1,56.31999999999999
ESP,Spain,Southern Europe,Mediterranean / Semi-Arid,1979,Autumn (SON),14.212401433691754,-1.1586129032258075,189.5,48.79000000000002
ESP,Spain,Southern Europe,Mediterranean / Semi-Arid,1979,Spring (MAM),12.109856630824373,-0.4709187574671443,113.9,-29.85666666666667
ESP,Spain,Southern Europe,Mediterranean / Semi-Arid,1979,Summer (JJA),24.786559139784945,0.6130382317801674,44.6,-11.290000000000001
ESP,Spain,Southern Europe,Mediterranean / Semi-Arid,1979,Winter (DJF),7.228571428571428,1.0272404082137119,201.6,49.81999999999999
ESP,Spain,Southern Europe,Mediterranean / Semi-Arid,1980,Autumn (SON),15.601326164874552,0.23031182795698868,117.4,-23.309999999999995
ESP,Spain,Southern Europe,Mediterranean / Semi-Arid,1980,Spring (MAM),12.019211469534051,-0.5615639187574667,150.0,6.243333333333332
ESP,Spain,Southern Europe,Mediterranean / Semi-Arid,1980,Summer (JJA),24.18408602150538,0.010565113500598263,49.7,-6.1899999999999995
ESP,Spain,Southern Europe,Mediterranean / Semi-Arid,1980,Winter (DJF),5.833518724508713,-0.36781229584900316,53.4,-98.38000000000001
ESP,Spain,Southern Europe,Mediterranean / Semi-Arid,1981,Autumn (SON),16.578673835125446,1.2076594982078852,32.5,-108.21
ESP,Spain,Southern Europe,Mediterranean / Semi-Arid,1981,Spring (MAM),12.820645161290322,0.23986977299880508,166.4,22.643333333333324
ESP,Spain,Southern Europe,Mediterranean / Semi-Arid,1981,Summer (JJA),24.564767025089605,0.3912461170848272,74.0,18.11
ESP,Spain,Southern Europe,Mediterranean / Semi-Arid,1981,Winter (DJF),6.165514592933948,-0.035816427423768595,157.0,5.219999999999992
ESP,Spain,Southern Europe,Mediterranean / Semi-Arid,1982,Autumn (SON),14.562795698924733,-0.8082186379928302,139.9,-0.8099999999999916
ESP,Spain,Southern Europe,Mediterranean / Semi-Arid,1982,Spring (MAM),13.579856630824372,0.9990812425328546,139.8,-3.956666666666681
ESP,Spain,Southern Europe,Mediterranean / Semi-Arid,1982,Summer (JJA),23.927813620071685,-0.2457072879330937,67.5,11.610000000000003
ESP,Spain,Southern Europe,Mediterranean / Semi-Arid,1982,Winter (DJF),6.924539170506914,0.7232081501491964,106.3,-45.48000000000001
ESP,Spain,Southern Europe,Mediterranean / Semi-Arid,1983,Autumn (SON),17.41820788530466,2.047193548387097,181.2,40.49
ESP,Spain,Southern Europe,Mediterranean / Semi-Arid,1983,Spring (MAM),12.517455197132618,-0.0633201911589012,89.39999999999999,-54.35666666666668
ESP,Spain,Southern Europe,Mediterranean / Semi-Arid,1983,Summer (JJA),24.416810035842293,0.24328912783751497,89.3,33.41
ESP,Spain,Southern Europe,Mediterranean / Semi-Arid,1983,Winter (DJF),5.350614439324116,-0.8507165810335998,59.9,-91.88000000000001
ESP,Spain,Southern Europe,Mediterranean / Semi-Arid,1984,Autumn (SON),15.474910394265232,0.1038960573476692,184.5,43.790000000000006
ESP,Spain,Southern Europe,Mediterranean / Semi-Arid,1984,Spring (MAM),10.874014336917563,-1.7067610513739553,201.1,57.34333333333333
ESP,Spain,Southern Europe,Mediterranean / Semi-Arid,1984,Summer (JJA),23.892258064516128,-0.2812628434886501,31.0,-24.889999999999997
ESP,Spain,Southern Europe,Mediterranean / Semi-Arid,1984,Winter (DJF),5.938005190952911,-0.2633258294048056,66.0,-85.78
ESP,Spain,Southern Europe,Mediterranean / Semi-Arid,1985,Autumn (SON),17.53390681003584,2.1628924731182795,55.6,-85.10999999999999
ESP,Spain,Southern Europe,Mediterranean / Semi-Arid,1985,Spring (MAM),12.311111111111112,-0.2696642771804066,102.7,-41.05666666666667
ESP,Spain,Southern Europe,Mediterranean / Semi-Arid,1985,Summer (JJA),25.311146953405018,1.1376260454002391,32.3,-23.589999999999996
ESP,Spain,Southern Europe,Mediterranean / Semi-Arid,1985,Winter (DJF),6.35810291858679,0.15677189822907334,199.2,47.41999999999999
ESP,Spain,Southern Europe,Mediterranean / Semi-Arid,1986,Autumn (SON),15.482329749103945,0.11131541218638041,148.0,7.289999999999992
ESP,Spain,Southern Europe,Mediterranean / Semi-Arid,1986,Spring (MAM),12.314731182795699,-0.26604420549581914,115.5,-28.25666666666668
ESP,Spain,Southern Europe,Mediterranean / Semi-Arid,1986,Summer (JJA),25.406810035842295,1.2332891278375147,33.7,-22.189999999999998
ESP,Spain,Southern Europe,Mediterranean / Semi-Arid,1986,Winter (DJF),5.777035330261136,-0.42429569009657947,127.8,-23.980000000000018
ESP,Spain,Southern Europe,Mediterranean / Semi-Arid,1987,Autumn (SON),15.886702508960575,0.5156881720430112,169.2,28.490000000000002
ESP,Spain,Southern Europe,Mediterranean / Semi-Arid,1987,Spring (MAM),14.064086021505375,1.4833106332138584,125.0,-18.75666666666668
ESP,Spain,Southern Europe,Mediterranean / Semi-Arid,1987,Summer (JJA),24.682724014336916,0.5092031063321384,72.2,16.309999999999995
ESP,Spain,Southern Europe,Mediterranean / Semi-Arid,1987,Winter (DJF),6.62741935483871,0.4260883344809934,245.1,93.32
ESP,Spain,Southern Europe,Mediterranean / Semi-Arid,1988,Autumn (SON),16.28795698924731,0.9169426523297481,130.9,-9.809999999999992
ESP,Spain,Southern Europe,Mediterranean / Semi-Arid,1988,Spring (MAM),13.054874551971325,0.4740991636798088,118.0,-25.756666666666675
ESP,Spain,Southern Europe,Mediterranean / Semi-Arid,1988,Summer (JJA),23.42942652329749,-0.7440943847072875,86.60000000000001,30.710000000000008
ESP,Spain,Southern Europe,Mediterranean / Semi-Arid,1988,Winter (DJF),6.386577678902484,0.1852466585447683,81.39999999999999,-70.38000000000001
ESP,Spain,Southern Europe,Mediterranean / Semi-Arid,1989,Autumn (SON),16.5110394265233,1.1400250896057365,205.8,65.09000000000003
ESP,Spain,Southern Europe,Mediterranean / Semi-Arid,1989,Spring (MAM),13.510071684587814,0.9292962962962967,199.7,55.94333333333333
ESP,Spain,Southern Europe,Mediterranean / Semi-Arid,1989,Summer (JJA),25.95204301075269,1.7785221027479114,18.9,-36.989999999999995
ESP,Spain,Southern Europe,Mediterranean / Semi-Arid,1989,Winter (DJF),7.4264208909370195,1.2250898705793034,209.79999999999998,58.01999999999999
ESP,Spain,Southern Europe,Mediterranean / Semi-Arid,1990,Autumn (SON),15.502652329749104,0.13163799283154098,143.0,2.2900000000000063
ESP,Spain,Southern Europe,Mediterranean / Semi-Arid,1990,Spring (MAM),13.245448028673835,0.6646726403823179,118.9,-24.856666666666676
ESP,Spain,Southern Europe,Mediterranean / Semi-Arid,1990,Summer (JJA),26.21129032258065,2.0377694145758674,14.8,-41.089999999999996
ESP,Spain,Southern Europe,Mediterranean / Semi-Arid,1990,Winter (DJF),6.957834101382488,0.7565030810247725,46.3,-105.48000000000002
ESP,Spain,Southern Europe,Mediterranean / Semi-Arid,1991,Autumn (SON),14.639641577060933,-0.7313727598566307,146.0,5.290000000000003
ESP,Spain,Southern Europe,Mediterranean / Semi-Arid,1991,Spring (MAM),12.747491039426523,0.16671565113500542,120.6,-23.156666666666688
ESP,Spain,Southern Europe,Mediterranean / Semi-Arid,1991,Summer (JJA),26.36236559139785,2.18884468339307,27.7,-28.189999999999998
ESP,Spain,Southern Europe,Mediterranean / Semi-Arid,1991,Winter (DJF),5.664823348694316,-0.5365076716633999,112.1,-39.68000000000001
ESP,Spain,Southern Europe,Mediterranean / Semi-Arid,1992,Autumn (SON),14.991075268817205,-0.3799390681003576,93.19999999999999,-47.50999999999999
ESP,Spain,Southern Europe,Mediterranean / Semi-Arid,1992,Spring (MAM),14.565913978494622,1.9851385902031058,110.4,-33.35666666666667
ESP,Spain,Southern Europe,Mediterranean / Semi-Arid,1992,Summer (JJA),22.959569892473116,-1.2139510155316617,87.6,31.709999999999994
ESP,Spain,Southern Europe,Mediterranean / Semi-Arid,1992,Winter (DJF),5.4628105302187615,-0.7385204901389547,61.8,-89.98
ESP,Spain,Southern Europe,Mediterranean / Semi-Arid,1993,Autumn (SON),12.932437275985663,-2.4385770609319004,173.7,32.99000000000001
ESP,Spain,Southern Europe,Mediterranean / Semi-Arid,1993,Spring (MAM),12.335340501792116,-0.24543488649940257,156.7,12.943333333333332
ESP,Spain,Southern Europe,Mediterranean / Semi-Arid,1993,Summer (JJA),24.439605734767024,0.26608482676224554,26.1,-29.79
ESP,Spain,Southern Europe,Mediterranean / Semi-Arid,1993,Winter (DJF),5.729339477726575,-0.47199154263114185,34.8,-116.98000000000002
ESP,Spain,Southern Europe,Mediterranean / Semi-Arid,1994,Autumn (SON),15.295483870967743,-0.0755304659498209,100.4,-40.30999999999999
ESP,Spain,Southern Europe,Mediterranean / Semi-Arid,1994,Spring (MAM),14.122974910394268,1.542199522102748,66.19999999999999,-77.55666666666667
ESP,Spain,Southern Europe,Mediterranean / Semi-Arid,1994,Summer (JJA),26.585268817204298,2.4117479091995215,16.1,-39.79
ESP,Spain,Southern Europe,Mediterranean / Semi-Arid,1994,Winter (DJF),6.575729646697389,0.3743986263396722,88.80000000000001,-62.980000000000004
ESP,Spain,Southern Europe,Mediterranean / Semi-Arid,1995,Autumn (SON),16.266523297491037,0.8955089605734763,111.6,-29.109999999999992
ESP,Spain,Southern Europe,Mediterranean / Semi-Arid,1995,Spring (MAM),15.262831541218638,2.682056152927121,35.6,-108.15666666666668
ESP,Spain,Southern Europe,Mediterranean / Semi-Arid,1995,Summer (JJA),25.564659498207885,1.3911385902031057,44.400000000000006,-11.489999999999997
ESP,Spain,Southern Europe,Mediterranean / Semi-Arid,1995,Winter (DJF),7.989784946236559,1.7884539258788423,151.0,-0.7800000000000047
ESP,Spain,Southern Europe,Mediterranean / Semi-Arid,1996,Autumn (SON),14.916093189964158,-0.4549211469534053,134.70000000000002,-6.009999999999984
ESP,Spain,Southern Europe,Mediterranean / Semi-Arid,1996,Spring (MAM),13.068136200716845,0.4873608124253277,121.1,-22.656666666666673
ESP,Spain,Southern Europe,Mediterranean / Semi-Arid,1996,Summer (JJA),25.100071684587817,0.9265507765830362,15.7,-40.19
ESP,Spain,Southern Europe,Mediterranean / Semi-Arid,1996,Winter (DJF),7.2906192065257684,1.0892881861680526,337.9,186.12
ESP,Spain,Southern Europe,Mediterranean / Semi-Arid,1997,Autumn (SON),16.921433691756274,1.550419354838711,182.8,42.09
ESP,Spain,Southern Europe,Mediterranean / Semi-Arid,1997,Spring (MAM),15.741577060931897,3.1608016726403814,120.9,-22.85666666666667
ESP,Spain,Southern Europe,Mediterranean / Semi-Arid,1997,Summer (JJA),22.525232974910395,-1.6482879330943838,144.8,88.91000000000001
ESP,Spain,Southern Europe,Mediterranean / Semi-Arid,1997,Winter (DJF),7.666321044546851,1.4649900241891345,211.7,59.91999999999999
ESP,Spain,Southern Europe,Mediterranean / Semi-Arid,1998,Autumn (SON),15.230286738351253,-0.14072759856630826,87.69999999999999,-53.00999999999999
ESP,Spain,Southern Europe,Mediterranean / Semi-Arid,1998,Spring (MAM),13.18146953405018,0.6006941457586615,142.6,-1.1566666666666805
ESP,Spain,Southern Europe,Mediterranean / Semi-Arid,1998,Summer (JJA),25.83390681003584,1.660385902031064,42.7,-13.19
ESP,Spain,Southern Europe,Mediterranean / Semi-Arid,1998,Winter (DJF),6.938095238095237,0.7367642177375213,103.5,-48.280000000000015
ESP,Spain,Southern Europe,Mediterranean / Semi-Arid,1999,Autumn (SON),14.530537634408603,-0.8404767025089604,192.9,52.19000000000001
ESP,Spain,Southern Europe,Mediterranean / Semi-Arid,1999,Spring (MAM),14.25272401433692,1.6719486260454008,93.9,-49.856666666666676
ESP,Spain,Southern Europe,Mediterranean / Semi-Arid,1999,Summer (JJA),25.852795698924734,1.6792747909199524,30.4,-25.49
ESP,Spain,Southern Europe,Mediterranean / Semi-Arid,1999,Winter (DJF),6.101305683563748,-0.1000253367939683,91.7,-60.080000000000005
ESP,Spain,Southern Europe,Mediterranean / Semi-Arid,2000,Autumn (SON),15.858494623655913,0.4874802867383501,120.8,-19.909999999999997
ESP,Spain,Southern Europe,Mediterranean / Semi-Arid,2000,Spring (MAM),13.396093189964157,0.8153178016726402,196.0,52.243333333333325
ESP,Spain,Southern Europe,Mediterranean / Semi-Arid,2000,Summer (JJA),25.27627240143369,1.1027514934289115,10.9,-44.99
ESP,Spain,Southern Europe,Mediterranean / Semi-Arid,2000,Winter (DJF),7.171857619577309,0.9705265992195921,119.0,-32.780000000000015
ESP,Spain,Southern Europe,Mediterranean / Semi-Arid,2001,Autumn (SON),15.31978494623656,-0.051229390681003295,108.1,-32.60999999999999
ESP,Spain,Southern Europe,Mediterranean / Semi-Arid,2001,Spring (MAM),14.33336917562724,1.752593787335723,106.5,-37.25666666666668
ESP,Spain,Southern Europe,Mediterranean / Semi-Arid,2001,Summer (JJA),26.072401433691756,1.8988805256869767,12.7,-43.19
ESP,Spain,Southern Europe,Mediterranean / Semi-Arid,2001,Winter (DJF),6.500230414746544,0.29889939438882723,138.3,-13.48
ESP,Spain,Southern Europe,Mediterranean / Semi-Arid,2002,Autumn (SON),15.413082437275987,0.042068100358423045,150.1,9.390000000000004
ESP,Spain,Southern Europe,Mediterranean / Semi-Arid,2002,Spring (MAM),13.526702508960573,0.945927120669055,164.4,20.64333333333333
ESP,Spain,Southern Europe,Mediterranean / Semi-Arid,2002,Summer (JJA),25.35111111111111,1.1775902031063314,24.1,-31.79
ESP,Spain,Southern Europe,Mediterranean / Semi-Arid,2002,Winter (DJF),7.830453149001535,1.6291221286438191,113.8,-37.98000000000001
ESP,Spain,Southern Europe,Mediterranean / Semi-Arid,2003,Autumn (SON),15.757885304659498,0.38687096774193525,218.09999999999997,77.39
ESP,Spain,Southern Europe,Mediterranean / Semi-Arid,2003,Spring (MAM),14.396164874551971,1.8153894862604545,121.69999999999999,-22.05666666666668
ESP,Spain,Southern Europe,Mediterranean / Semi-Arid,2003,Summer (JJA),27.146702508960573,2.973181600955795,26.700000000000003,-29.189999999999998
ESP,Spain,Southern Europe,Mediterranean / Semi-Arid,2003,Winter (DJF),6.144086021505376,-0.057244998852340245,182.39999999999998,30.61999999999999
ESP,Spain,Southern Europe,Mediterranean / Semi-Arid,2004,Autumn (SON),15.815412186379929,0.4443978494623651,101.9,-38.81
ESP,Spain,Southern Europe,Mediterranean / Semi-Arid,2004,Spring (MAM),11.891182795698924,-0.6895925925925935,249.1,105.34333333333332
ESP,Spain,Southern Europe,Mediterranean / Semi-Arid,2004,Summer (JJA),25.1394623655914,0.9659414575866189,37.7,-18.189999999999998
ESP,Spain,Southern Europe,Mediterranean / Semi-Arid,2004,Winter (DJF),7.031553578049685,0.8302225576919685,105.7,-46.080000000000005
ESP,Spain,Southern Europe,Mediterranean / Semi-Arid,2005,Autumn (SON),15.213584229390682,-0.15743010752688194,140.9,0.19000000000000483
ESP,Spain,Southern Europe,Mediterranean / Semi-Arid,2005,Spring (MAM),14.138458781362006,1.5576833930704883,63.599999999999994,-80.15666666666668
ESP,Spain,Southern Europe,Mediterranean / Semi-Arid,2005,Summer (JJA),26.534480286738354,2.360959378733573,13.600000000000001,-42.29
ESP,Spain,Southern Europe,Mediterranean / Semi-Arid,2005,Winter (DJF),4.448079877112136,-1.7532511432455813,50.9,-100.88000000000001
ESP,Spain,Southern Europe,Mediterranean / Semi-Arid,2006,Autumn (SON),17.499032258064517,2.1280179211469528,224.10000000000002,83.39000000000001
ESP,Spain,Southern Europe,Mediterranean / Semi-Arid,2006,Spring (MAM),15.089354838709676,2.508579450418159,102.3,-41.45666666666668
ESP,Spain,Southern Europe,Mediterranean / Semi-Arid,2006,Summer (JJA),26.00100358422939,1.827482676224611,54.5,-1.389999999999998
ESP,Spain,Southern Europe,Mediterranean / Semi-Arid,2006,Winter (DJF),5.53778801843318,-0.6635430019245364,90.4,-61.38
ESP,Spain,Southern Europe,Mediterranean / Semi-Arid,2007,Autumn (SON),15.27111111111111,-0.09990322580645265,54.199999999999996,-86.50999999999999
ESP,Spain,Southern Europe,Mediterranean / Semi-Arid,2007,Spring (MAM),13.067275985663082,0.4865005973715644,170.2,26.443333333333328
ESP,Spain,Southern Europe,Mediterranean / Semi-Arid,2007,Summer (JJA),23.63347670250896,-0.5400442054958177,86.8,30.91
ESP,Spain,Southern Europe,Mediterranean / Semi-Arid,2007,Winter (DJF),6.6607526881720425,0.45942166781432636,70.79999999999998,-80.98000000000002
ESP,Spain,Southern Europe,Mediterranean / Semi-Arid,2008,Autumn (SON),14.202078853046595,-1.1689354838709678,150.0,9.290000000000006
ESP,Spain,Southern Europe,Mediterranean / Semi-Arid,2008,Spring (MAM),13.161612903225807,0.5808375149342885,167.4,23.64333333333333
ESP,Spain,Southern Europe,Mediterranean / Semi-Arid,2008,Summer (JJA),24.456129032258065,0.2826081242532865,37.900000000000006,-17.989999999999995
ESP,Spain,Southern Europe,Mediterranean / Semi-Arid,2008,Winter (DJF),7.0551353355580275,0.8538043152003105,114.0,-37.78
ESP,Spain,Southern Europe,Mediterranean / Semi-Arid,2009,Autumn (SON),17.06215053763441,1.6911362007168467,71.8,-68.91
ESP,Spain,Southern Europe,Mediterranean / Semi-Arid,2009,Spring (MAM),14.564659498207886,1.9838841099163673,62.2,-81.55666666666667
ESP,Spain,Southern Europe,Mediterranean / Semi-Arid,2009,Summer (JJA),26.43720430107527,2.263683393070489,15.3,-40.589999999999996
ESP,Spain,Southern Europe,Mediterranean / Semi-Arid,2009,Winter (DJF),6.3464285714285715,0.14509755107085484,223.3,71.52000000000001
ESP,Spain,Southern Europe,Mediterranean / Semi-Arid,2010,Autumn (SON),14.827025089605735,-0.5439892473118283,102.39999999999999,-38.31
ESP,Spain,Southern Europe,Mediterranean / Semi-Arid,2010,Spring (MAM),12.894767025089607,0.3139916367980877,164.29999999999998,20.54333333333332
ESP,Spain,Southern Europe,Mediterranean / Semi-Arid,2010,Summer (JJA),25.611290322580647,1.437769414575867,46.400000000000006,-9.489999999999995
ESP,Spain,Southern Europe,Mediterranean / Semi-Arid,2010,Winter (DJF),6.178072196620583,-0.02325882373713295,264.6,112.82
ESP,Spain,Southern Europe,Mediterranean / Semi-Arid,2011,Autumn (SON),17.443655913978496,2.0726415770609328,96.2,-44.50999999999999
ESP,Spain,Southern Europe,Mediterranean / Semi-Arid,2011,Spring (MAM),14.650681003584227,2.06990561529271,176.0,32.24333333333333
ESP,Spain,Southern Europe,Mediterranean / Semi-Arid,2011,Summer (JJA),25.07225806451613,0.8987371565113508,25.3,-30.589999999999996
ESP,Spain,Southern Europe,Mediterranean / Semi-Arid,2011,Winter (DJF),6.571505376344086,0.3701743559863697,89.5,-62.28000000000001
ESP,Spain,Southern Europe,Mediterranean / Semi-Arid,2012,Autumn (SON),15.941254480286737,0.5702401433691744,233.60000000000002,92.89000000000001
ESP,Spain,Southern Europe,Mediterranean / Semi-Arid,2012,Spring (MAM),14.14584229390681,1.5650669056152917,79.39999999999999,-64.35666666666668
ESP,Spain,Southern Europe,Mediterranean / Semi-Arid,2012,Summer (JJA),26.662544802867384,2.4890238948626036,9.8,-46.09
ESP,Spain,Southern Europe,Mediterranean / Semi-Arid,2012,Winter (DJF),5.723396366332963,-0.47793465402475377,38.3,-113.48000000000002
ESP,Spain,Southern Europe,Mediterranean / Semi-Arid,2013,Autumn (SON),16.20673835125448,0.8357240143369159,99.0,-41.709999999999994
ESP,Spain,Southern Europe,Mediterranean / Semi-Arid,2013,Spring (MAM),12.246594982078854,-0.3341804062126646,182.4,38.643333333333324
ESP,Spain,Southern Europe,Mediterranean / Semi-Arid,2013,Summer (JJA),25.718422939068102,1.544902031063322,15.6,-40.29
ESP,Spain,Southern Europe,Mediterranean / Semi-Arid,2013,Winter (DJF),5.90257296466974,-0.2987580556879775,118.1,-33.68000000000001
ESP,Spain,Southern Europe,Mediterranean / Semi-Arid,2014,Autumn (SON),16.893154121863798,1.522139784946236,208.89999999999998,68.19
ESP,Spain,Southern Europe,Mediterranean / Semi-Arid,2014,Spring (MAM),15.177491039426522,2.596715651135005,68.7,-75.05666666666667
ESP,Spain,Southern Europe,Mediterranean / Semi-Arid,2014,Summer (JJA),25.016164874551972,0.842643966547192,23.0,-32.89
ESP,Spain,Southern Europe,Mediterranean / Semi-Arid,2014,Winter (DJF),7.044393241167434,0.8430622208097182,153.9,2.1199999999999974
ESP,Spain,Southern Europe,Mediterranean / Semi-Arid,2015,Autumn (SON),16.23,0.8589856630824381,104.7,-36.00999999999999
ESP,Spain,Southern Europe,Mediterranean / Semi-Arid,2015,Spring (MAM),15.425017921146953,2.8442425328554353,84.5,-59.256666666666675
ESP,Spain,Southern Europe,Mediterranean / Semi-Arid,2015,Summer (JJA),27.215340501792113,3.0418195937873356,44.3,-11.59
ESP,Spain,Southern Europe,Mediterranean / Semi-Arid,2015,Winter (DJF),6.6430491551459285,0.44171813478821303,54.8,-96.98
ESP,Spain,Southern Europe,Mediterranean / Semi-Arid,2016,Autumn (SON),17.140465949820786,1.769451612903224,192.5,51.79000000000001
ESP,Spain,Southern Europe,Mediterranean / Semi-Arid,2016,Spring (MAM),12.446881720430108,-0.13389366786140933,183.4,39.64333333333334
ESP,Spain,Southern Europe,Mediterranean / Semi-Arid,2016,Summer (JJA),27.087455197132616,2.9139342891278375,6.8,-49.09
ESP,Spain,Southern Europe,Mediterranean / Semi-Arid,2016,Winter (DJF),7.905524657026326,1.7041936366686088,146.1,-5.680000000000007
ESP,Spain,Southern Europe,Mediterranean / Semi-Arid,2017,Autumn (SON),16.936344086021506,1.5653297491039424,61.900000000000006,-78.80999999999999
ESP,Spain,Southern Europe,Mediterranean / Semi-Arid,2017,Spring (MAM),15.767419354838708,3.186643966547192,103.0,-40.756666666666675
ESP,Spain,Southern Europe,Mediterranean / Semi-Arid,2017,Summer (JJA),26.971075268817202,2.7975543608124234,83.30000000000001,27.41000000000001
ESP,Spain,Southern Europe,Mediterranean / Semi-Arid,2017,Winter (DJF),6.873463901689708,0.6721328813319918,99.19999999999999,-52.58000000000001
ESP,Spain,Southern Europe,Mediterranean / Semi-Arid,2018,Autumn (SON),16.77064516129032,1.3996308243727598,149.29999999999998,8.590000000000003
ESP,Spain,Southern Europe,Mediterranean / Semi-Arid,2018,Spring (MAM),12.879713261648746,0.2989378733572276,244.5,100.74333333333334
ESP,Spain,Southern Europe,Mediterranean / Semi-Arid,2018,Summer (JJA),25.315519713261647,1.1419988052568695,23.7,-32.19
ESP,Spain,Southern Europe,Mediterranean / Semi-Arid,2018,Winter (DJF),6.488440860215054,0.28710983985733723,109.5,-42.280000000000015
ESP,Spain,Southern Europe,Mediterranean / Semi-Arid,2019,Autumn (SON),16.13867383512545,0.7676594982078851,119.6,-21.109999999999996
ESP,Spain,Southern Europe,Mediterranean / Semi-Arid,2019,Spring (MAM),14.89451612903226,2.313740740740741,92.50000000000001,-51.25666666666667
ESP,Spain,Southern Europe,Mediterranean / Semi-Arid,2019,Summer (JJA),26.400860215053765,2.2273393070489838,10.999999999999998,-44.89
ESP,Spain,Southern Europe,Mediterranean / Semi-Arid,2019,Winter (DJF),7.441513056835638,1.2401820364779212,115.60000000000001,-36.18000000000001
ESP,Spain,Southern Europe,Mediterranean / Semi-Arid,2020,Autumn (SON),15.705555555555556,0.3345412186379934,131.9,-8.809999999999992
ESP,Spain,Southern Europe,Mediterranean / Semi-Arid,2020,Spring (MAM),15.089928315412186,2.5091529271206685,166.5,22.743333333333325
ESP,Spain,Southern Europe,Mediterranean / Semi-Arid,2020,Summer (JJA),26.508387096774197,2.334866188769414,37.0,-18.89
ESP,Spain,Southern Europe,Mediterranean / Semi-Arid,2020,Winter (DJF),8.041750092695588,1.8404190723378713,63.1,-88.68
ESP,Spain,Southern Europe,Mediterranean / Semi-Arid,2021,Autumn (SON),15.262114695340502,-0.1088996415770603,165.10000000000002,24.390000000000015
ESP,Spain,Southern Europe,Mediterranean / Semi-Arid,2021,Spring (MAM),14.61304659498208,2.0322712066905613,106.6,-37.15666666666667
ESP,Spain,Southern Europe,Mediterranean / Semi-Arid,2021,Summer (JJA),25.98480286738351,1.8112819593787333,27.5,-28.39
ESP,Spain,Southern Europe,Mediterranean / Semi-Arid,2021,Winter (DJF),7.485675883256529,1.2843448628988121,149.1,-2.6800000000000175
ESP,Spain,Southern Europe,Mediterranean / Semi-Arid,2022,Autumn (SON),17.79415770609319,2.4231433691756283,119.4,-21.30999999999999
ESP,Spain,Southern Europe,Mediterranean / Semi-Arid,2022,Spring (MAM),14.577383512544804,1.9966081242532845,194.2,50.443333333333314
ESP,Spain,Southern Europe,Mediterranean / Semi-Arid,2022,Summer (JJA),28.206236559139782,4.032715651135004,8.399999999999999,-47.489999999999995
ESP,Spain,Southern Europe,Mediterranean / Semi-Arid,2022,Winter (DJF),8.17699692780338,1.9756659074456635,146.20000000000002,-5.579999999999984
ESP,Spain,Southern Europe,Mediterranean / Semi-Arid,2023,Autumn (SON),16.766881720430106,1.3958673835125446,280.3,139.58999999999997
ESP,Spain,Southern Europe,Mediterranean / Semi-Arid,2023,Spring (MAM),16.475340501792115,3.8945651135005974,106.0,-37.75666666666668
ESP,Spain,Southern Europe,Mediterranean / Semi-Arid,2023,Summer (JJA),26.945483870967745,2.771962962962963,48.8,-7.090000000000002
ESP,Spain,Southern Europe,Mediterranean / Semi-Arid,2023,Winter (DJF),6.489708141321045,0.2883771209633285,52.9,-98.88000000000001
FRA,France,Western Europe,Temperate Oceanic,1960,Autumn (SON),11.707096774193547,-0.08092712066905665,311.40000000000003,115.27666666666669
FRA,France,Western Europe,Temperate Oceanic,1960,Spring (MAM),11.223799283154122,1.56094743130227,137.8,-83.53
FRA,France,Western Europe,Temperate Oceanic,1960,Summer (JJA),17.99448028673835,-0.1495615292712079,183.0,4.496666666666677
FRA,France,Western Europe,Temperate Oceanic,1960,Winter (DJF),3.847274749721913,-0.05222654801631451,210.9,20.169999999999987
FRA,France,Western Europe,Temperate Oceanic,1961,Autumn (SON),13.253799283154121,1.465775388291517,210.5,14.376666666666672
FRA,France,Western Europe,Temperate Oceanic,1961,Spring (MAM),11.299498207885305,1.6366463560334532,123.0,-98.33000000000001
FRA,France,Western Europe,Temperate Oceanic,1961,Summer (JJA),18.62179211469534,0.4777502986857816,112.1,-66.40333333333334
FRA,France,Western Europe,Temperate Oceanic,1961,Winter (DJF),5.678955453149001,1.7794541554107741,206.4,15.669999999999995
FRA,France,Western Europe,Temperate Oceanic,1962,Autumn (SON),11.221111111111108,-0.5669127837514942,152.39999999999998,-43.723333333333336
FRA,France,Western Europe,Temperate Oceanic,1962,Spring (MAM),8.178530465949821,-1.4843213859020314,251.7,30.370000000000005
FRA,France,Western Europe,Temperate Oceanic,1962,Summer (JJA),18.23605734767025,0.0920155316606935,64.30000000000001,-114.20333333333333
FRA,France,Western Europe,Temperate Oceanic,1962,Winter (DJF),3.1982718894009214,-0.701229408337306,199.7,8.969999999999985
FRA,France,Western Europe,Temperate Oceanic,1963,Autumn (SON),12.452867383512546,0.66484348864994,161.3,-34.82333333333333
FRA,France,Western Europe,Temperate Oceanic,1963,Spring (MAM),9.668351254480287,0.005499402628434365,216.6,-4.729999999999997
FRA,France,Western Europe,Temperate Oceanic,1963,Summer (JJA),17.50641577060932,-0.6376260454002404,244.39999999999998,65.89666666666666
FRA,France,Western Europe,Temperate Oceanic,1963,Winter (DJF),-0.033678955453148994,-3.933180253191377,87.7,-103.03
FRA,France,Western Europe,Temperate Oceanic,1964,Autumn (SON),11.2410394265233,-0.5469844683393065,182.4,-13.72333333333333
FRA,France,Western Europe,Temperate Oceanic,1964,Spring (MAM),10.441541218637992,0.7786893667861404,251.8,30.470000000000013
FRA,France,Western Europe,Temperate Oceanic,1964,Summer (JJA),19.178673835125448,1.0346320191158906,115.8,-62.703333333333326
FRA,France,Western Europe,Temperate Oceanic,1964,Winter (DJF),2.6820912124582867,-1.2174100852799408,130.8,-59.930000000000014
FRA,France,Western Europe,Temperate Oceanic,1965,Autumn (SON),11.331254480286738,-0.45676941457586623,290.5,94.37666666666667
FRA,France,Western Europe,Temperate Oceanic,1965,Spring (MAM),9.717025089605734,0.05417323775388224,255.10000000000002,33.77000000000001
FRA,France,Western Europe,Temperate Oceanic,1965,Summer (JJA),17.255340501792116,-0.8887013142174437,245.60000000000002,67.09666666666668
FRA,France,Western Europe,Temperate Oceanic,1965,Winter (DJF),3.744086021505377,-0.15541527623285104,222.8,32.06999999999999
FRA,France,Western Europe,Temperate Oceanic,1966,Autumn (SON),11.968494623655914,0.18047072879330983,234.89999999999998,38.77666666666667
FRA,France,Western Europe,Temperate Oceanic,1966,Spring (MAM),10.177168458781361,0.5143166069295105,201.4,-19.929999999999993
FRA,France,Western Europe,Temperate Oceanic,1966,Summer (JJA),17.450931899641578,-0.6931099163679816,214.0,35.49666666666667
FRA,France,Western Europe,Temperate Oceanic,1966,Winter (DJF),5.68283410138249,1.783332803644261,256.7,65.97
FRA,France,Western Europe,Temperate Oceanic,1967,Autumn (SON),12.164623655913978,0.3765997610513742,254.8,58.67666666666668
FRA,France,Western Europe,Temperate Oceanic,1967,Spring (MAM),9.722939068100358,0.06008721624850614,184.20000000000002,-37.12999999999999
FRA,France,Western Europe,Temperate Oceanic,1967,Summer (JJA),18.625878136200715,0.481836320191159,141.89999999999998,-36.60333333333334
FRA,France,Western Europe,Temperate Oceanic,1967,Winter (DJF),3.641436251920123,-0.2580650458181048,157.3,-33.430000000000014
FRA,France,Western Europe,Temperate Oceanic,1968,Autumn (SON),12.09548387096774,0.30745997610513714,238.3,42.17666666666668
FRA,France,Western Europe,Temperate Oceanic,1968,Spring (MAM),9.45179211469534,-0.2110597371565115,220.7,-0.6300000000000097
FRA,France,Western Europe,Temperate Oceanic,1968,Summer (JJA),17.143763440860216,-1.0002783751493418,234.9,56.396666666666675
FRA,France,Western Europe,Temperate Oceanic,1968,Winter (DJF),3.6424175009269555,-0.25708379681127197,248.7,57.96999999999999
FRA,France,Western Europe,Temperate Oceanic,1969,Autumn (SON),12.31874551971326,0.5307216248506572,195.60000000000002,-0.5233333333333192
FRA,France,Western Europe,Temperate Oceanic,1969,Spring (MAM),9.955304659498209,0.29245280764635595,240.7,19.370000000000005
FRA,France,Western Europe,Temperate Oceanic,1969,Summer (JJA),17.997491039426524,-0.14655077658303442,170.2,-8.303333333333338
FRA,France,Western Europe,Temperate Oceanic,1969,Winter (DJF),2.5266513056835636,-1.372849992054664,167.5,-23.23000000000001
FRA,France,Western Europe,Temperate Oceanic,1970,Autumn (SON),12.465448028673835,0.6774241338112308,153.7,-42.423333333333325
FRA,France,Western Europe,Temperate Oceanic,1970,Spring (MAM),8.34573476702509,-1.3171170848267626,213.0,-8.330000000000013
FRA,France,Western Europe,Temperate Oceanic,1970,Summer (JJA),18.451111111111114,0.3070692951015535,198.7,20.196666666666673
FRA,France,Western Europe,Temperate Oceanic,1970,Winter (DJF),3.5224654377880182,-0.37703585995020933,270.8,80.07
FRA,France,Western Europe,Temperate Oceanic,1971,Autumn (SON),10.941648745519714,-0.846375149342891,126.0,-70.12333333333333
FRA,France,Western Europe,Temperate Oceanic,1971,Spring (MAM),9.751792114695341,0.08894026284348848,281.6,60.27
FRA,France,Western Europe,Temperate Oceanic,1971,Summer (JJA),17.828602150537634,-0.3154396654719231,318.0,139.49666666666667
FRA,France,Western Europe,Temperate Oceanic,1971,Winter (DJF),3.4269201228878643,-0.47258117485036316,129.4,-61.33000000000001
FRA,France,Western Europe,Temperate Oceanic,1972,Autumn (SON),10.653978494623656,-1.1340454002389484,201.0,4.876666666666672
FRA,France,Western Europe,Temperate Oceanic,1972,Spring (MAM),9.675340501792114,0.012488649940262478,176.9,-44.42999999999999
FRA,France,Western Europe,Temperate Oceanic,1972,Summer (JJA),16.6594623655914,-1.4845794504181598,278.6,100.09666666666668
FRA,France,Western Europe,Temperate Oceanic,1972,Winter (DJF),4.545717463848721,0.6462161661104933,198.5,7.769999999999989
FRA,France,Western Europe,Temperate Oceanic,1973,Autumn (SON),11.484767025089605,-0.3032568697729984,157.20000000000002,-38.92333333333332
FRA,France,Western Europe,Temperate Oceanic,1973,Spring (MAM),8.83663082437276,-0.8262210274790922,164.9,-56.429999999999986
FRA,France,Western Europe,Temperate Oceanic,1973,Summer (JJA),18.90100358422939,0.7569617682198313,189.39999999999998,10.896666666666661
FRA,France,Western Europe,Temperate Oceanic,1973,Winter (DJF),2.5389400921658987,-1.3605612055723288,192.6,1.8699999999999903
FRA,France,Western Europe,Temperate Oceanic,1974,Autumn (SON),10.048494623655914,-1.73952927120669,305.1,108.97666666666669
FRA,France,Western Europe,Temperate Oceanic,1974,Spring (MAM),9.959534050179212,0.29668219832735954,257.9,36.57000000000001
FRA,France,Western Europe,Temperate Oceanic,1974,Summer (JJA),18.166021505376346,0.021979689366785255,121.9,-56.603333333333325
FRA,France,Western Europe,Temperate Oceanic,1974,Winter (DJF),6.182987711213517,2.2834864134752895,142.7,-48.030000000000015
FRA,France,Western Europe,Temperate Oceanic,1975,Autumn (SON),11.046845878136201,-0.7411780167264034,272.4,76.27666666666667
FRA,France,Western Europe,Temperate Oceanic,1975,Spring (MAM),8.587956989247312,-1.0748948626045403,266.2,44.870000000000005
FRA,France,Western Europe,Temperate Oceanic,1975,Summer (JJA),18.70720430107527,0.563162485065711,111.5,-67.00333333333333
FRA,France,Western Europe,Temperate Oceanic,1975,Winter (DJF),4.2859447004608295,0.3864434027226018,114.2,-76.53
FRA,France,Western Europe,Temperate Oceanic,1976,Autumn (SON),11.184587813620071,-0.6034360812425327,278.9,82.77666666666667
FRA,France,Western Europe,Temperate Oceanic,1976,Spring (MAM),9.795089605734766,0.13223775388291514,113.3,-108.03
FRA,France,Western Europe,Temperate Oceanic,1976,Summer (JJA),21.004982078853047,2.8609402628434886,98.0,-80.50333333333333
FRA,France,Western Europe,Temperate Oceanic,1976,Winter (DJF),3.8261030774935114,-0.07339822024471676,164.8,-25.93
FRA,France,Western Europe,Temperate Oceanic,1977,Autumn (SON),11.507921146953406,-0.28010274790919976,150.1,-46.023333333333326
FRA,France,Western Europe,Temperate Oceanic,1977,Spring (MAM),9.759569892473118,0.09671804062126584,258.8,37.47000000000001
FRA,France,Western Europe,Temperate Oceanic,1977,Summer (JJA),16.440645161290323,-1.703396654719236,259.9,81.39666666666668
FRA,France,Western Europe,Temperate Oceanic,1977,Winter (DJF),5.457488479262673,1.5579871815244453,253.10000000000002,62.37
FRA,France,Western Europe,Temperate Oceanic,1978,Autumn (SON),11.37831541218638,-0.4097084826762245,57.2,-138.92333333333332
FRA,France,Western Europe,Temperate Oceanic,1978,Spring (MAM),9.176236559139785,-0.4866152927120675,273.7,52.37
FRA,France,Western Europe,Temperate Oceanic,1978,Summer (JJA),16.909354838709678,-1.2346869772998794,101.7,-76.80333333333331
FRA,France,Western Europe,Temperate Oceanic,1978,Winter (DJF),4.666897081413211,0.7673957836749827,297.1,106.37
FRA,France,Western Europe,Temperate Oceanic,1979,Autumn (SON),11.813369175627239,0.025345280764636158,181.4,-14.72333333333333
FRA,France,Western Europe,Temperate Oceanic,1979,Spring (MAM),9.062939068100357,-0.5999127837514937,312.29999999999995,90.96999999999998
FRA,France,Western Europe,Temperate Oceanic,1979,Summer (JJA),17.550573476702507,-0.5934683393070502,171.6,-6.903333333333336
FRA,France,Western Europe,Temperate Oceanic,1979,Winter (DJF),3.6706221198156683,-0.22887917792255955,249.3,58.57
FRA,France,Western Europe,Temperate Oceanic,1980,Autumn (SON),10.908315412186377,-0.8797084826762255,182.3,-13.823333333333323
FRA,France,Western Europe,Temperate Oceanic,1980,Spring (MAM),8.895304659498208,-0.7675471923536437,204.8,-16.53
FRA,France,Western Europe,Temperate Oceanic,1980,Summer (JJA),16.779498207885307,-1.3645436081242526,191.1,12.596666666666671
FRA,France,Western Europe,Temperate Oceanic,1980,Winter (DJF),3.6271412680756394,-0.27236002966258827,207.3,16.569999999999986
FRA,France,Western Europe,Temperate Oceanic,1981,Autumn (SON),11.49010752688172,-0.29791636798088383,218.3,22.176666666666677
FRA,France,Western Europe,Temperate Oceanic,1981,Spring (MAM),10.970035842293905,1.3071839904420548,257.9,36.57000000000001
FRA,France,Western Europe,Temperate Oceanic,1981,Summer (JJA),17.133548387096777,-1.010493428912783,248.4,69.89666666666668
FRA,France,Western Europe,Temperate Oceanic,1981,Winter (DJF),3.201651305683564,-0.6978499920546639,273.2,82.47
FRA,France,Western Europe,Temperate Oceanic,1982,Autumn (SON),12.939856630824371,1.1518327359617675,269.2,73.07666666666668
FRA,France,Western Europe,Temperate Oceanic,1982,Spring (MAM),9.685663082437275,0.022811230585423854,152.5,-68.83000000000001
FRA,France,Western Europe,Temperate Oceanic,1982,Summer (JJA),19.095698924731185,0.9516571087216251,127.80000000000001,-50.703333333333326
FRA,France,Western Europe,Temperate Oceanic,1982,Winter (DJF),5.491013824884793,1.591512527146565,227.10000000000002,36.37
FRA,France,Western Europe,Temperate Oceanic,1983,Autumn (SON),11.671075268817205,-0.11694862604539995,144.7,-51.42333333333333
FRA,France,Western Europe,Temperate Oceanic,1983,Spring (MAM),9.177132616487455,-0.4857192353643966,324.9,103.57
FRA,France,Western Europe,Temperate Oceanic,1983,Summer (JJA),20.123620071684588,1.9795782556750297,210.8,32.296666666666674
FRA,France,Western Europe,Temperate Oceanic,1983,Winter (DJF),3.8249999999999997,-0.07450129773822771,143.4,-47.33000000000001
FRA,France,Western Europe,Temperate Oceanic,1984,Autumn (SON),12.09931899641577,0.3112951015531665,280.6,84.47666666666666
FRA,France,Western Europe,Temperate Oceanic,1984,Spring (MAM),8.53810035842294,-1.1247514934289133,180.4,-40.92999999999999
FRA,France,Western Europe,Temperate Oceanic,1984,Summer (JJA),18.03301075268817,-0.11103106332138661,183.1,4.596666666666671
FRA,France,Western Europe,Temperate Oceanic,1984,Winter (DJF),3.9500185391175378,0.05051724137930987,184.0,-6.730000000000011
FRA,France,Western Europe,Temperate Oceanic,1985,Autumn (SON),11.891612903225806,0.10358900836320162,75.1,-121.02333333333334
FRA,France,Western Europe,Temperate Oceanic,1985,Spring (MAM),9.216057347670251,-0.44679450418160077,246.0,24.669999999999995
FRA,France,Western Europe,Temperate Oceanic,1985,Summer (JJA),17.655340501792114,-0.48870131421744273,143.3,-35.20333333333333
FRA,France,Western Europe,Temperate Oceanic,1985,Winter (DJF),2.5038018433179725,-1.3956994544202554,155.4,-35.33000000000001
FRA,France,Western Europe,Temperate Oceanic,1986,Autumn (SON),12.310394265232974,0.52237037037037,221.1,24.976666666666674
FRA,France,Western Europe,Temperate Oceanic,1986,Spring (MAM),8.819641577060933,-0.8432102747909201,277.5,56.17
FRA,France,Western Europe,Temperate Oceanic,1986,Summer (JJA),18.475555555555555,0.33151373954599705,150.9,-27.603333333333325
FRA,France,Western Europe,Temperate Oceanic,1986,Winter (DJF),2.8386712749615977,-1.0608300227766303,225.8,35.069999999999986
FRA,France,Western Europe,Temperate Oceanic,1987,Autumn (SON),13.016379928315411,1.2283560334528074,280.0,83.87666666666667
FRA,France,Western Europe,Temperate Oceanic,1987,Spring (MAM),9.331218637992832,-0.33163321385902034,167.7,-53.629999999999995
FRA,France,Western Europe,Temperate Oceanic,1987,Summer (JJA),17.70179211469534,-0.4422497013142183,229.4,50.89666666666667
FRA,France,Western Europe,Temperate Oceanic,1987,Winter (DJF),1.8715821812596005,-2.027919116478627,137.3,-53.43000000000001
FRA,France,Western Europe,Temperate Oceanic,1988,Autumn (SON),11.768064516129032,-0.01995937873357227,125.7,-70.42333333333332
FRA,France,Western Europe,Temperate Oceanic,1988,Spring (MAM),10.723082437275986,1.0602305854241336,243.1,21.769999999999996
FRA,France,Western Europe,Temperate Oceanic,1988,Summer (JJA),17.81978494623656,-0.3242568697729986,181.79999999999998,3.2966666666666598
FRA,France,Western Europe,Temperate Oceanic,1988,Winter (DJF),5.931442343344457,2.0319410456062292,204.5,13.769999999999989
FRA,France,Western Europe,Temperate Oceanic,1989,Autumn (SON),12.409390681003584,0.62136678614098,113.2,-82.92333333333332
FRA,France,Western Europe,Temperate Oceanic,1989,Spring (MAM),11.592580645161291,1.9297287933094387,187.99999999999997,-33.33
FRA,France,Western Europe,Temperate Oceanic,1989,Summer (JJA),19.422401433691757,1.2783596176821987,123.30000000000001,-55.20333333333333
FRA,France,Western Europe,Temperate Oceanic,1989,Winter (DJF),5.013594470046083,1.114093172307855,129.5,-61.23000000000001
FRA,France,Western Europe,Temperate Oceanic,1990,Autumn (SON),12.563405017921147,0.7753811230585423,169.8,-26.32333333333333
FRA,France,Western Europe,Temperate Oceanic,1990,Spring (MAM),11.373763440860216,1.7109115890083635,133.3,-88.03
FRA,France,Western Europe,Temperate Oceanic,1990,Summer (JJA),19.445698924731182,1.3016571087216242,172.7,-5.803333333333335
FRA,France,Western Europe,Temperate Oceanic,1990,Winter (DJF),5.843970814132104,1.9444695163938768,144.29999999999998,-46.430000000000014
FRA,France,Western Europe,Temperate Oceanic,1991,Autumn (SON),12.043763440860216,0.25573954599761084,172.2,-23.923333333333332
FRA,France,Western Europe,Temperate Oceanic,1991,Spring (MAM),10.155985663082438,0.4931338112305849,113.1,-108.23
FRA,France,Western Europe,Temperate Oceanic,1991,Summer (JJA),18.76835125448029,0.624309438470729,167.3,-11.203333333333326
FRA,France,Western Europe,Temperate Oceanic,1991,Winter (DJF),2.8136328725038404,-1.0858684252343875,103.8,-86.93
FRA,France,Western Europe,Temperate Oceanic,1992,Autumn (SON),11.485663082437275,-0.30236081242532836,249.9,53.77666666666668
FRA,France,Western Europe,Temperate Oceanic,1992,Spring (MAM),11.082401433691757,1.4195495818399042,154.5,-66.82999999999998
FRA,France,Western Europe,Temperate Oceanic,1992,Summer (JJA),18.891182795698924,0.747140979689366,244.7,66.19666666666667
FRA,France,Western Europe,Temperate Oceanic,1992,Winter (DJF),3.6959213941416387,-0.20357990359658898,76.0,-114.73000000000002
FRA,France,Western Europe,Temperate Oceanic,1993,Autumn (SON),9.839318996415772,-1.9487048984468336,285.1,88.97666666666666
FRA,France,Western Europe,Temperate Oceanic,1993,Spring (MAM),10.906917562724013,1.244065710872162,168.2,-53.129999999999995
FRA,France,Western Europe,Temperate Oceanic,1993,Summer (JJA),18.636308243727598,0.4922664277180395,158.0,-20.50333333333333
FRA,France,Western Europe,Temperate Oceanic,1993,Winter (DJF),5.147196620583717,1.2476953228454895,119.9,-70.83000000000001
FRA,France,Western Europe,Temperate Oceanic,1994,Autumn (SON),12.70258064516129,0.9145567502986859,221.1,24.976666666666674
FRA,France,Western Europe,Temperate Oceanic,1994,Spring (MAM),10.902544802867384,1.2396929510155326,221.6,0.2699999999999889
FRA,France,Western Europe,Temperate Oceanic,1994,Summer (JJA),20.038924731182796,1.8948829151732376,189.2,10.696666666666658
FRA,France,Western Europe,Temperate Oceanic,1994,Winter (DJF),5.878648233486943,1.9791469357487157,226.1,35.36999999999998
FRA,France,Western Europe,Temperate Oceanic,1995,Autumn (SON),12.229534050179211,0.44151015531660703,189.0,-7.123333333333328
FRA,France,Western Europe,Temperate Oceanic,1995,Spring (MAM),10.090000000000002,0.42714814814814844,203.20000000000002,-18.12999999999998
FRA,France,Western Europe,Temperate Oceanic,1995,Summer (JJA),19.89035842293907,1.7463166069295102,106.9,-71.60333333333332
FRA,France,Western Europe,Temperate Oceanic,1995,Winter (DJF),5.502764976958525,1.6032636792202977,264.2,73.46999999999997
FRA,France,Western Europe,Temperate Oceanic,1996,Autumn (SON),10.719283154121863,-1.0687407407407408,256.4,60.276666666666685
FRA,France,Western Europe,Temperate Oceanic,1996,Spring (MAM),9.748494623655915,0.08564277180406243,143.5,-77.83
FRA,France,Western Europe,Temperate Oceanic,1996,Summer (JJA),18.790035842293907,0.6459940262843489,140.5,-38.00333333333332
FRA,France,Western Europe,Temperate Oceanic,1996,Winter (DJF),4.136225435669262,0.23672413793103445,282.4,91.66999999999999
FRA,France,Western Europe,Temperate Oceanic,1997,Autumn (SON),12.705555555555554,0.9175316606929501,158.3,-37.82333333333332
FRA,France,Western Europe,Temperate Oceanic,1997,Spring (MAM),11.261756272401435,1.5989044205495822,112.2,-109.13
FRA,France,Western Europe,Temperate Oceanic,1997,Summer (JJA),19.44562724014337,1.3015854241338107,187.3,8.796666666666667
FRA,France,Western Europe,Temperate Oceanic,1997,Winter (DJF),4.631720430107527,0.7322191323692993,166.5,-24.23000000000001
FRA,France,Western Europe,Temperate Oceanic,1998,Autumn (SON),10.84046594982079,-0.9475579450418158,226.6,30.476666666666667
FRA,France,Western Europe,Temperate Oceanic,1998,Spring (MAM),10.682258064516128,1.0194062126642771,232.0,10.670000000000009
FRA,France,Western Europe,Temperate Oceanic,1998,Summer (JJA),19.024444444444445,0.8804026284348877,87.6,-90.90333333333334
FRA,France,Western Europe,Temperate Oceanic,1998,Winter (DJF),4.767281105990783,0.8677798082525555,126.5,-64.23
FRA,France,Western Europe,Temperate Oceanic,1999,Autumn (SON),12.077598566308245,0.28957467144564014,205.3,9.176666666666684
FRA,France,Western Europe,Temperate Oceanic,1999,Spring (MAM),11.391039426523298,1.7281875746714457,212.4,-8.93
FRA,France,Western Europe,Temperate Oceanic,1999,Summer (JJA),18.99978494623656,0.8557431302270011,147.6,-30.90333333333333
FRA,France,Western Europe,Temperate Oceanic,1999,Winter (DJF),4.888824884792627,0.989323587054399,280.7,89.97
FRA,France,Western Europe,Temperate Oceanic,2000,Autumn (SON),12.66673835125448,0.8787144563918753,257.9,61.77666666666668
FRA,France,Western Europe,Temperate Oceanic,2000,Spring (MAM),10.839820788530465,1.1769689366786142,223.8,2.469999999999999
FRA,France,Western Europe,Temperate Oceanic,2000,Summer (JJA),18.785913978494623,0.6418721624850671,183.4,4.896666666666675
FRA,France,Western Europe,Temperate Oceanic,2000,Winter (DJF),5.9665183537263635,2.0670170559881353,133.60000000000002,-57.13
FRA,France,Western Europe,Temperate Oceanic,2001,Autumn (SON),11.484301075268817,-0.3037228195937871,153.1,-43.023333333333326
FRA,France,Western Europe,Temperate Oceanic,2001,Spring (MAM),11.021684587813619,1.3588327359617685,332.9,111.57000000000001
FRA,France,Western Europe,Temperate Oceanic,2001,Summer (JJA),18.964408602150538,0.8203667861409798,174.5,-4.00333333333333
FRA,France,Western Europe,Temperate Oceanic,2001,Winter (DJF),4.281067588325653,0.38156629058742525,121.9,-68.83000000000001
FRA,France,Western Europe,Temperate Oceanic,2002,Autumn (SON),12.407670250896059,0.6196463560334534,220.3,24.17666666666667
FRA,France,Western Europe,Temperate Oceanic,2002,Spring (MAM),11.011111111111111,1.348259259259259,118.9,-102.43
FRA,France,Western Europe,Temperate Oceanic,2002,Summer (JJA),18.67863799283154,0.5345961768219828,244.0,65.49666666666667
FRA,France,Western Europe,Temperate Oceanic,2002,Winter (DJF),6.640783410138249,2.7412821124000204,167.2,-23.53000000000001
FRA,France,Western Europe,Temperate Oceanic,2003,Autumn (SON),11.9315770609319,0.14355316606929533,239.9,43.77666666666668
FRA,France,Western Europe,Temperate Oceanic,2003,Spring (MAM),11.896415770609318,2.2335639187574676,146.10000000000002,-75.22999999999999
FRA,France,Western Europe,Temperate Oceanic,2003,Summer (JJA),22.84591397849462,4.701872162485066,149.89999999999998,-28.603333333333335
FRA,France,Western Europe,Temperate Oceanic,2003,Winter (DJF),3.3816436251920123,-0.5178576725462154,191.0,0.2699999999999889
FRA,France,Western Europe,Temperate Oceanic,2004,Autumn (SON),12.703942652329749,0.9159187574671449,107.3,-88.82333333333332
FRA,France,Western Europe,Temperate Oceanic,2004,Spring (MAM),9.66741935483871,0.004567502986858152,205.39999999999998,-15.930000000000014
FRA,France,Western Europe,Temperate Oceanic,2004,Summer (JJA),19.295555555555556,1.1515137395459973,166.4,-12.103333333333339
FRA,France,Western Europe,Temperate Oceanic,2004,Winter (DJF),4.132665925101965,0.23316462736373747,230.8,40.069999999999986
FRA,France,Western Europe,Temperate Oceanic,2005,Autumn (SON),12.871935483870969,1.0839115890083628,183.70000000000002,-12.423333333333318
FRA,France,Western Europe,Temperate Oceanic,2005,Spring (MAM),10.731397849462367,1.0685459976105143,171.2,-50.13
FRA,France,Western Europe,Temperate Oceanic,2005,Summer (JJA),20.088064516129034,1.9440227001194732,94.9,-83.60333333333332
FRA,France,Western Europe,Temperate Oceanic,2005,Winter (DJF),2.691436251920123,-1.2080650458181048,156.3,-34.430000000000014
FRA,France,Western Europe,Temperate Oceanic,2006,Autumn (SON),14.561684587813621,2.7736606929510152,256.7,60.576666666666675
FRA,France,Western Europe,Temperate Oceanic,2006,Spring (MAM),10.293906810035843,0.6310549581839897,228.4,7.07
FRA,France,Western Europe,Temperate Oceanic,2006,Summer (JJA),20.465017921146952,2.320976105137394,148.3,-30.203333333333326
FRA,France,Western Europe,Temperate Oceanic,2006,Winter (DJF),3.339900153609831,-0.5596011441283967,118.2,-72.53
FRA,France,Western Europe,Temperate Oceanic,2007,Autumn (SON),10.664086021505376,-1.1239378733572278,121.4,-74.72333333333333
FRA,France,Western Europe,Temperate Oceanic,2007,Spring (MAM),12.37179211469534,2.708940262843489,186.0,-35.330000000000005
FRA,France,Western Europe,Temperate Oceanic,2007,Summer (JJA),17.86225806451613,-0.28178375149342944,242.5,63.99666666666667
FRA,France,Western Europe,Temperate Oceanic,2007,Winter (DJF),5.922542242703533,2.023040944965305,189.1,-1.6300000000000239
FRA,France,Western Europe,Temperate Oceanic,2008,Autumn (SON),11.027311827956991,-0.7607120669056145,192.5,-3.6233333333333206
FRA,France,Western Europe,Temperate Oceanic,2008,Spring (MAM),10.517455197132616,0.8546033452807636,307.1,85.77000000000001
FRA,France,Western Europe,Temperate Oceanic,2008,Summer (JJA),18.29089605734767,0.14685424133811034,153.4,-25.10333333333333
FRA,France,Western Europe,Temperate Oceanic,2008,Winter (DJF),4.912198739340007,1.012697441601779,153.5,-37.23000000000001
FRA,France,Western Europe,Temperate Oceanic,2009,Autumn (SON),13.110788530465948,1.3227646356033447,156.0,-40.123333333333335
FRA,France,Western Europe,Temperate Oceanic,2009,Spring (MAM),11.219462365591397,1.5566105137395454,173.10000000000002,-48.22999999999999
FRA,France,Western Europe,Temperate Oceanic,2009,Summer (JJA),19.539498207885305,1.3954563918757472,182.7,4.196666666666665
FRA,France,Western Europe,Temperate Oceanic,2009,Winter (DJF),3.0725422427035327,-0.8269590550346947,171.5,-19.230000000000018
FRA,France,Western Europe,Temperate Oceanic,2010,Autumn (SON),11.384802867383513,-0.4032210274790919,187.5,-8.623333333333335
FRA,France,Western Europe,Temperate Oceanic,2010,Spring (MAM),9.961648745519712,0.29879689366786116,162.8,-58.53
FRA,France,Western Europe,Temperate Oceanic,2010,Summer (JJA),19.21451612903226,1.0704743130227001,206.8,28.296666666666674
FRA,France,Western Europe,Temperate Oceanic,2010,Winter (DJF),1.8548771121351766,-2.0446241856030514,229.2,38.469999999999985
FRA,France,Western Europe,Temperate Oceanic,2011,Autumn (SON),14.011648745519715,2.2236248506571097,135.3,-60.82333333333333
FRA,France,Western Europe,Temperate Oceanic,2011,Spring (MAM),12.808781362007167,3.145929510155316,87.0,-134.32999999999998
FRA,France,Western Europe,Temperate Oceanic,2011,Summer (JJA),18.54956989247312,0.40552807646356,213.4,34.89666666666667
FRA,France,Western Europe,Temperate Oceanic,2011,Winter (DJF),5.424078341013825,1.524577043275597,204.60000000000002,13.870000000000005
FRA,France,Western Europe,Temperate Oceanic,2012,Autumn (SON),12.716093189964155,0.9280692951015522,198.6,2.4766666666666737
FRA,France,Western Europe,Temperate Oceanic,2012,Spring (MAM),11.196594982078855,1.533743130227001,223.39999999999998,2.069999999999993
FRA,France,Western Europe,Temperate Oceanic,2012,Summer (JJA),19.18415770609319,1.0401158900836311,153.3,-25.203333333333326
FRA,France,Western Europe,Temperate Oceanic,2012,Winter (DJF),3.733963663329625,-0.16553763440860228,149.2,-41.53000000000002
FRA,France,Western Europe,Temperate Oceanic,2013,Autumn (SON),12.549032258064516,0.7610083632019116,279.5,83.37666666666667
FRA,France,Western Europe,Temperate Oceanic,2013,Spring (MAM),8.9384229390681,-0.7244289127837513,267.0,45.67
FRA,France,Western Europe,Temperate Oceanic,2013,Summer (JJA),19.52387096774194,1.379829151732378,112.9,-65.60333333333332
FRA,France,Western Europe,Temperate Oceanic,2013,Winter (DJF),3.4656298003072195,-0.4338714974310081,178.3,-12.43
FRA,France,Western Europe,Temperate Oceanic,2014,Autumn (SON),14.158602150537632,2.3705782556750292,205.60000000000002,9.476666666666688
FRA,France,Western Europe,Temperate Oceanic,2014,Spring (MAM),11.208458781362006,1.5456069295101555,130.3,-91.03
FRA,France,Western Europe,Temperate Oceanic,2014,Summer (JJA),18.856236559139784,0.712194743130226,235.4,56.89666666666667
FRA,France,Western Europe,Temperate Oceanic,2014,Winter (DJF),6.252380952380952,2.3528796546427246,183.5,-7.230000000000011
FRA,France,Western Europe,Temperate Oceanic,2015,Autumn (SON),12.324086021505375,0.5360621266427721,163.3,-32.82333333333332
FRA,France,Western Europe,Temperate Oceanic,2015,Spring (MAM),11.280000000000001,1.6171481481481484,155.6,-65.73
FRA,France,Western Europe,Temperate Oceanic,2015,Summer (JJA),21.141075268817204,2.997033452807647,134.4,-44.103333333333325
FRA,France,Western Europe,Temperate Oceanic,2015,Winter (DJF),5.363172043010753,1.463670745272525,145.8,-44.93
FRA,France,Western Europe,Temperate Oceanic,2016,Autumn (SON),12.934802867383512,1.1467789725209083,172.10000000000002,-24.023333333333326
FRA,France,Western Europe,Temperate Oceanic,2016,Spring (MAM),9.914695340501792,0.2518434886499401,321.9,100.57
FRA,France,Western Europe,Temperate Oceanic,2016,Summer (JJA),19.60204301075269,1.4580011947431306,96.1,-82.40333333333334
FRA,France,Western Europe,Temperate Oceanic,2016,Winter (DJF),5.177753058954393,1.278251761216166,195.79999999999998,5.069999999999986
FRA,France,Western Europe,Temperate Oceanic,2017,Autumn (SON),11.89168458781362,0.10366069295101561,168.1,-28.023333333333333
FRA,France,Western Europe,Temperate Oceanic,2017,Spring (MAM),11.606881720430108,1.9440298685782553,217.1,-4.230000000000004
FRA,France,Western Europe,Temperate Oceanic,2017,Summer (JJA),20.168243727598565,2.024201911589008,172.8,-5.703333333333333
FRA,France,Western Europe,Temperate Oceanic,2017,Winter (DJF),4.153149001536099,0.2536477037978709,202.2,11.469999999999992
FRA,France,Western Europe,Temperate Oceanic,2018,Autumn (SON),13.526129032258064,1.7381051373954601,127.30000000000001,-68.82333333333332
FRA,France,Western Europe,Temperate Oceanic,2018,Spring (MAM),11.774193548387096,2.1113416965352445,231.0,9.670000000000016
FRA,France,Western Europe,Temperate Oceanic,2018,Summer (JJA),21.21068100358423,3.0666391875746712,98.10000000000001,-80.40333333333332
FRA,France,Western Europe,Temperate Oceanic,2018,Winter (DJF),5.232795698924732,1.3332944011865033,311.70000000000005,120.97
FRA,France,Western Europe,Temperate Oceanic,2019,Autumn (SON),13.289175627240143,1.5011517323775398,283.8,87.67666666666668
FRA,France,Western Europe,Temperate Oceanic,2019,Spring (MAM),10.727741935483872,1.064890083632019,157.8,-63.53
FRA,France,Western Europe,Temperate Oceanic,2019,Summer (JJA),21.449713261648743,3.3056714456391867,87.80000000000001,-90.70333333333332
FRA,France,Western Europe,Temperate Oceanic,2019,Winter (DJF),5.590322580645162,1.6908212829069338,179.5,-11.230000000000011
FRA,France,Western Europe,Temperate Oceanic,2020,Autumn (SON),13.307491039426523,1.519467144563918,172.29999999999998,-23.82333333333333
FRA,France,Western Europe,Temperate Oceanic,2020,Spring (MAM),12.838853046594982,3.1760011947431295,148.7,-72.63
FRA,France,Western Europe,Temperate Oceanic,2020,Summer (JJA),20.115197132616487,1.9711553166069298,117.69999999999999,-60.80333333333333
FRA,France,Western Europe,Temperate Oceanic,2020,Winter (DJF),7.136410826844642,3.236909529106414,223.7,32.96999999999999
FRA,France,Western Europe,Temperate Oceanic,2021,Autumn (SON),11.793010752688174,0.004986857825567921,202.4,6.276666666666678
FRA,France,Western Europe,Temperate Oceanic,2021,Spring (MAM),9.857275985663081,0.19442413381123025,153.7,-67.63
FRA,France,Western Europe,Temperate Oceanic,2021,Summer (JJA),19.051326164874553,0.9072843488649944,187.4,8.896666666666668
FRA,France,Western Europe,Temperate Oceanic,2021,Winter (DJF),5.609216589861751,1.7097152921235235,267.9,77.17
FRA,France,Western Europe,Temperate Oceanic,2022,Autumn (SON),14.177598566308243,2.3895746714456396,216.7,20.576666666666675
FRA,France,Western Europe,Temperate Oceanic,2022,Spring (MAM),12.404910394265231,2.7420585424133805,118.9,-102.42999999999999
FRA,France,Western Europe,Temperate Oceanic,2022,Summer (JJA),21.24985663082437,3.105814814814815,164.3,-14.203333333333333
FRA,France,Western Europe,Temperate Oceanic,2022,Winter (DJF),5.026305683563748,1.1268043858255201,161.5,-29.230000000000004
FRA,France,Western Europe,Temperate Oceanic,2023,Autumn (SON),15.053978494623657,3.2659545997610517,252.7,56.576666666666675
FRA,France,Western Europe,Temperate Oceanic,2023,Spring (MAM),11.246379928315411,1.58352807646356,229.8,8.469999999999999
FRA,France,Western Europe,Temperate Oceanic,2023,Summer (JJA),20.64390681003584,2.4998649940262836,234.3,55.79666666666667
FRA,France,Western Europe,Temperate Oceanic,2023,Winter (DJF),5.839976958525345,1.9404756607871179,167.8,-22.930000000000007
IND,India,South Asia,Monsoonal / Tropical,1960,Autumn (SON),24.36068100358423,-0.26768817204301126,94.8,-106.39333333333333
IND,India,South Asia,Monsoonal / Tropical,1960,Spring (MAM),30.751505376344085,0.017054958183991904,25.0,10.870000000000001
IND,India,South Asia,Monsoonal / Tropical,1960,Summer (JJA),28.13362007168459,0.20477299880525615,1044.0,101.33
IND,India,South Asia,Monsoonal / Tropical,1960,Winter (DJF),20.225695216907674,1.0293663594470022,28.699999999999996,-1.523333333333337
IND,India,South Asia,Monsoonal / Tropical,1961,Autumn (SON),22.932508960573475,-1.6958602150537654,519.3,318.1066666666667
IND,India,South Asia,Monsoonal / Tropical,1961,Spring (MAM),31.65114695340502,0.9166965352449239,5.9,-8.23
IND,India,South Asia,Monsoonal / Tropical,1961,Summer (JJA),27.535412186379926,-0.393434886499404,1233.4,290.72999999999996
IND,India,South Asia,Monsoonal / Tropical,1961,Winter (DJF),18.57937788018433,-0.6169509772763403,6.5,-23.723333333333336
IND,India,South Asia,Monsoonal / Tropical,1962,Autumn (SON),23.859247311827957,-0.7691218637992835,287.0,85.8066666666667
IND,India,South Asia,Monsoonal / Tropical,1962,Spring (MAM),30.297706093189962,-0.43674432497013055,11.200000000000001,-2.9299999999999993
IND,India,South Asia,Monsoonal / Tropical,1962,Summer (JJA),28.635268817204302,0.7064217443249703,724.4,-218.27
IND,India,South Asia,Monsoonal / Tropical,1962,Winter (DJF),18.256067588325653,-0.9402612691350191,54.0,23.776666666666664
IND,India,South Asia,Monsoonal / Tropical,1963,Autumn (SON),25.69136200716846,1.0629928315412183,117.9,-83.29333333333332
IND,India,South Asia,Monsoonal / Tropical,1963,Spring (MAM),30.79258064516129,0.05813022700119556,4.5,-9.629999999999999
IND,India,South Asia,Monsoonal / Tropical,1963,Summer (JJA),27.77562724014337,-0.15321983273596138,1063.9,121.22999999999996
IND,India,South Asia,Monsoonal / Tropical,1963,Winter (DJF),19.83721198156682,0.6408831241061487,7.8,-22.423333333333336
IND,India,South Asia,Monsoonal / Tropical,1964,Autumn (SON),24.146881720430105,-0.48148745519713404,207.9,6.706666666666678
IND,India,South Asia,Monsoonal / Tropical,1964,Spring (MAM),31.719498207885305,0.9850477897252089,6.1,-8.03
IND,India,South Asia,Monsoonal / Tropical,1964,Summer (JJA),27.99939068100358,0.07054360812425031,1099.9,157.22999999999996
IND,India,South Asia,Monsoonal / Tropical,1964,Winter (DJF),20.081386725991845,0.8850578685311715,0.9,-29.323333333333334
IND,India,South Asia,Monsoonal / Tropical,1965,Autumn (SON),25.3868458781362,0.7584767025089599,271.9,70.70666666666666
IND,India,South Asia,Monsoonal / Tropical,1965,Spring (MAM),30.316774193548383,-0.4176762246117107,8.299999999999999,-5.83
IND,India,South Asia,Monsoonal / Tropical,1965,Summer (JJA),28.808315412186378,0.879468339307048,483.9,-458.7700000000001
IND,India,South Asia,Monsoonal / Tropical,1965,Winter (DJF),20.284139784946237,1.0878109274855643,13.6,-16.623333333333335
IND,India,South Asia,Monsoonal / Tropical,1966,Autumn (SON),25.197849462365593,0.5694802867383508,152.89999999999998,-48.29333333333332
IND,India,South Asia,Monsoonal / Tropical,1966,Spring (MAM),30.68752688172043,-0.046923536439665035,7.7,-6.43
IND,India,South Asia,Monsoonal / Tropical,1966,Summer (JJA),28.89928315412186,0.9704360812425321,767.3,-175.3700000000001
IND,India,South Asia,Monsoonal / Tropical,1966,Winter (DJF),20.325230414746542,1.1289015572858716,7.6,-22.623333333333335
IND,India,South Asia,Monsoonal / Tropical,1967,Autumn (SON),25.283189964157703,0.6548207885304661,432.5,231.30666666666667
IND,India,South Asia,Monsoonal / Tropical,1967,Spring (MAM),30.56906810035842,-0.16538231780167223,21.1,6.970000000000001
IND,India,South Asia,Monsoonal / Tropical,1967,Summer (JJA),27.78784946236559,-0.1409976105137396,904.3,-38.37000000000006
IND,India,South Asia,Monsoonal / Tropical,1967,Winter (DJF),20.435330261136713,1.239001403676042,88.3,58.07666666666666
IND,India,South Asia,Monsoonal / Tropical,1968,Autumn (SON),24.572795698924732,-0.05557347670250934,244.0,42.806666666666665
IND,India,South Asia,Monsoonal / Tropical,1968,Spring (MAM),30.25032258064516,-0.4841278375149341,30.3,16.17
IND,India,South Asia,Monsoonal / Tropical,1968,Summer (JJA),28.343118279569893,0.41427120669056094,1069.6000000000001,126.92999999999995
IND,India,South Asia,Monsoonal / Tropical,1968,Winter (DJF),18.438709677419354,-0.7576191800413182,5.7,-24.523333333333333
IND,India,South Asia,Monsoonal / Tropical,1969,Autumn (SON),24.580322580645163,-0.048046594982077785,205.39999999999998,4.206666666666665
IND,India,South Asia,Monsoonal / Tropical,1969,Spring (MAM),31.55845878136201,0.8240083632019134,1.3,-12.83
IND,India,South Asia,Monsoonal / Tropical,1969,Summer (JJA),28.34021505376344,0.4113679808841096,1017.0999999999999,74.4299999999999
IND,India,South Asia,Monsoonal / Tropical,1969,Winter (DJF),19.47215821812596,0.27582936066528774,2.4,-27.823333333333334
IND,India,South Asia,Monsoonal / Tropical,1970,Autumn (SON),24.051827956989246,-0.5765412186379931,286.3,85.10666666666667
IND,India,South Asia,Monsoonal / Tropical,1970,Spring (MAM),30.762258064516132,0.027807646356035793,30.4,16.270000000000003
IND,India,South Asia,Monsoonal / Tropical,1970,Summer (JJA),26.95763440860215,-0.9712126642771821,843.1,-99.57000000000008
IND,India,South Asia,Monsoonal / Tropical,1970,Winter (DJF),19.00499231950845,-0.19133653795222352,39.00000000000001,8.776666666666669
IND,India,South Asia,Monsoonal / Tropical,1971,Autumn (SON),23.969462365591397,-0.6589068100358423,269.3,68.1066666666667
IND,India,South Asia,Monsoonal / Tropical,1971,Spring (MAM),30.319999999999997,-0.41445041816009603,34.5,20.37
IND,India,South Asia,Monsoonal / Tropical,1971,Summer (JJA),25.936702508960575,-1.9921445639187567,1409.1000000000001,466.43
IND,India,South Asia,Monsoonal / Tropical,1971,Winter (DJF),18.668010752688172,-0.5283181047725011,16.8,-13.423333333333334
IND,India,South Asia,Monsoonal / Tropical,1972,Autumn (SON),24.57971326164875,-0.048655913978493004,166.70000000000002,-34.4933333333333
IND,India,South Asia,Monsoonal / Tropical,1972,Spring (MAM),31.28541218637993,0.550961768219833,1.2999999999999998,-12.83
IND,India,South Asia,Monsoonal / Tropical,1972,Summer (JJA),28.7894623655914,0.8606152927120677,927.2,-15.470000000000084
IND,India,South Asia,Monsoonal / Tropical,1972,Winter (DJF),19.653133110863923,0.45680425340325215,2.2,-28.023333333333333
IND,India,South Asia,Monsoonal / Tropical,1973,Autumn (SON),23.29100358422939,-1.3373655913978506,247.7,46.50666666666667
IND,India,South Asia,Monsoonal / Tropical,1973,Spring (MAM),32.095770609319,1.3613201911588984,2.7,-11.43
IND,India,South Asia,Monsoonal / Tropical,1973,Summer (JJA),27.576917562724017,-0.3519295101553155,1317.2,374.5299999999999
IND,India,South Asia,Monsoonal / Tropical,1973,Winter (DJF),19.705875576036863,0.5095467185761938,47.400000000000006,17.17666666666667
IND,India,South Asia,Monsoonal / Tropical,1974,Autumn (SON),25.0652688172043,0.4368996415770603,77.80000000000001,-123.3933333333333
IND,India,South Asia,Monsoonal / Tropical,1974,Spring (MAM),31.228494623655916,0.4940442054958171,10.1,-4.029999999999999
IND,India,South Asia,Monsoonal / Tropical,1974,Summer (JJA),27.899605734767025,-0.029241338112304522,934.5999999999999,-8.070000000000164
IND,India,South Asia,Monsoonal / Tropical,1974,Winter (DJF),18.67231182795699,-0.5240170295036842,4.3999999999999995,-25.823333333333334
IND,India,South Asia,Monsoonal / Tropical,1975,Autumn (SON),23.99741935483871,-0.6309498207885321,256.0,54.806666666666686
IND,India,South Asia,Monsoonal / Tropical,1975,Spring (MAM),31.629032258064512,0.8945818399044198,1.7,-12.43
IND,India,South Asia,Monsoonal / Tropical,1975,Summer (JJA),27.510107526881722,-0.4187395459976102,1118.8,176.12999999999988
IND,India,South Asia,Monsoonal / Tropical,1975,Winter (DJF),18.351689708141322,-0.84463914931935,8.600000000000001,-21.623333333333335
IND,India,South Asia,Monsoonal / Tropical,1976,Autumn (SON),25.4531541218638,0.8247849462365586,172.1,-29.09333333333334
IND,India,South Asia,Monsoonal / Tropical,1976,Spring (MAM),30.436379928315414,-0.2980704898446831,14.7,0.5700000000000003
IND,India,South Asia,Monsoonal / Tropical,1976,Summer (JJA),27.372007168458783,-0.5568399044205492,865.0,-77.6700000000001
IND,India,South Asia,Monsoonal / Tropical,1976,Winter (DJF),19.858398220244716,0.662069362784044,5.7,-24.523333333333333
IND,India,South Asia,Monsoonal / Tropical,1977,Autumn (SON),24.879677419354834,0.2513082437275962,380.3,179.10666666666668
IND,India,South Asia,Monsoonal / Tropical,1977,Spring (MAM),30.96598566308244,0.23153524492234348,16.6,2.4699999999999993
IND,India,South Asia,Monsoonal / Tropical,1977,Summer (JJA),27.720394265232972,-0.2084528076463575,1080.4,137.73
IND,India,South Asia,Monsoonal / Tropical,1977,Winter (DJF),19.452956989247312,0.25662813178664007,5.5,-24.723333333333333
IND,India,South Asia,Monsoonal / Tropical,1978,Autumn (SON),24.910752688172042,0.2823835125448018,156.7,-44.493333333333325
IND,India,South Asia,Monsoonal / Tropical,1978,Spring (MAM),30.403261648745524,-0.33118876941457387,18.9,4.7700000000000005
IND,India,South Asia,Monsoonal / Tropical,1978,Summer (JJA),27.07247311827957,-0.8563739545997594,849.3000000000001,-93.37
IND,India,South Asia,Monsoonal / Tropical,1978,Winter (DJF),17.56620583717358,-1.6301230202870929,65.10000000000001,34.87666666666667
IND,India,South Asia,Monsoonal / Tropical,1979,Autumn (SON),27.067921146953406,2.439551971326164,76.9,-124.29333333333332
IND,India,South Asia,Monsoonal / Tropical,1979,Spring (MAM),29.718781362007167,-1.0156690561529291,26.299999999999997,12.169999999999996
IND,India,South Asia,Monsoonal / Tropical,1979,Summer (JJA),28.668530465949818,0.7396833930704894,588.7,-353.97
IND,India,South Asia,Monsoonal / Tropical,1979,Winter (DJF),18.703033794162828,-0.4932950632978444,87.2,56.97666666666666
IND,India,South Asia,Monsoonal / Tropical,1980,Autumn (SON),25.591541218637996,0.963172043010753,54.6,-146.5933333333333
IND,India,South Asia,Monsoonal / Tropical,1980,Spring (MAM),31.92598566308244,1.191535244922342,1.5,-12.63
IND,India,South Asia,Monsoonal / Tropical,1980,Summer (JJA),27.055555555555554,-0.8732915173237762,1786.5,843.8299999999999
IND,India,South Asia,Monsoonal / Tropical,1980,Winter (DJF),20.057693733778272,0.8613648763176004,22.0,-8.223333333333333
IND,India,South Asia,Monsoonal / Tropical,1981,Autumn (SON),24.07799283154122,-0.5503763440860219,110.30000000000001,-90.89333333333332
IND,India,South Asia,Monsoonal / Tropical,1981,Spring (MAM),30.031469534050178,-0.7029808841099184,54.2,40.07000000000001
IND,India,South Asia,Monsoonal / Tropical,1981,Summer (JJA),28.246523297491038,0.3176762246117069,640.4,-302.2700000000001
IND,India,South Asia,Monsoonal / Tropical,1981,Winter (DJF),18.489247311827956,-0.7070815456327159,18.0,-12.223333333333334
IND,India,South Asia,Monsoonal / Tropical,1982,Autumn (SON),24.71154121863799,0.08317204301075165,274.3,73.10666666666668
IND,India,South Asia,Monsoonal / Tropical,1982,Spring (MAM),29.223870967741934,-1.5105794504181584,3.0,-11.129999999999999
IND,India,South Asia,Monsoonal / Tropical,1982,Summer (JJA),28.403261648745524,0.4744145758661891,1153.0,210.32999999999987
IND,India,South Asia,Monsoonal / Tropical,1982,Winter (DJF),19.26509216589862,0.06876330843794538,73.2,42.976666666666674
IND,India,South Asia,Monsoonal / Tropical,1983,Autumn (SON),23.222867383512547,-1.405501792114696,253.7,52.50666666666668
IND,India,South Asia,Monsoonal / Tropical,1983,Spring (MAM),29.768853046594984,-0.9655973715651136,8.2,-5.93
IND,India,South Asia,Monsoonal / Tropical,1983,Summer (JJA),28.82985663082437,0.9010095579450402,687.8,-254.8700000000001
IND,India,South Asia,Monsoonal / Tropical,1983,Winter (DJF),18.53748079877112,-0.6588480586895512,12.8,-17.423333333333332
IND,India,South Asia,Monsoonal / Tropical,1984,Autumn (SON),24.173906810035845,-0.4544623655913978,48.2,-152.9933333333333
IND,India,South Asia,Monsoonal / Tropical,1984,Spring (MAM),31.329892473118278,0.595442054958184,0.1,-14.03
IND,India,South Asia,Monsoonal / Tropical,1984,Summer (JJA),27.574408602150537,-0.35443847072879225,868.6,-74.07000000000005
IND,India,South Asia,Monsoonal / Tropical,1984,Winter (DJF),18.301890989988877,-0.8944378674717962,71.6,41.376666666666665
IND,India,South Asia,Monsoonal / Tropical,1985,Autumn (SON),23.486200716845875,-1.142168458781363,198.9,-2.29333333333331
IND,India,South Asia,Monsoonal / Tropical,1985,Spring (MAM),31.329713261648745,0.5952628434886501,4.3,-9.83
IND,India,South Asia,Monsoonal / Tropical,1985,Summer (JJA),28.254982078853047,0.3261350059737147,607.0,-335.67
IND,India,South Asia,Monsoonal / Tropical,1985,Winter (DJF),19.611175115207374,0.41484625774670175,22.6,-7.623333333333333
IND,India,South Asia,Monsoonal / Tropical,1986,Autumn (SON),25.530645161290323,0.9022759856630813,37.5,-163.69333333333333
IND,India,South Asia,Monsoonal / Tropical,1986,Spring (MAM),30.65573476702509,-0.0787156511350074,9.7,-4.43
IND,India,South Asia,Monsoonal / Tropical,1986,Summer (JJA),27.717598566308244,-0.21124850657108732,1094.0,151.32999999999993
IND,India,South Asia,Monsoonal / Tropical,1986,Winter (DJF),18.940437788018432,-0.2558910694422387,108.4,78.17666666666666
IND,India,South Asia,Monsoonal / Tropical,1987,Autumn (SON),24.69609318996416,0.06772401433691637,136.1,-65.09333333333333
IND,India,South Asia,Monsoonal / Tropical,1987,Spring (MAM),29.904587813620072,-0.8298626045400231,5.4,-8.73
IND,India,South Asia,Monsoonal / Tropical,1987,Summer (JJA),29.8747311827957,1.9458841099163682,495.19999999999993,-447.47000000000014
IND,India,South Asia,Monsoonal / Tropical,1987,Winter (DJF),18.73863287250384,-0.457695984956833,66.8,36.57666666666666
IND,India,South Asia,Monsoonal / Tropical,1988,Autumn (SON),24.926487455197133,0.2981182795698925,123.4,-77.79333333333332
IND,India,South Asia,Monsoonal / Tropical,1988,Spring (MAM),31.33695340501792,0.6025029868578239,7.0,-7.13
IND,India,South Asia,Monsoonal / Tropical,1988,Summer (JJA),28.010465949820787,0.08161887694145875,963.8000000000001,21.129999999999995
IND,India,South Asia,Monsoonal / Tropical,1988,Winter (DJF),19.821579532814237,0.625250675353565,15.2,-15.023333333333335
IND,India,South Asia,Monsoonal / Tropical,1989,Autumn (SON),25.419139784946235,0.790770609318996,30.2,-170.9933333333333
IND,India,South Asia,Monsoonal / Tropical,1989,Spring (MAM),30.223799283154122,-0.5106511350059731,18.299999999999997,4.169999999999998
IND,India,South Asia,Monsoonal / Tropical,1989,Summer (JJA),27.534802867383515,-0.39404420549581803,698.9000000000001,-243.77000000000004
IND,India,South Asia,Monsoonal / Tropical,1989,Winter (DJF),18.734792626728108,-0.46153623073256256,6.4,-23.823333333333334
IND,India,South Asia,Monsoonal / Tropical,1990,Autumn (SON),24.097455197132618,-0.5309139784946227,240.0,38.806666666666686
IND,India,South Asia,Monsoonal / Tropical,1990,Spring (MAM),29.614193548387096,-1.120256869772998,58.60000000000001,44.470000000000006
IND,India,South Asia,Monsoonal / Tropical,1990,Summer (JJA),26.73491039426523,-1.1939366786140984,987.7,45.029999999999916
IND,India,South Asia,Monsoonal / Tropical,1990,Winter (DJF),20.045622119815665,0.8492932623549952,21.0,-9.223333333333336
IND,India,South Asia,Monsoonal / Tropical,1991,Autumn (SON),25.26444444444444,0.6360752688172026,13.7,-187.4933333333333
IND,India,South Asia,Monsoonal / Tropical,1991,Spring (MAM),31.206810035842295,0.472359617682199,12.4,-1.7299999999999986
IND,India,South Asia,Monsoonal / Tropical,1991,Summer (JJA),28.04433691756272,0.11548984468339303,1060.4,117.72999999999995
IND,India,South Asia,Monsoonal / Tropical,1991,Winter (DJF),19.662211981566823,0.4658831241061492,2.9,-27.323333333333334
IND,India,South Asia,Monsoonal / Tropical,1992,Autumn (SON),24.141075268817204,-0.48729390681003676,84.2,-116.99333333333333
IND,India,South Asia,Monsoonal / Tropical,1992,Spring (MAM),30.99415770609319,0.25970728793309544,12.4,-1.7300000000000004
IND,India,South Asia,Monsoonal / Tropical,1992,Summer (JJA),29.528637992831538,1.599790919952208,489.0,-453.6700000000001
IND,India,South Asia,Monsoonal / Tropical,1992,Winter (DJF),18.883277715980718,-0.313051141479954,0.0,-30.223333333333336
IND,India,South Asia,Monsoonal / Tropical,1993,Autumn (SON),24.148530465949822,-0.47983870967741876,365.5,164.3066666666667
IND,India,South Asia,Monsoonal / Tropical,1993,Spring (MAM),30.539641577060934,-0.19480884109916374,18.1,3.9699999999999998
IND,India,South Asia,Monsoonal / Tropical,1993,Summer (JJA),28.14537634408602,0.2165292712066922,934.2,-8.470000000000056
IND,India,South Asia,Monsoonal / Tropical,1993,Winter (DJF),19.060791090629802,-0.13553776683087193,17.8,-12.423333333333332
IND,India,South Asia,Monsoonal / Tropical,1994,Autumn (SON),24.382437275985662,-0.24593189964157838,149.29999999999998,-51.89333333333333
IND,India,South Asia,Monsoonal / Tropical,1994,Spring (MAM),31.27695340501792,0.5425029868578264,12.1,-2.0299999999999985
IND,India,South Asia,Monsoonal / Tropical,1994,Summer (JJA),27.006666666666664,-0.9221804062126644,1218.2,275.5299999999999
IND,India,South Asia,Monsoonal / Tropical,1994,Winter (DJF),19.21455453149002,0.018225674029345384,17.1,-13.123333333333333
IND,India,South Asia,Monsoonal / Tropical,1995,Autumn (SON),25.328351254480285,0.6999820788530459,119.5,-81.69333333333331
IND,India,South Asia,Monsoonal / Tropical,1995,Spring (MAM),29.942974910394266,-0.7914755077658313,19.5,5.369999999999999
IND,India,South Asia,Monsoonal / Tropical,1995,Summer (JJA),29.365304659498207,1.4364575866188762,688.9,-253.7700000000001
IND,India,South Asia,Monsoonal / Tropical,1995,Winter (DJF),18.754877112135176,-0.44145174532549447,59.400000000000006,29.17666666666667
IND,India,South Asia,Monsoonal / Tropical,1996,Autumn (SON),24.139856630824372,-0.488512544802866,190.20000000000002,-10.993333333333315
IND,India,South Asia,Monsoonal / Tropical,1996,Spring (MAM),31.182329749103943,0.4478793309438475,8.9,-5.23
IND,India,South Asia,Monsoonal / Tropical,1996,Summer (JJA),28.94541218637993,1.0165651135005973,929.3,-13.370000000000061
IND,India,South Asia,Monsoonal / Tropical,1996,Winter (DJF),19.00652576937338,-0.189803088087294,36.2,5.976666666666668
IND,India,South Asia,Monsoonal / Tropical,1997,Autumn (SON),24.313548387096773,-0.3148207885304662,249.3,48.106666666666676
IND,India,South Asia,Monsoonal / Tropical,1997,Spring (MAM),29.839139784946237,-0.895310633213858,4.7,-9.43
IND,India,South Asia,Monsoonal / Tropical,1997,Summer (JJA),27.72569892473118,-0.20314814814814852,983.0,40.3299999999999
IND,India,South Asia,Monsoonal / Tropical,1997,Winter (DJF),17.994009216589863,-1.2023196408708092,70.1,39.87666666666666
IND,India,South Asia,Monsoonal / Tropical,1998,Autumn (SON),24.691541218637994,0.06317204301075208,209.2,8.006666666666677
IND,India,South Asia,Monsoonal / Tropical,1998,Spring (MAM),30.99179211469534,0.25734169653524575,12.2,-1.9299999999999997
IND,India,South Asia,Monsoonal / Tropical,1998,Summer (JJA),28.669283154121867,0.740436081242534,731.8000000000001,-210.87000000000006
IND,India,South Asia,Monsoonal / Tropical,1998,Winter (DJF),19.11121351766513,-0.08511533979554169,1.8,-28.423333333333336
IND,India,South Asia,Monsoonal / Tropical,1999,Autumn (SON),23.715125448028676,-0.9132437275985659,437.20000000000005,236.00666666666672
IND,India,South Asia,Monsoonal / Tropical,1999,Spring (MAM),31.042759856630823,0.30830943847072945,6.5,-7.63
IND,India,South Asia,Monsoonal / Tropical,1999,Summer (JJA),27.24594982078853,-0.6828972520908003,841.3,-101.37000000000008
IND,India,South Asia,Monsoonal / Tropical,1999,Winter (DJF),18.24489247311828,-0.9514363843423924,62.2,31.97666666666666
IND,India,South Asia,Monsoonal / Tropical,2000,Autumn (SON),25.10326164874552,0.4748924731182799,54.6,-146.59333333333333
IND,India,South Asia,Monsoonal / Tropical,2000,Spring (MAM),30.191541218637994,-0.5429091995221024,33.099999999999994,18.969999999999995
IND,India,South Asia,Monsoonal / Tropical,2000,Summer (JJA),27.46232974910394,-0.4665173237753895,772.3,-170.3700000000001
IND,India,South Asia,Monsoonal / Tropical,2000,Winter (DJF),18.449573600296628,-0.7467552571640468,21.3,-8.923333333333334
IND,India,South Asia,Monsoonal / Tropical,2001,Autumn (SON),25.37806451612903,0.7496953405017912,74.9,-126.29333333333334
IND,India,South Asia,Monsoonal / Tropical,2001,Spring (MAM),30.587275985663084,-0.14717443249701154,44.0,29.87
IND,India,South Asia,Monsoonal / Tropical,2001,Summer (JJA),26.62121863799283,-1.3076284348864995,904.5,-38.170000000000044
IND,India,South Asia,Monsoonal / Tropical,2001,Winter (DJF),19.341589861751153,0.14526100429048108,1.5,-28.723333333333336
IND,India,South Asia,Monsoonal / Tropical,2002,Autumn (SON),24.868207885304656,0.23983870967741794,137.0,-64.19333333333333
IND,India,South Asia,Monsoonal / Tropical,2002,Spring (MAM),31.481971326164878,0.7475209080047804,12.6,-1.5300000000000011
IND,India,South Asia,Monsoonal / Tropical,2002,Summer (JJA),28.40505376344086,0.47620669056153037,919.1,-23.57000000000005
IND,India,South Asia,Monsoonal / Tropical,2002,Winter (DJF),19.86347926267281,0.6671504052121406,11.5,-18.723333333333336
IND,India,South Asia,Monsoonal / Tropical,2003,Autumn (SON),24.410716845878138,-0.21765232974910495,410.4,209.20666666666668
IND,India,South Asia,Monsoonal / Tropical,2003,Spring (MAM),30.953978494623655,0.2195280764635612,0.5,-13.629999999999999
IND,India,South Asia,Monsoonal / Tropical,2003,Summer (JJA),28.11924731182796,0.19040023894862776,807.3,-135.3700000000001
IND,India,South Asia,Monsoonal / Tropical,2003,Winter (DJF),19.702764976958523,0.5064361194978536,33.4,3.176666666666664
IND,India,South Asia,Monsoonal / Tropical,2004,Autumn (SON),24.718781362007167,0.0904121863799278,94.2,-106.99333333333333
IND,India,South Asia,Monsoonal / Tropical,2004,Spring (MAM),31.859820788530467,1.1253703703703692,2.9,-11.23
IND,India,South Asia,Monsoonal / Tropical,2004,Summer (JJA),27.606236559139784,-0.32261051373954547,834.8,-107.87000000000012
IND,India,South Asia,Monsoonal / Tropical,2004,Winter (DJF),19.34286243974787,0.14653358228719662,7.800000000000001,-22.423333333333332
IND,India,South Asia,Monsoonal / Tropical,2005,Autumn (SON),24.4405017921147,-0.18786738351254448,175.0,-26.193333333333335
IND,India,South Asia,Monsoonal / Tropical,2005,Spring (MAM),30.964193548387097,0.22974313022700224,12.899999999999999,-1.2300000000000004
IND,India,South Asia,Monsoonal / Tropical,2005,Summer (JJA),28.686487455197135,0.7576403823178026,898.5999999999999,-44.07000000000011
IND,India,South Asia,Monsoonal / Tropical,2005,Winter (DJF),19.180491551459294,-0.015837306001377744,12.700000000000001,-17.523333333333333
IND,India,South Asia,Monsoonal / Tropical,2006,Autumn (SON),25.097491039426526,0.46912186379928283,155.9,-45.29333333333332
IND,India,South Asia,Monsoonal / Tropical,2006,Spring (MAM),29.416810035842293,-1.3176403823178013,57.0,42.870000000000005
IND,India,South Asia,Monsoonal / Tropical,2006,Summer (JJA),27.566451612903226,-0.36239545997610517,1177.8000000000002,235.12999999999997
IND,India,South Asia,Monsoonal / Tropical,2006,Winter (DJF),20.28417818740399,1.087849329943321,0.0,-30.223333333333336
IND,India,South Asia,Monsoonal / Tropical,2007,Autumn (SON),24.634802867383513,0.006433691756272471,240.9,39.70666666666667
IND,India,South Asia,Monsoonal / Tropical,2007,Spring (MAM),30.679032258064513,-0.05541816009557839,8.6,-5.53
IND,India,South Asia,Monsoonal / Tropical,2007,Summer (JJA),28.134480286738352,0.20563321385902,701.4,-241.2700000000001
IND,India,South Asia,Monsoonal / Tropical,2007,Winter (DJF),19.93982334869432,0.7434944912336453,4.4,-25.823333333333338
IND,India,South Asia,Monsoonal / Tropical,2008,Autumn (SON),25.617706093189963,0.989336917562723,112.9,-88.29333333333332
IND,India,South Asia,Monsoonal / Tropical,2008,Spring (MAM),30.867347670250894,0.1328972520907996,3.8,-10.33
IND,India,South Asia,Monsoonal / Tropical,2008,Summer (JJA),26.940430107526883,-0.9884169653524483,787.7,-154.97000000000008
IND,India,South Asia,Monsoonal / Tropical,2008,Winter (DJF),19.4659992584353,0.2696704009746256,0.0,-30.223333333333336
IND,India,South Asia,Monsoonal / Tropical,2009,Autumn (SON),24.587670250896057,-0.040698924731183674,457.5,256.30666666666673
IND,India,South Asia,Monsoonal / Tropical,2009,Spring (MAM),31.164838709677422,0.4303882915173259,5.5,-8.629999999999999
IND,India,South Asia,Monsoonal / Tropical,2009,Summer (JJA),28.96175627240143,1.032909199522102,629.3000000000001,-313.37000000000006
IND,India,South Asia,Monsoonal / Tropical,2009,Winter (DJF),20.97457757296467,1.7782487155039977,23.3,-6.923333333333334
IND,India,South Asia,Monsoonal / Tropical,2010,Autumn (SON),25.441935483870967,0.8135663082437267,162.5,-38.69333333333333
IND,India,South Asia,Monsoonal / Tropical,2010,Spring (MAM),32.272401433691755,1.537951015531662,0.6,-13.530000000000001
IND,India,South Asia,Monsoonal / Tropical,2010,Summer (JJA),28.97978494623656,1.0509378733572288,626.3,-316.3700000000001
IND,India,South Asia,Monsoonal / Tropical,2010,Winter (DJF),19.35142089093702,0.155092033476348,2.3,-27.923333333333336
IND,India,South Asia,Monsoonal / Tropical,2011,Autumn (SON),25.00888888888889,0.38051971326164846,186.9,-14.29333333333331
IND,India,South Asia,Monsoonal / Tropical,2011,Spring (MAM),30.356630824372758,-0.37781959378733515,4.5,-9.629999999999999
IND,India,South Asia,Monsoonal / Tropical,2011,Summer (JJA),27.139139784946238,-0.789707287933093,1286.9,344.22999999999996
IND,India,South Asia,Monsoonal / Tropical,2011,Winter (DJF),18.925998463901692,-0.2703303935589811,10.2,-20.023333333333333
IND,India,South Asia,Monsoonal / Tropical,2012,Autumn (SON),24.479928315412185,-0.14844086021505495,137.6,-63.59333333333332
IND,India,South Asia,Monsoonal / Tropical,2012,Spring (MAM),29.93652329749104,-0.7979271206690548,6.1000000000000005,-8.03
IND,India,South Asia,Monsoonal / Tropical,2012,Summer (JJA),28.13720430107527,0.20835722819593508,1039.0,96.3299999999999
IND,India,South Asia,Monsoonal / Tropical,2012,Winter (DJF),18.906006674082313,-0.29032218337835874,9.5,-20.723333333333336
IND,India,South Asia,Monsoonal / Tropical,2013,Autumn (SON),24.889211469534047,0.26084229390680846,102.2,-98.99333333333333
IND,India,South Asia,Monsoonal / Tropical,2013,Spring (MAM),29.866200716845878,-0.8682497013142173,25.2,11.069999999999997
IND,India,South Asia,Monsoonal / Tropical,2013,Summer (JJA),26.301612903225806,-1.6272341696535253,1495.3000000000002,552.63
IND,India,South Asia,Monsoonal / Tropical,2013,Winter (DJF),19.195199692780335,-0.001129164680335748,41.1,10.876666666666663
IND,India,South Asia,Monsoonal / Tropical,2014,Autumn (SON),25.530931899641576,0.9025627240143379,135.2,-65.99333333333333
IND,India,South Asia,Monsoonal / Tropical,2014,Spring (MAM),29.936272401433694,-0.7981780167264034,4.300000000000001,-9.829999999999998
IND,India,South Asia,Monsoonal / Tropical,2014,Summer (JJA),29.778172043010755,1.8493249701314223,596.5,-346.1700000000001
IND,India,South Asia,Monsoonal / Tropical,2014,Winter (DJF),18.93521505376344,-0.26111380369723136,99.5,69.27666666666666
IND,India,South Asia,Monsoonal / Tropical,2015,Autumn (SON),26.5352688172043,1.9068996415770603,90.4,-110.79333333333332
IND,India,South Asia,Monsoonal / Tropical,2015,Spring (MAM),29.775913978494625,-0.9585364396654713,75.1,60.97
IND,India,South Asia,Monsoonal / Tropical,2015,Summer (JJA),27.73921146953405,-0.1896356033452804,1114.0,171.32999999999987
IND,India,South Asia,Monsoonal / Tropical,2015,Winter (DJF),19.61624423963134,0.4199153821706645,81.4,51.17666666666667
IND,India,South Asia,Monsoonal / Tropical,2016,Autumn (SON),24.322186379928315,-0.30618279569892337,157.5,-43.69333333333332
IND,India,South Asia,Monsoonal / Tropical,2016,Spring (MAM),31.383010752688175,0.6485603345280792,11.0,-3.13
IND,India,South Asia,Monsoonal / Tropical,2016,Summer (JJA),27.891362007168457,-0.03748506571087281,1257.6,314.92999999999995
IND,India,South Asia,Monsoonal / Tropical,2016,Winter (DJF),20.169039673711534,0.97271081625086,12.7,-17.523333333333333
IND,India,South Asia,Monsoonal / Tropical,2017,Autumn (SON),25.39784946236559,0.7694802867383501,242.2,41.006666666666675
IND,India,South Asia,Monsoonal / Tropical,2017,Spring (MAM),30.961827956989243,0.2273775388291502,9.0,-5.13
IND,India,South Asia,Monsoonal / Tropical,2017,Summer (JJA),28.118817204301077,0.18997013142174524,777.6,-165.07000000000005
IND,India,South Asia,Monsoonal / Tropical,2017,Winter (DJF),19.825384024577573,0.6290551671169015,5.0,-25.223333333333336
IND,India,South Asia,Monsoonal / Tropical,2018,Autumn (SON),25.45863799283154,0.8302688172042991,126.39999999999999,-74.79333333333332
IND,India,South Asia,Monsoonal / Tropical,2018,Spring (MAM),31.40100358422939,0.6665531660692944,8.7,-5.43
IND,India,South Asia,Monsoonal / Tropical,2018,Summer (JJA),27.9194982078853,-0.00934886499402765,1121.2,178.52999999999992
IND,India,South Asia,Monsoonal / Tropical,2018,Winter (DJF),19.096044546851,-0.10028431060967335,30.4,0.17666666666666586
IND,India,South Asia,Monsoonal / Tropical,2019,Autumn (SON),24.95795698924731,0.32958781362007034,563.8000000000001,362.6066666666668
IND,India,South Asia,Monsoonal / Tropical,2019,Spring (MAM),30.65885304659498,-0.07559737156511304,13.0,-1.129999999999999
IND,India,South Asia,Monsoonal / Tropical,2019,Summer (JJA),29.498387096774195,1.569540023894863,981.2,38.52999999999993
IND,India,South Asia,Monsoonal / Tropical,2019,Winter (DJF),18.725345622119814,-0.4709832353408577,40.6,10.376666666666665
IND,India,South Asia,Monsoonal / Tropical,2020,Autumn (SON),25.748637992831544,1.1202688172043018,167.10000000000002,-34.09333333333331
IND,India,South Asia,Monsoonal / Tropical,2020,Spring (MAM),30.570394265232977,-0.1640561529271191,22.199999999999996,8.069999999999997
IND,India,South Asia,Monsoonal / Tropical,2020,Summer (JJA),27.79057347670251,-0.13827359617682097,1686.2999999999997,743.6299999999998
IND,India,South Asia,Monsoonal / Tropical,2020,Winter (DJF),18.95806451612903,-0.23826434133164062,60.6,30.376666666666665
IND,India,South Asia,Monsoonal / Tropical,2021,Autumn (SON),24.784480286738347,0.15611111111111006,309.2,108.00666666666669
IND,India,South Asia,Monsoonal / Tropical,2021,Spring (MAM),30.278172043010755,-0.45627837514934083,28.000000000000004,13.870000000000003
IND,India,South Asia,Monsoonal / Tropical,2021,Summer (JJA),27.857598566308244,-0.07124850657108676,1003.8,61.12999999999994
IND,India,South Asia,Monsoonal / Tropical,2021,Winter (DJF),19.871812596006144,0.6754837385454723,18.1,-12.123333333333335
IND,India,South Asia,Monsoonal / Tropical,2022,Autumn (SON),23.904229390681007,-0.7241397849462375,378.1,176.9066666666667
IND,India,South Asia,Monsoonal / Tropical,2022,Spring (MAM),32.22688172043011,1.4924313022700122,5.3,-8.83
IND,India,South Asia,Monsoonal / Tropical,2022,Summer (JJA),28.34458781362007,0.41574074074074,1527.9,585.2299999999999
IND,India,South Asia,Monsoonal / Tropical,2022,Winter (DJF),19.093894009216587,-0.10243484824408355,50.6,20.37666666666667
IND,India,South Asia,Monsoonal / Tropical,2023,Autumn (SON),25.32609318996416,0.6977240143369178,370.3,169.10666666666668
IND,India,South Asia,Monsoonal / Tropical,2023,Spring (MAM),28.885591397849463,-1.848859020310634,44.9,30.769999999999996
IND,India,South Asia,Monsoonal / Tropical,2023,Summer (JJA),28.703297491039425,0.7744504181600966,923.9,-18.770000000000095
IND,India,South Asia,Monsoonal / Tropical,2023,Winter (DJF),19.646236559139783,0.44990770167911265,18.900000000000002,-11.323333333333334
KEN,Kenya,Sub-Saharan East Africa,Equatorial Bimodal / Semi-Arid,1960,Autumn (SON),14.975448028673833,0.06620669056152906,351.6,-48.666666666666686
KEN,Kenya,Sub-Saharan East Africa,Equatorial Bimodal / Semi-Arid,1960,Spring (MAM),16.009426523297492,-0.010637992831541135,692.3,75.64333333333335
KEN,Kenya,Sub-Saharan East Africa,Equatorial Bimodal / Semi-Arid,1960,Summer (JJA),13.998243727598565,-0.09333333333333312,199.9,-70.22
KEN,Kenya,Sub-Saharan East Africa,Equatorial Bimodal / Semi-Arid,1960,Winter (DJF),15.694697812384133,0.09541871921182299,314.2,-104.07999999999997
KEN,Kenya,Sub-Saharan East Africa,Equatorial Bimodal / Semi-Arid,1961,Autumn (SON),14.70093189964158,-0.20830943847072803,671.7,271.4333333333333
KEN,Kenya,Sub-Saharan East Africa,Equatorial Bimodal / Semi-Arid,1961,Spring (MAM),16.47931899641577,0.4592544802867374,440.6,-176.05666666666667
KEN,Kenya,Sub-Saharan East Africa,Equatorial Bimodal / Semi-Arid,1961,Summer (JJA),14.408745519713262,0.3171684587813625,305.7,35.58
KEN,Kenya,Sub-Saharan East Africa,Equatorial Bimodal / Semi-Arid,1961,Winter (DJF),16.07373271889401,0.4744536257217013,341.9,-76.37999999999997
KEN,Kenya,Sub-Saharan East Africa,Equatorial Bimodal / Semi-Arid,1962,Autumn (SON),14.962329749103944,0.05308841099163727,236.10000000000002,-164.16666666666666
KEN,Kenya,Sub-Saharan East Africa,Equatorial Bimodal / Semi-Arid,1962,Spring (MAM),15.99,-0.030064516129031087,749.7,133.04333333333335
KEN,Kenya,Sub-Saharan East Africa,Equatorial Bimodal / Semi-Arid,1962,Summer (JJA),14.3052688172043,0.2136917562724013,167.5,-102.62
KEN,Kenya,Sub-Saharan East Africa,Equatorial Bimodal / Semi-Arid,1962,Winter (DJF),15.46378648233487,-0.13549261083743916,375.5,-42.77999999999997
KEN,Kenya,Sub-Saharan East Africa,Equatorial Bimodal / Semi-Arid,1963,Autumn (SON),14.858637992831541,-0.0506033452807646,300.6,-99.66666666666669
KEN,Kenya,Sub-Saharan East Africa,Equatorial Bimodal / Semi-Arid,1963,Spring (MAM),15.791326164874553,-0.2287383512544796,902.5,285.84333333333336
KEN,Kenya,Sub-Saharan East Africa,Equatorial Bimodal / Semi-Arid,1963,Summer (JJA),14.439928315412187,0.3483512544802867,243.3,-26.819999999999993
KEN,Kenya,Sub-Saharan East Africa,Equatorial Bimodal / Semi-Arid,1963,Winter (DJF),15.10468509984639,-0.4945939933259182,535.9,117.62000000000003
KEN,Kenya,Sub-Saharan East Africa,Equatorial Bimodal / Semi-Arid,1964,Autumn (SON),14.08584229390681,-0.8233990442054951,304.7,-95.56666666666668
KEN,Kenya,Sub-Saharan East Africa,Equatorial Bimodal / Semi-Arid,1964,Spring (MAM),15.955376344086021,-0.06468817204301065,1064.0,447.34333333333336
KEN,Kenya,Sub-Saharan East Africa,Equatorial Bimodal / Semi-Arid,1964,Summer (JJA),14.071899641577062,-0.019677419354837983,467.1,196.98000000000002
KEN,Kenya,Sub-Saharan East Africa,Equatorial Bimodal / Semi-Arid,1964,Winter (DJF),15.10826844642195,-0.49101064675035744,395.8,-22.479999999999976
KEN,Kenya,Sub-Saharan East Africa,Equatorial Bimodal / Semi-Arid,1965,Autumn (SON),15.072544802867384,0.16330346475507795,337.70000000000005,-62.56666666666668
KEN,Kenya,Sub-Saharan East Africa,Equatorial Bimodal / Semi-Arid,1965,Spring (MAM),15.768781362007168,-0.2512831541218639,799.8,183.14333333333337
KEN,Kenya,Sub-Saharan East Africa,Equatorial Bimodal / Semi-Arid,1965,Summer (JJA),14.539139784946236,0.4475627240143372,318.6,48.48000000000002
KEN,Kenya,Sub-Saharan East Africa,Equatorial Bimodal / Semi-Arid,1965,Winter (DJF),15.219393241167436,-0.37988585200487296,383.1,-35.17999999999998
KEN,Kenya,Sub-Saharan East Africa,Equatorial Bimodal / Semi-Arid,1966,Autumn (SON),14.99111111111111,0.08186977299880442,318.8,-81.46666666666668
KEN,Kenya,Sub-Saharan East Africa,Equatorial Bimodal / Semi-Arid,1966,Spring (MAM),16.02078853046595,0.0007240143369185622,642.5,25.843333333333305
KEN,Kenya,Sub-Saharan East Africa,Equatorial Bimodal / Semi-Arid,1966,Summer (JJA),14.72469534050179,0.6331182795698928,378.4,108.28
KEN,Kenya,Sub-Saharan East Africa,Equatorial Bimodal / Semi-Arid,1966,Winter (DJF),15.538671274961596,-0.06060781821071082,244.3,-173.97999999999996
KEN,Kenya,Sub-Saharan East Africa,Equatorial Bimodal / Semi-Arid,1967,Autumn (SON),15.047455197132615,0.13821385902031125,545.2,144.9333333333333
KEN,Kenya,Sub-Saharan East Africa,Equatorial Bimodal / Semi-Arid,1967,Spring (MAM),16.096559139784947,0.07649462365591357,446.5,-170.15666666666664
KEN,Kenya,Sub-Saharan East Africa,Equatorial Bimodal / Semi-Arid,1967,Summer (JJA),14.389354838709679,0.29777777777777875,321.2,51.08000000000002
KEN,Kenya,Sub-Saharan East Africa,Equatorial Bimodal / Semi-Arid,1967,Winter (DJF),15.599116743471582,-0.00016234970072718605,157.9,-260.38
KEN,Kenya,Sub-Saharan East Africa,Equatorial Bimodal / Semi-Arid,1968,Autumn (SON),14.886093189964157,-0.023148148148148213,360.6,-39.66666666666667
KEN,Kenya,Sub-Saharan East Africa,Equatorial Bimodal / Semi-Arid,1968,Spring (MAM),15.287025089605734,-0.733039426523297,786.3,169.64333333333332
KEN,Kenya,Sub-Saharan East Africa,Equatorial Bimodal / Semi-Arid,1968,Summer (JJA),13.645053763440862,-0.4465232974910389,238.0,-32.11999999999999
KEN,Kenya,Sub-Saharan East Africa,Equatorial Bimodal / Semi-Arid,1968,Winter (DJF),15.472302558398221,-0.1269765347740878,514.7,96.42
KEN,Kenya,Sub-Saharan East Africa,Equatorial Bimodal / Semi-Arid,1969,Autumn (SON),15.198781362007168,0.28954002389486294,332.29999999999995,-67.96666666666667
KEN,Kenya,Sub-Saharan East Africa,Equatorial Bimodal / Semi-Arid,1969,Spring (MAM),16.01666666666667,-0.003397849462364988,316.6,-300.0566666666666
KEN,Kenya,Sub-Saharan East Africa,Equatorial Bimodal / Semi-Arid,1969,Summer (JJA),14.302903225806451,0.2113261648745528,157.8,-112.32
KEN,Kenya,Sub-Saharan East Africa,Equatorial Bimodal / Semi-Arid,1969,Winter (DJF),15.542204301075268,-0.057074792097038696,279.5,-138.77999999999997
KEN,Kenya,Sub-Saharan East Africa,Equatorial Bimodal / Semi-Arid,1970,Autumn (SON),14.935197132616487,0.025955794504181878,274.40000000000003,-125.86666666666666
KEN,Kenya,Sub-Saharan East Africa,Equatorial Bimodal / Semi-Arid,1970,Spring (MAM),16.02673835125448,0.006673835125448946,736.3,119.64333333333332
KEN,Kenya,Sub-Saharan East Africa,Equatorial Bimodal / Semi-Arid,1970,Summer (JJA),14.159964157706092,0.06838709677419352,174.5,-95.61999999999999
KEN,Kenya,Sub-Saharan East Africa,Equatorial Bimodal / Semi-Arid,1970,Winter (DJF),15.994662058371736,0.3953829651994282,414.4,-3.879999999999967
KEN,Kenya,Sub-Saharan East Africa,Equatorial Bimodal / Semi-Arid,1971,Autumn (SON),14.346200716845878,-0.5630406212664282,253.1,-147.16666666666669
KEN,Kenya,Sub-Saharan East Africa,Equatorial Bimodal / Semi-Arid,1971,Spring (MAM),15.78136200716846,-0.2387025089605732,608.7,-7.9566666666666634
KEN,Kenya,Sub-Saharan East Africa,Equatorial Bimodal / Semi-Arid,1971,Summer (JJA),13.669641577060931,-0.4219354838709677,348.20000000000005,78.08000000000001
KEN,Kenya,Sub-Saharan East Africa,Equatorial Bimodal / Semi-Arid,1971,Winter (DJF),15.669969278033795,0.07069018486148633,329.1,-89.17999999999998
KEN,Kenya,Sub-Saharan East Africa,Equatorial Bimodal / Semi-Arid,1972,Autumn (SON),15.280107526881721,0.3708661887694144,731.1,330.8333333333333
KEN,Kenya,Sub-Saharan East Africa,Equatorial Bimodal / Semi-Arid,1972,Spring (MAM),16.095304659498208,0.07524014336917635,410.5,-206.15666666666664
KEN,Kenya,Sub-Saharan East Africa,Equatorial Bimodal / Semi-Arid,1972,Summer (JJA),14.273727598566309,0.18215053763440872,346.3,76.18
KEN,Kenya,Sub-Saharan East Africa,Equatorial Bimodal / Semi-Arid,1972,Winter (DJF),15.375342973674455,-0.2239361194978553,500.4,82.12000000000003
KEN,Kenya,Sub-Saharan East Africa,Equatorial Bimodal / Semi-Arid,1973,Autumn (SON),14.957132616487456,0.047891278375149206,475.4,75.13333333333334
KEN,Kenya,Sub-Saharan East Africa,Equatorial Bimodal / Semi-Arid,1973,Spring (MAM),16.526093189964158,0.5060286738351264,362.4,-254.25666666666666
KEN,Kenya,Sub-Saharan East Africa,Equatorial Bimodal / Semi-Arid,1973,Summer (JJA),14.042939068100358,-0.0486379928315408,227.10000000000002,-43.01999999999998
KEN,Kenya,Sub-Saharan East Africa,Equatorial Bimodal / Semi-Arid,1973,Winter (DJF),15.682718894009218,0.08343980083690876,517.1,98.82000000000002
KEN,Kenya,Sub-Saharan East Africa,Equatorial Bimodal / Semi-Arid,1974,Autumn (SON),14.515376344086022,-0.3938649940262848,324.0,-76.26666666666668
KEN,Kenya,Sub-Saharan East Africa,Equatorial Bimodal / Semi-Arid,1974,Spring (MAM),15.595555555555556,-0.4245089605734762,637.6,20.943333333333356
KEN,Kenya,Sub-Saharan East Africa,Equatorial Bimodal / Semi-Arid,1974,Summer (JJA),13.790394265232976,-0.30118279569892437,381.29999999999995,111.17999999999999
KEN,Kenya,Sub-Saharan East Africa,Equatorial Bimodal / Semi-Arid,1974,Winter (DJF),15.170430107526883,-0.4288489856454258,334.5,-83.77999999999996
KEN,Kenya,Sub-Saharan East Africa,Equatorial Bimodal / Semi-Arid,1975,Autumn (SON),14.385806451612902,-0.5234348864994024,341.3,-58.96666666666668
KEN,Kenya,Sub-Saharan East Africa,Equatorial Bimodal / Semi-Arid,1975,Spring (MAM),16.143655913978495,0.12359139784946294,414.29999999999995,-202.35666666666668
KEN,Kenya,Sub-Saharan East Africa,Equatorial Bimodal / Semi-Arid,1975,Summer (JJA),13.676702508960574,-0.414874551971326,263.3,-6.819999999999993
KEN,Kenya,Sub-Saharan East Africa,Equatorial Bimodal / Semi-Arid,1975,Winter (DJF),15.624155145929342,0.02487605275703153,292.7,-125.57999999999997
KEN,Kenya,Sub-Saharan East Africa,Equatorial Bimodal / Semi-Arid,1976,Autumn (SON),14.999247311827958,0.09000597371565118,288.8,-111.46666666666668
KEN,Kenya,Sub-Saharan East Africa,Equatorial Bimodal / Semi-Arid,1976,Spring (MAM),15.961039426523298,-0.0590250896057339,433.40000000000003,-183.25666666666666
KEN,Kenya,Sub-Saharan East Africa,Equatorial Bimodal / Semi-Arid,1976,Summer (JJA),14.068100358422939,-0.023476702508959946,249.5,-20.61999999999999
KEN,Kenya,Sub-Saharan East Africa,Equatorial Bimodal / Semi-Arid,1976,Winter (DJF),15.079050797182054,-0.5202282959902534,447.2,28.920000000000016
KEN,Kenya,Sub-Saharan East Africa,Equatorial Bimodal / Semi-Arid,1977,Autumn (SON),15.131827956989248,0.22258661887694173,524.8,124.5333333333333
KEN,Kenya,Sub-Saharan East Africa,Equatorial Bimodal / Semi-Arid,1977,Spring (MAM),15.965913978494624,-0.054150537634408615,815.2,198.54333333333338
KEN,Kenya,Sub-Saharan East Africa,Equatorial Bimodal / Semi-Arid,1977,Summer (JJA),14.08046594982079,-0.01111111111111048,317.5,47.38000000000001
KEN,Kenya,Sub-Saharan East Africa,Equatorial Bimodal / Semi-Arid,1977,Winter (DJF),15.494930875576037,-0.10434821759627155,721.3,303.02000000000004
KEN,Kenya,Sub-Saharan East Africa,Equatorial Bimodal / Semi-Arid,1978,Autumn (SON),14.747885304659498,-0.16135603345280755,403.29999999999995,3.033333333333303
KEN,Kenya,Sub-Saharan East Africa,Equatorial Bimodal / Semi-Arid,1978,Spring (MAM),15.656917562724013,-0.36314695340501696,646.7,30.04333333333335
KEN,Kenya,Sub-Saharan East Africa,Equatorial Bimodal / Semi-Arid,1978,Summer (JJA),13.829820788530464,-0.2617562724014337,315.8,45.68000000000001
KEN,Kenya,Sub-Saharan East Africa,Equatorial Bimodal / Semi-Arid,1978,Winter (DJF),15.580184331797234,-0.01909476137507345,567.1,148.82000000000002
KEN,Kenya,Sub-Saharan East Africa,Equatorial Bimodal / Semi-Arid,1979,Autumn (SON),15.030645161290323,0.12140382317801605,389.5,-10.766666666666666
KEN,Kenya,Sub-Saharan East Africa,Equatorial Bimodal / Semi-Arid,1979,Spring (MAM),15.899068100358422,-0.12099641577060953,615.8,-0.8566666666666833
KEN,Kenya,Sub-Saharan East Africa,Equatorial Bimodal / Semi-Arid,1979,Summer (JJA),14.104731182795698,0.013154121863799162,247.6,-22.519999999999996
KEN,Kenya,Sub-Saharan East Africa,Equatorial Bimodal / Semi-Arid,1979,Winter (DJF),15.493125960061443,-0.1061531331108642,539.5,121.22000000000003
KEN,Kenya,Sub-Saharan East Africa,Equatorial Bimodal / Semi-Arid,1980,Autumn (SON),15.239283154121864,0.3300418160095582,357.8,-42.46666666666668
KEN,Kenya,Sub-Saharan East Africa,Equatorial Bimodal / Semi-Arid,1980,Spring (MAM),16.51605734767025,0.4959928315412186,535.5,-81.15666666666667
KEN,Kenya,Sub-Saharan East Africa,Equatorial Bimodal / Semi-Arid,1980,Summer (JJA),13.894265232974911,-0.197311827956988,201.5,-68.61999999999999
KEN,Kenya,Sub-Saharan East Africa,Equatorial Bimodal / Semi-Arid,1980,Winter (DJF),15.949981460882462,0.35070236771015334,308.6,-109.67999999999996
KEN,Kenya,Sub-Saharan East Africa,Equatorial Bimodal / Semi-Arid,1981,Autumn (SON),14.967956989247313,0.05871565113500665,397.0,-3.26666666666668
KEN,Kenya,Sub-Saharan East Africa,Equatorial Bimodal / Semi-Arid,1981,Spring (MAM),15.997813620071684,-0.022250896057348275,732.9,116.24333333333331
KEN,Kenya,Sub-Saharan East Africa,Equatorial Bimodal / Semi-Arid,1981,Summer (JJA),14.341899641577063,0.25032258064516216,289.0,18.879999999999995
KEN,Kenya,Sub-Saharan East Africa,Equatorial Bimodal / Semi-Arid,1981,Winter (DJF),15.883717357910905,0.2844382647385976,515.5,97.22000000000003
KEN,Kenya,Sub-Saharan East Africa,Equatorial Bimodal / Semi-Arid,1982,Autumn (SON),15.08931899641577,0.1800776583034652,620.6,220.33333333333331
KEN,Kenya,Sub-Saharan East Africa,Equatorial Bimodal / Semi-Arid,1982,Spring (MAM),16.173333333333336,0.15326881720430188,494.20000000000005,-122.45666666666666
KEN,Kenya,Sub-Saharan East Africa,Equatorial Bimodal / Semi-Arid,1982,Summer (JJA),14.252437275985663,0.160860215053764,194.10000000000002,-76.01999999999998
KEN,Kenya,Sub-Saharan East Africa,Equatorial Bimodal / Semi-Arid,1982,Winter (DJF),15.802649769585253,0.20337067641294482,428.2,9.920000000000016
KEN,Kenya,Sub-Saharan East Africa,Equatorial Bimodal / Semi-Arid,1983,Autumn (SON),14.841971326164874,-0.0672700119474315,439.6,39.33333333333333
KEN,Kenya,Sub-Saharan East Africa,Equatorial Bimodal / Semi-Arid,1983,Spring (MAM),16.71767025089606,0.6976057347670253,309.3,-307.3566666666667
KEN,Kenya,Sub-Saharan East Africa,Equatorial Bimodal / Semi-Arid,1983,Summer (JJA),14.686630824372761,0.5950537634408603,338.4,68.28
KEN,Kenya,Sub-Saharan East Africa,Equatorial Bimodal / Semi-Arid,1983,Winter (DJF),15.831720430107529,0.23244133693521954,524.4,106.12000000000003
KEN,Kenya,Sub-Saharan East Africa,Equatorial Bimodal / Semi-Arid,1984,Autumn (SON),14.749856630824373,-0.15938470728793241,545.1,144.83333333333331
KEN,Kenya,Sub-Saharan East Africa,Equatorial Bimodal / Semi-Arid,1984,Spring (MAM),15.958637992831543,-0.061426523297489176,410.2,-206.45666666666668
KEN,Kenya,Sub-Saharan East Africa,Equatorial Bimodal / Semi-Arid,1984,Summer (JJA),13.780931899641578,-0.3106451612903219,159.0,-111.11999999999998
KEN,Kenya,Sub-Saharan East Africa,Equatorial Bimodal / Semi-Arid,1984,Winter (DJF),15.5165368928439,-0.08274220032840833,382.79999999999995,-35.48
KEN,Kenya,Sub-Saharan East Africa,Equatorial Bimodal / Semi-Arid,1985,Autumn (SON),14.611827956989247,-0.29741338112305904,381.6,-18.666666666666664
KEN,Kenya,Sub-Saharan East Africa,Equatorial Bimodal / Semi-Arid,1985,Spring (MAM),15.67652329749104,-0.34354121863799253,561.0,-55.656666666666666
KEN,Kenya,Sub-Saharan East Africa,Equatorial Bimodal / Semi-Arid,1985,Summer (JJA),13.490788530465949,-0.6007885304659494,216.20000000000002,-53.91999999999998
KEN,Kenya,Sub-Saharan East Africa,Equatorial Bimodal / Semi-Arid,1985,Winter (DJF),15.596774193548386,-0.002504899623920901,337.8,-80.47999999999998
KEN,Kenya,Sub-Saharan East Africa,Equatorial Bimodal / Semi-Arid,1986,Autumn (SON),14.770501792114695,-0.13873954599761085,402.1,1.8333333333333357
KEN,Kenya,Sub-Saharan East Africa,Equatorial Bimodal / Semi-Arid,1986,Spring (MAM),15.776594982078853,-0.24346953405017877,552.4,-64.25666666666666
KEN,Kenya,Sub-Saharan East Africa,Equatorial Bimodal / Semi-Arid,1986,Summer (JJA),13.694802867383514,-0.3967741935483862,250.6,-19.51999999999999
KEN,Kenya,Sub-Saharan East Africa,Equatorial Bimodal / Semi-Arid,1986,Winter (DJF),15.94147465437788,0.3421955612055723,480.1,61.82000000000005
KEN,Kenya,Sub-Saharan East Africa,Equatorial Bimodal / Semi-Arid,1987,Autumn (SON),16.067060931899643,1.1578195937873357,202.1,-198.16666666666669
KEN,Kenya,Sub-Saharan East Africa,Equatorial Bimodal / Semi-Arid,1987,Spring (MAM),16.63627240143369,0.6162078853046603,663.6,46.94333333333333
KEN,Kenya,Sub-Saharan East Africa,Equatorial Bimodal / Semi-Arid,1987,Summer (JJA),14.319462365591399,0.22788530465949877,287.1,16.980000000000004
KEN,Kenya,Sub-Saharan East Africa,Equatorial Bimodal / Semi-Arid,1987,Winter (DJF),16.143433179723502,0.5441540865511953,245.89999999999998,-172.38
KEN,Kenya,Sub-Saharan East Africa,Equatorial Bimodal / Semi-Arid,1988,Autumn (SON),14.803942652329747,-0.1052986857825573,404.6,4.333333333333314
KEN,Kenya,Sub-Saharan East Africa,Equatorial Bimodal / Semi-Arid,1988,Spring (MAM),16.364516129032257,0.34445161290322446,793.9000000000001,177.24333333333337
KEN,Kenya,Sub-Saharan East Africa,Equatorial Bimodal / Semi-Arid,1988,Summer (JJA),14.176810035842294,0.0852329749103949,248.4,-21.719999999999985
KEN,Kenya,Sub-Saharan East Africa,Equatorial Bimodal / Semi-Arid,1988,Winter (DJF),15.969670003707824,0.37039091053551526,426.7,8.42000000000003
KEN,Kenya,Sub-Saharan East Africa,Equatorial Bimodal / Semi-Arid,1989,Autumn (SON),14.878817204301077,-0.030424133811229364,468.9,68.63333333333334
KEN,Kenya,Sub-Saharan East Africa,Equatorial Bimodal / Semi-Arid,1989,Spring (MAM),15.711612903225806,-0.30845161290322604,640.5,23.84333333333332
KEN,Kenya,Sub-Saharan East Africa,Equatorial Bimodal / Semi-Arid,1989,Summer (JJA),13.611003584229389,-0.4805734767025089,240.6,-29.519999999999996
KEN,Kenya,Sub-Saharan East Africa,Equatorial Bimodal / Semi-Arid,1989,Winter (DJF),15.426958525345624,-0.17232056782668556,557.3,139.02000000000004
KEN,Kenya,Sub-Saharan East Africa,Equatorial Bimodal / Semi-Arid,1990,Autumn (SON),15.123548387096776,0.21430704898446842,375.2,-25.066666666666677
KEN,Kenya,Sub-Saharan East Africa,Equatorial Bimodal / Semi-Arid,1990,Spring (MAM),16.01541218637993,-0.004652329749102198,976.8000000000001,360.14333333333343
KEN,Kenya,Sub-Saharan East Africa,Equatorial Bimodal / Semi-Arid,1990,Summer (JJA),13.974802867383511,-0.11677419354838688,210.0,-60.11999999999999
KEN,Kenya,Sub-Saharan East Africa,Equatorial Bimodal / Semi-Arid,1990,Winter (DJF),15.628725038402457,0.029445945230149206,449.2,30.920000000000016
KEN,Kenya,Sub-Saharan East Africa,Equatorial Bimodal / Semi-Arid,1991,Autumn (SON),15.046021505376345,0.13678016726403838,278.2,-122.06666666666668
KEN,Kenya,Sub-Saharan East Africa,Equatorial Bimodal / Semi-Arid,1991,Spring (MAM),16.380358422939068,0.36029390681003726,607.5,-9.156666666666666
KEN,Kenya,Sub-Saharan East Africa,Equatorial Bimodal / Semi-Arid,1991,Summer (JJA),14.296702508960573,0.2051254480286738,333.4,63.280000000000015
KEN,Kenya,Sub-Saharan East Africa,Equatorial Bimodal / Semi-Arid,1991,Winter (DJF),16.145276497695853,0.5459974045235446,321.79999999999995,-96.47999999999998
KEN,Kenya,Sub-Saharan East Africa,Equatorial Bimodal / Semi-Arid,1992,Autumn (SON),14.652795698924729,-0.2564456391875751,279.2,-121.06666666666668
KEN,Kenya,Sub-Saharan East Africa,Equatorial Bimodal / Semi-Arid,1992,Spring (MAM),16.311326164874554,0.2912616487455206,535.0,-81.65666666666665
KEN,Kenya,Sub-Saharan East Africa,Equatorial Bimodal / Semi-Arid,1992,Summer (JJA),13.781039426523298,-0.31053763440860216,196.8,-73.32
KEN,Kenya,Sub-Saharan East Africa,Equatorial Bimodal / Semi-Arid,1992,Winter (DJF),16.07563959955506,0.4763605063827529,384.5,-33.77999999999999
KEN,Kenya,Sub-Saharan East Africa,Equatorial Bimodal / Semi-Arid,1993,Autumn (SON),15.187491039426524,0.2782497013142174,190.8,-209.4666666666667
KEN,Kenya,Sub-Saharan East Africa,Equatorial Bimodal / Semi-Arid,1993,Spring (MAM),16.008781362007166,-0.011283154121864905,264.6,-352.0566666666667
KEN,Kenya,Sub-Saharan East Africa,Equatorial Bimodal / Semi-Arid,1993,Summer (JJA),13.656594982078852,-0.4349820788530459,184.4,-85.71999999999998
KEN,Kenya,Sub-Saharan East Africa,Equatorial Bimodal / Semi-Arid,1993,Winter (DJF),15.458448540706605,-0.14083055246570333,546.5,128.22
KEN,Kenya,Sub-Saharan East Africa,Equatorial Bimodal / Semi-Arid,1994,Autumn (SON),15.101756272401433,0.19251493428912822,621.7,221.43333333333334
KEN,Kenya,Sub-Saharan East Africa,Equatorial Bimodal / Semi-Arid,1994,Spring (MAM),16.316451612903226,0.2963870967741939,449.5,-167.15666666666667
KEN,Kenya,Sub-Saharan East Africa,Equatorial Bimodal / Semi-Arid,1994,Summer (JJA),13.881146953405016,-0.2104301075268816,194.4,-75.71999999999998
KEN,Kenya,Sub-Saharan East Africa,Equatorial Bimodal / Semi-Arid,1994,Winter (DJF),16.200921658986175,0.6016425658138669,444.09999999999997,25.819999999999993
KEN,Kenya,Sub-Saharan East Africa,Equatorial Bimodal / Semi-Arid,1995,Autumn (SON),15.09799283154122,0.18875149342891304,370.4,-29.866666666666674
KEN,Kenya,Sub-Saharan East Africa,Equatorial Bimodal / Semi-Arid,1995,Spring (MAM),15.973727598566308,-0.046336917562722846,568.7,-47.95666666666668
KEN,Kenya,Sub-Saharan East Africa,Equatorial Bimodal / Semi-Arid,1995,Summer (JJA),14.217204301075268,0.1256272401433692,188.5,-81.61999999999999
KEN,Kenya,Sub-Saharan East Africa,Equatorial Bimodal / Semi-Arid,1995,Winter (DJF),15.676459293394776,0.07718020022246878,355.5,-62.77999999999999
KEN,Kenya,Sub-Saharan East Africa,Equatorial Bimodal / Semi-Arid,1996,Autumn (SON),15.032043010752687,0.12280167264038215,298.8,-101.46666666666668
KEN,Kenya,Sub-Saharan East Africa,Equatorial Bimodal / Semi-Arid,1996,Spring (MAM),16.084408602150535,0.06434408602150536,458.29999999999995,-158.35666666666668
KEN,Kenya,Sub-Saharan East Africa,Equatorial Bimodal / Semi-Arid,1996,Summer (JJA),13.843727598566309,-0.247849462365591,322.5,52.379999999999995
KEN,Kenya,Sub-Saharan East Africa,Equatorial Bimodal / Semi-Arid,1996,Winter (DJF),15.727289581015944,0.12801048784363545,318.6,-99.67999999999998
KEN,Kenya,Sub-Saharan East Africa,Equatorial Bimodal / Semi-Arid,1997,Autumn (SON),15.529354838709677,0.6201135005973709,677.4,277.1333333333333
KEN,Kenya,Sub-Saharan East Africa,Equatorial Bimodal / Semi-Arid,1997,Spring (MAM),16.107025089605735,0.08696057347670265,557.2,-59.45666666666669
KEN,Kenya,Sub-Saharan East Africa,Equatorial Bimodal / Semi-Arid,1997,Summer (JJA),14.30078853046595,0.20921146953404998,224.29999999999998,-45.82000000000001
KEN,Kenya,Sub-Saharan East Africa,Equatorial Bimodal / Semi-Arid,1997,Winter (DJF),16.13652073732719,0.5372416441548798,423.2,4.920000000000016
KEN,Kenya,Sub-Saharan East Africa,Equatorial Bimodal / Semi-Arid,1998,Autumn (SON),15.066594982078854,0.15735364396654758,270.1,-130.16666666666669
KEN,Kenya,Sub-Saharan East Africa,Equatorial Bimodal / Semi-Arid,1998,Spring (MAM),16.706989247311828,0.6869247311827973,648.1,31.443333333333328
KEN,Kenya,Sub-Saharan East Africa,Equatorial Bimodal / Semi-Arid,1998,Summer (JJA),14.158387096774193,0.06681003584229472,181.2,-88.91999999999999
KEN,Kenya,Sub-Saharan East Africa,Equatorial Bimodal / Semi-Arid,1998,Winter (DJF),15.880837173579108,0.28155808040680047,778.6,360.32000000000005
KEN,Kenya,Sub-Saharan East Africa,Equatorial Bimodal / Semi-Arid,1999,Autumn (SON),15.079928315412188,0.17068697729988122,339.4,-60.866666666666674
KEN,Kenya,Sub-Saharan East Africa,Equatorial Bimodal / Semi-Arid,1999,Spring (MAM),15.729641577060931,-0.29042293906809985,443.3,-173.35666666666668
KEN,Kenya,Sub-Saharan East Africa,Equatorial Bimodal / Semi-Arid,1999,Summer (JJA),13.801648745519714,-0.28992831541218617,137.1,-133.01999999999998
KEN,Kenya,Sub-Saharan East Africa,Equatorial Bimodal / Semi-Arid,1999,Winter (DJF),15.52346390168971,-0.07581519148259967,272.20000000000005,-146.07999999999996
KEN,Kenya,Sub-Saharan East Africa,Equatorial Bimodal / Semi-Arid,2000,Autumn (SON),15.481612903225807,0.5723715651135007,226.8,-173.4666666666667
KEN,Kenya,Sub-Saharan East Africa,Equatorial Bimodal / Semi-Arid,2000,Spring (MAM),16.238494623655914,0.21843010752688188,277.4,-339.25666666666666
KEN,Kenya,Sub-Saharan East Africa,Equatorial Bimodal / Semi-Arid,2000,Summer (JJA),14.048243727598566,-0.043333333333333,115.4,-154.71999999999997
KEN,Kenya,Sub-Saharan East Africa,Equatorial Bimodal / Semi-Arid,2000,Winter (DJF),15.750203930292917,0.1509248371206091,282.6,-135.67999999999998
KEN,Kenya,Sub-Saharan East Africa,Equatorial Bimodal / Semi-Arid,2001,Autumn (SON),15.389713261648746,0.48047192353643925,286.4,-113.86666666666667
KEN,Kenya,Sub-Saharan East Africa,Equatorial Bimodal / Semi-Arid,2001,Spring (MAM),15.940537634408601,-0.07952688172042954,526.1,-90.55666666666667
KEN,Kenya,Sub-Saharan East Africa,Equatorial Bimodal / Semi-Arid,2001,Summer (JJA),14.035161290322582,-0.056415770609318606,137.3,-132.82
KEN,Kenya,Sub-Saharan East Africa,Equatorial Bimodal / Semi-Arid,2001,Winter (DJF),15.714592933947772,0.1153138407754651,480.29999999999995,62.019999999999996
KEN,Kenya,Sub-Saharan East Africa,Equatorial Bimodal / Semi-Arid,2002,Autumn (SON),15.337240143369177,0.42799880525686973,492.2,91.93333333333332
KEN,Kenya,Sub-Saharan East Africa,Equatorial Bimodal / Semi-Arid,2002,Spring (MAM),15.940179211469536,-0.07988530465949673,691.3,74.64333333333332
KEN,Kenya,Sub-Saharan East Africa,Equatorial Bimodal / Semi-Arid,2002,Summer (JJA),14.13247311827957,0.040896057347670954,88.9,-181.21999999999997
KEN,Kenya,Sub-Saharan East Africa,Equatorial Bimodal / Semi-Arid,2002,Winter (DJF),16.187519201228877,0.5882401080565707,453.6,35.32000000000002
KEN,Kenya,Sub-Saharan East Africa,Equatorial Bimodal / Semi-Arid,2003,Autumn (SON),15.256989247311829,0.3477479091995222,314.2,-86.06666666666666
KEN,Kenya,Sub-Saharan East Africa,Equatorial Bimodal / Semi-Arid,2003,Spring (MAM),16.60200716845878,0.5819426523297491,638.7,22.043333333333322
KEN,Kenya,Sub-Saharan East Africa,Equatorial Bimodal / Semi-Arid,2003,Summer (JJA),14.087383512544804,-0.004193548387096513,169.3,-100.82
KEN,Kenya,Sub-Saharan East Africa,Equatorial Bimodal / Semi-Arid,2003,Winter (DJF),16.230683563748077,0.6314044705757708,189.0,-229.27999999999997
KEN,Kenya,Sub-Saharan East Africa,Equatorial Bimodal / Semi-Arid,2004,Autumn (SON),15.504336917562725,0.5950955794504184,390.0,-10.26666666666668
KEN,Kenya,Sub-Saharan East Africa,Equatorial Bimodal / Semi-Arid,2004,Spring (MAM),16.09200716845878,0.07194265232974928,482.9,-133.75666666666666
KEN,Kenya,Sub-Saharan East Africa,Equatorial Bimodal / Semi-Arid,2004,Summer (JJA),13.93415770609319,-0.1574193548387092,68.4,-201.71999999999997
KEN,Kenya,Sub-Saharan East Africa,Equatorial Bimodal / Semi-Arid,2004,Winter (DJF),15.933296255098258,0.3340171619259493,523.5,105.22000000000003
KEN,Kenya,Sub-Saharan East Africa,Equatorial Bimodal / Semi-Arid,2005,Autumn (SON),15.157025089605737,0.24778375149342993,401.79999999999995,1.533333333333303
KEN,Kenya,Sub-Saharan East Africa,Equatorial Bimodal / Semi-Arid,2005,Spring (MAM),16.417921146953404,0.39785663082437256,496.2,-120.45666666666668
KEN,Kenya,Sub-Saharan East Africa,Equatorial Bimodal / Semi-Arid,2005,Summer (JJA),13.890286738351255,-0.20129032258064505,134.2,-135.92
KEN,Kenya,Sub-Saharan East Africa,Equatorial Bimodal / Semi-Arid,2005,Winter (DJF),16.129454685099848,0.5301755919275385,174.6,-243.67999999999998
KEN,Kenya,Sub-Saharan East Africa,Equatorial Bimodal / Semi-Arid,2006,Autumn (SON),15.243655913978495,0.33441457586618917,539.2,138.9333333333333
KEN,Kenya,Sub-Saharan East Africa,Equatorial Bimodal / Semi-Arid,2006,Spring (MAM),16.07551971326165,0.05545519713261745,572.0,-44.656666666666666
KEN,Kenya,Sub-Saharan East Africa,Equatorial Bimodal / Semi-Arid,2006,Summer (JJA),14.271433691756272,0.1798566308243732,119.6,-150.51999999999998
KEN,Kenya,Sub-Saharan East Africa,Equatorial Bimodal / Semi-Arid,2006,Winter (DJF),16.259562211981567,0.660283118809259,556.7,138.42000000000002
KEN,Kenya,Sub-Saharan East Africa,Equatorial Bimodal / Semi-Arid,2007,Autumn (SON),15.063010752688172,0.15376941457586626,316.3,-83.96666666666667
KEN,Kenya,Sub-Saharan East Africa,Equatorial Bimodal / Semi-Arid,2007,Spring (MAM),16.194229390681006,0.17416487455197208,359.9,-256.75666666666666
KEN,Kenya,Sub-Saharan East Africa,Equatorial Bimodal / Semi-Arid,2007,Summer (JJA),14.134372759856632,0.04279569892473193,233.4,-36.719999999999985
KEN,Kenya,Sub-Saharan East Africa,Equatorial Bimodal / Semi-Arid,2007,Winter (DJF),15.836674347158217,0.2373952539859102,355.0,-63.27999999999997
KEN,Kenya,Sub-Saharan East Africa,Equatorial Bimodal / Semi-Arid,2008,Autumn (SON),15.53304659498208,0.6238052568697731,475.9,75.63333333333333
KEN,Kenya,Sub-Saharan East Africa,Equatorial Bimodal / Semi-Arid,2008,Spring (MAM),15.607132616487455,-0.412931899641577,433.79999999999995,-182.85666666666668
KEN,Kenya,Sub-Saharan East Africa,Equatorial Bimodal / Semi-Arid,2008,Summer (JJA),13.987598566308243,-0.10397849462365549,121.1,-149.01999999999998
KEN,Kenya,Sub-Saharan East Africa,Equatorial Bimodal / Semi-Arid,2008,Winter (DJF),15.926362625139042,0.32708353196673495,223.5,-194.77999999999997
KEN,Kenya,Sub-Saharan East Africa,Equatorial Bimodal / Semi-Arid,2009,Autumn (SON),15.7368458781362,0.8276045400238955,433.09999999999997,32.833333333333286
KEN,Kenya,Sub-Saharan East Africa,Equatorial Bimodal / Semi-Arid,2009,Spring (MAM),16.733046594982078,0.7129820788530464,333.9,-282.75666666666666
KEN,Kenya,Sub-Saharan East Africa,Equatorial Bimodal / Semi-Arid,2009,Summer (JJA),14.43136200716846,0.3397849462365598,83.0,-187.12
KEN,Kenya,Sub-Saharan East Africa,Equatorial Bimodal / Semi-Arid,2009,Winter (DJF),16.09116743471582,0.4918883415435135,289.2,-129.07999999999998
KEN,Kenya,Sub-Saharan East Africa,Equatorial Bimodal / Semi-Arid,2010,Autumn (SON),15.318673835125447,0.4094324970131418,283.9,-116.36666666666667
KEN,Kenya,Sub-Saharan East Africa,Equatorial Bimodal / Semi-Arid,2010,Spring (MAM),16.36810035842294,0.34803584229390755,533.9,-82.75666666666666
KEN,Kenya,Sub-Saharan East Africa,Equatorial Bimodal / Semi-Arid,2010,Summer (JJA),14.187992831541218,0.09641577060931954,173.5,-96.61999999999999
KEN,Kenya,Sub-Saharan East Africa,Equatorial Bimodal / Semi-Arid,2010,Winter (DJF),16.157296466973886,0.5580173738015771,310.7,-107.57999999999998
KEN,Kenya,Sub-Saharan East Africa,Equatorial Bimodal / Semi-Arid,2011,Autumn (SON),15.321899641577062,0.4126583034647548,567.4000000000001,167.13333333333333
KEN,Kenya,Sub-Saharan East Africa,Equatorial Bimodal / Semi-Arid,2011,Spring (MAM),16.405017921146953,0.38495340501792147,378.6,-238.05666666666667
KEN,Kenya,Sub-Saharan East Africa,Equatorial Bimodal / Semi-Arid,2011,Summer (JJA),14.673763440860213,0.5821863799283152,227.0,-43.11999999999999
KEN,Kenya,Sub-Saharan East Africa,Equatorial Bimodal / Semi-Arid,2011,Winter (DJF),16.16943164362519,0.5701525504528847,302.7,-115.57999999999997
KEN,Kenya,Sub-Saharan East Africa,Equatorial Bimodal / Semi-Arid,2012,Autumn (SON),15.399713261648747,0.49047192353643965,448.1,47.833333333333314
KEN,Kenya,Sub-Saharan East Africa,Equatorial Bimodal / Semi-Arid,2012,Spring (MAM),16.53383512544803,0.5137706093189962,420.1,-196.55666666666667
KEN,Kenya,Sub-Saharan East Africa,Equatorial Bimodal / Semi-Arid,2012,Summer (JJA),14.352688172043012,0.2611111111111117,237.59999999999997,-32.52000000000001
KEN,Kenya,Sub-Saharan East Africa,Equatorial Bimodal / Semi-Arid,2012,Winter (DJF),16.0587319243604,0.4594528311880932,338.1,-80.17999999999996
KEN,Kenya,Sub-Saharan East Africa,Equatorial Bimodal / Semi-Arid,2013,Autumn (SON),15.461541218637995,0.5522998805256876,308.1,-92.16666666666667
KEN,Kenya,Sub-Saharan East Africa,Equatorial Bimodal / Semi-Arid,2013,Spring (MAM),16.165663082437277,0.14559856630824383,560.2,-56.45666666666666
KEN,Kenya,Sub-Saharan East Africa,Equatorial Bimodal / Semi-Arid,2013,Summer (JJA),14.013440860215054,-0.07813620071684528,199.9,-70.22
KEN,Kenya,Sub-Saharan East Africa,Equatorial Bimodal / Semi-Arid,2013,Winter (DJF),16.025768049155147,0.42648895598283804,300.6,-117.67999999999998
KEN,Kenya,Sub-Saharan East Africa,Equatorial Bimodal / Semi-Arid,2014,Autumn (SON),15.473799283154122,0.5645579450418156,346.0,-54.2666666666667
KEN,Kenya,Sub-Saharan East Africa,Equatorial Bimodal / Semi-Arid,2014,Spring (MAM),16.085125448028673,0.0650609318996415,391.3,-225.35666666666668
KEN,Kenya,Sub-Saharan East Africa,Equatorial Bimodal / Semi-Arid,2014,Summer (JJA),14.487562724014337,0.3959856630824377,242.2,-27.919999999999987
KEN,Kenya,Sub-Saharan East Africa,Equatorial Bimodal / Semi-Arid,2014,Winter (DJF),16.231989247311827,0.6327101541395189,372.0,-46.27999999999999
KEN,Kenya,Sub-Saharan East Africa,Equatorial Bimodal / Semi-Arid,2015,Autumn (SON),16.058351254480286,1.1491099163679805,574.5,174.2333333333333
KEN,Kenya,Sub-Saharan East Africa,Equatorial Bimodal / Semi-Arid,2015,Spring (MAM),16.397741935483868,0.3776774193548385,571.5,-45.15666666666664
KEN,Kenya,Sub-Saharan East Africa,Equatorial Bimodal / Semi-Arid,2015,Summer (JJA),14.756810035842292,0.6652329749103943,241.0,-29.119999999999983
KEN,Kenya,Sub-Saharan East Africa,Equatorial Bimodal / Semi-Arid,2015,Winter (DJF),16.563940092165897,0.9646609989935904,345.4,-72.88
KEN,Kenya,Sub-Saharan East Africa,Equatorial Bimodal / Semi-Arid,2016,Autumn (SON),15.391541218637991,0.4822998805256867,265.5,-134.76666666666668
KEN,Kenya,Sub-Saharan East Africa,Equatorial Bimodal / Semi-Arid,2016,Spring (MAM),16.92430107526882,0.9042365591397848,428.3,-188.35666666666668
KEN,Kenya,Sub-Saharan East Africa,Equatorial Bimodal / Semi-Arid,2016,Summer (JJA),14.29301075268817,0.20143369175627276,139.4,-130.72
KEN,Kenya,Sub-Saharan East Africa,Equatorial Bimodal / Semi-Arid,2016,Winter (DJF),16.32647385984427,0.7271947666719628,447.2,28.92
KEN,Kenya,Sub-Saharan East Africa,Equatorial Bimodal / Semi-Arid,2017,Autumn (SON),17.388100358422935,2.4788590203106318,356.79999999999995,-43.46666666666669
KEN,Kenya,Sub-Saharan East Africa,Equatorial Bimodal / Semi-Arid,2017,Spring (MAM),18.56189964157706,2.5418351254480283,499.6,-117.05666666666667
KEN,Kenya,Sub-Saharan East Africa,Equatorial Bimodal / Semi-Arid,2017,Summer (JJA),16.381039426523298,2.289462365591399,192.89999999999998,-77.22
KEN,Kenya,Sub-Saharan East Africa,Equatorial Bimodal / Semi-Arid,2017,Winter (DJF),18.432757296466974,2.8334782032946673,84.4,-333.88
KEN,Kenya,Sub-Saharan East Africa,Equatorial Bimodal / Semi-Arid,2018,Autumn (SON),17.226810035842295,2.317568697729989,431.7,31.43333333333331
KEN,Kenya,Sub-Saharan East Africa,Equatorial Bimodal / Semi-Arid,2018,Spring (MAM),17.393189964157706,1.3731254480286743,1046.0,429.34333333333336
KEN,Kenya,Sub-Saharan East Africa,Equatorial Bimodal / Semi-Arid,2018,Summer (JJA),15.56652329749104,1.4749462365591406,294.3,24.180000000000007
KEN,Kenya,Sub-Saharan East Africa,Equatorial Bimodal / Semi-Arid,2018,Winter (DJF),18.452496159754222,2.8532170665819163,193.3,-224.97999999999996
KEN,Kenya,Sub-Saharan East Africa,Equatorial Bimodal / Semi-Arid,2019,Autumn (SON),17.219928315412186,2.3106869772998806,1141.4,741.1333333333333
KEN,Kenya,Sub-Saharan East Africa,Equatorial Bimodal / Semi-Arid,2019,Spring (MAM),19.196702508960573,3.1766379928315414,602.4,-14.256666666666689
KEN,Kenya,Sub-Saharan East Africa,Equatorial Bimodal / Semi-Arid,2019,Summer (JJA),16.454086021505375,2.3625089605734773,418.0,147.88
KEN,Kenya,Sub-Saharan East Africa,Equatorial Bimodal / Semi-Arid,2019,Winter (DJF),18.223655913978494,2.6243768208061855,456.90000000000003,38.62000000000005
KEN,Kenya,Sub-Saharan East Africa,Equatorial Bimodal / Semi-Arid,2020,Autumn (SON),17.48483870967742,2.5755973715651144,435.1,34.833333333333314
KEN,Kenya,Sub-Saharan East Africa,Equatorial Bimodal / Semi-Arid,2020,Spring (MAM),18.174336917562723,2.154272401433691,898.6,281.9433333333334
KEN,Kenya,Sub-Saharan East Africa,Equatorial Bimodal / Semi-Arid,2020,Summer (JJA),16.4726164874552,2.381039426523298,254.4,-15.719999999999985
KEN,Kenya,Sub-Saharan East Africa,Equatorial Bimodal / Semi-Arid,2020,Winter (DJF),17.97530589543938,2.3760268022670705,383.9,-34.37999999999997
KEN,Kenya,Sub-Saharan East Africa,Equatorial Bimodal / Semi-Arid,2021,Autumn (SON),17.85075268817204,2.9415113500597365,288.3,-111.96666666666668
KEN,Kenya,Sub-Saharan East Africa,Equatorial Bimodal / Semi-Arid,2021,Spring (MAM),17.92254480286738,1.9024802867383521,630.6,13.943333333333342
KEN,Kenya,Sub-Saharan East Africa,Equatorial Bimodal / Semi-Arid,2021,Summer (JJA),15.780716845878137,1.6891397849462368,192.3,-77.82
KEN,Kenya,Sub-Saharan East Africa,Equatorial Bimodal / Semi-Arid,2021,Winter (DJF),17.775499231950842,2.1762201387785356,353.0,-65.27999999999997
KEN,Kenya,Sub-Saharan East Africa,Equatorial Bimodal / Semi-Arid,2022,Autumn (SON),17.22810035842294,2.3188590203106316,383.9,-16.366666666666674
KEN,Kenya,Sub-Saharan East Africa,Equatorial Bimodal / Semi-Arid,2022,Spring (MAM),18.655448028673835,2.6353835125448026,281.9,-334.75666666666666
KEN,Kenya,Sub-Saharan East Africa,Equatorial Bimodal / Semi-Arid,2022,Summer (JJA),15.581039426523297,1.4894623655913986,166.1,-104.02000000000001
KEN,Kenya,Sub-Saharan East Africa,Equatorial Bimodal / Semi-Arid,2022,Winter (DJF),18.112864823348694,2.513585730176386,121.4,-296.88
KEN,Kenya,Sub-Saharan East Africa,Equatorial Bimodal / Semi-Arid,2023,Autumn (SON),18.031039426523296,3.1217980884109906,481.20000000000005,80.93333333333335
KEN,Kenya,Sub-Saharan East Africa,Equatorial Bimodal / Semi-Arid,2023,Spring (MAM),18.240609318996416,2.220544802867383,426.1,-190.55666666666667
KEN,Kenya,Sub-Saharan East Africa,Equatorial Bimodal / Semi-Arid,2023,Summer (JJA),16.49078853046595,2.3992114695340505,136.4,-133.72
KEN,Kenya,Sub-Saharan East Africa,Equatorial Bimodal / Semi-Arid,2023,Winter (DJF),18.444854070660522,2.8455749774882153,90.9,-327.38
USA,United States,North America,Temperate / Subtropical Continental,1960,Autumn (SON),13.96709677419355,1.0983285543608128,160.4,-75.49000000000001
USA,United States,North America,Temperate / Subtropical Continental,1960,Spring (MAM),7.4611827956989245,-3.3398088410991633,270.6,-15.593333333333334
USA,United States,North America,Temperate / Subtropical Continental,1960,Summer (JJA),22.438243727598564,-0.637210274790918,309.0,64.12666666666668
USA,United States,North America,Temperate / Subtropical Continental,1960,Winter (DJF),-2.754801631442343,0.0023622808411465357,184.1,4.063333333333318
USA,United States,North America,Temperate / Subtropical Continental,1961,Autumn (SON),13.605555555555554,0.7367873357228186,197.2,-38.690000000000005
USA,United States,North America,Temperate / Subtropical Continental,1961,Spring (MAM),9.576236559139785,-1.224755077658303,370.4,84.20666666666666
USA,United States,North America,Temperate / Subtropical Continental,1961,Summer (JJA),22.488387096774193,-0.587066905615289,197.2,-47.67333333333333
USA,United States,North America,Temperate / Subtropical Continental,1961,Winter (DJF),-2.4685483870967744,0.2886155251867155,132.9,-47.13666666666668
USA,United States,North America,Temperate / Subtropical Continental,1962,Autumn (SON),12.653440860215055,-0.21532735961768287,187.70000000000002,-48.19
USA,United States,North America,Temperate / Subtropical Continental,1962,Spring (MAM),11.25483870967742,0.4538470728793314,179.89999999999998,-106.29333333333334
USA,United States,North America,Temperate / Subtropical Continental,1962,Summer (JJA),23.02401433691756,-0.051439665471922545,165.1,-79.77333333333334
USA,United States,North America,Temperate / Subtropical Continental,1962,Winter (DJF),-4.355184331797235,-1.5980204195137453,163.0,-17.036666666666683
USA,United States,North America,Temperate / Subtropical Continental,1963,Autumn (SON),15.405448028673836,2.5366798088411,134.60000000000002,-101.28999999999999
USA,United States,North America,Temperate / Subtropical Continental,1963,Spring (MAM),11.544301075268818,0.7433094384707299,286.1,-0.0933333333333195
USA,United States,North America,Temperate / Subtropical Continental,1963,Summer (JJA),22.816774193548387,-0.258679808841098,226.1,-18.77333333333334
USA,United States,North America,Temperate / Subtropical Continental,1963,Winter (DJF),-7.70184331797235,-4.94467940568886,65.9,-114.13666666666667
USA,United States,North America,Temperate / Subtropical Continental,1964,Autumn (SON),13.19215053763441,0.3233823178016732,130.7,-105.18999999999998
USA,United States,North America,Temperate / Subtropical Continental,1964,Spring (MAM),11.375483870967741,0.5744922341696549,282.5,-3.693333333333328
USA,United States,North America,Temperate / Subtropical Continental,1964,Summer (JJA),23.55996415770609,0.4845101553166072,177.6,-67.27333333333334
USA,United States,North America,Temperate / Subtropical Continental,1964,Winter (DJF),-1.9780126065999257,0.7791513056835639,125.9,-54.13666666666667
USA,United States,North America,Temperate / Subtropical Continental,1965,Autumn (SON),13.152078853046595,0.28331063321385813,273.2,37.309999999999995
USA,United States,North America,Temperate / Subtropical Continental,1965,Spring (MAM),10.32168458781362,-0.4793070489844678,206.7,-79.49333333333334
USA,United States,North America,Temperate / Subtropical Continental,1965,Summer (JJA),22.248960573476705,-0.8264934289127813,208.1,-36.77333333333334
USA,United States,North America,Temperate / Subtropical Continental,1965,Winter (DJF),-0.4349462365591399,2.32221767572435,266.1,86.06333333333333
USA,United States,North America,Temperate / Subtropical Continental,1966,Autumn (SON),12.152365591397848,-0.7164026284348868,243.70000000000002,7.810000000000009
USA,United States,North America,Temperate / Subtropical Continental,1966,Spring (MAM),9.888566308243727,-0.9124253285543601,219.5,-66.69333333333333
USA,United States,North America,Temperate / Subtropical Continental,1966,Summer (JJA),23.456523297491042,0.3810692951015551,120.3,-124.57333333333334
USA,United States,North America,Temperate / Subtropical Continental,1966,Winter (DJF),-2.7154761904761906,0.04168772180729926,176.0,-4.036666666666672
USA,United States,North America,Temperate / Subtropical Continental,1967,Autumn (SON),11.21709677419355,-1.6516714456391866,276.0,40.109999999999985
USA,United States,North America,Temperate / Subtropical Continental,1967,Spring (MAM),10.920286738351257,0.11929510155316662,283.7,-2.4933333333333394
USA,United States,North America,Temperate / Subtropical Continental,1967,Summer (JJA),21.57193548387097,-1.503518518518516,160.2,-84.67333333333335
USA,United States,North America,Temperate / Subtropical Continental,1967,Winter (DJF),-1.6195084485407065,1.1376554637427834,249.39999999999998,69.3633333333333
USA,United States,North America,Temperate / Subtropical Continental,1968,Autumn (SON),12.514767025089606,-0.3540011947431306,220.8,-15.090000000000003
USA,United States,North America,Temperate / Subtropical Continental,1968,Spring (MAM),10.911469534050179,0.11047789725209196,286.6,0.4066666666666805
USA,United States,North America,Temperate / Subtropical Continental,1968,Summer (JJA),23.15222222222222,0.07676821983273759,255.7,10.826666666666654
USA,United States,North America,Temperate / Subtropical Continental,1968,Winter (DJF),-3.2528364849833147,-0.495672572699825,205.0,24.96333333333333
USA,United States,North America,Temperate / Subtropical Continental,1969,Autumn (SON),11.856523297491039,-1.012244922341697,247.7,11.810000000000002
USA,United States,North America,Temperate / Subtropical Continental,1969,Spring (MAM),9.700609318996415,-1.100382317801672,222.90000000000003,-63.293333333333315
USA,United States,North America,Temperate / Subtropical Continental,1969,Summer (JJA),23.16100358422939,0.08554958183990753,189.6,-55.27333333333334
USA,United States,North America,Temperate / Subtropical Continental,1969,Winter (DJF),-2.976996927803379,-0.21983301551988962,189.39999999999998,9.363333333333316
USA,United States,North America,Temperate / Subtropical Continental,1970,Autumn (SON),12.879247311827958,0.010479091995221346,308.6,72.71000000000001
USA,United States,North America,Temperate / Subtropical Continental,1970,Spring (MAM),10.767741935483869,-0.03324970131421671,308.0,21.806666666666672
USA,United States,North America,Temperate / Subtropical Continental,1970,Summer (JJA),22.897921146953408,-0.17753285543607808,194.4,-50.473333333333336
USA,United States,North America,Temperate / Subtropical Continental,1970,Winter (DJF),-3.4517665130568354,-0.6946026007733459,79.9,-100.13666666666667
USA,United States,North America,Temperate / Subtropical Continental,1971,Autumn (SON),15.02232974910394,2.1535615292712063,152.8,-83.09
USA,United States,North America,Temperate / Subtropical Continental,1971,Spring (MAM),9.654982078853045,-1.1460095579450416,139.9,-146.29333333333332
USA,United States,North America,Temperate / Subtropical Continental,1971,Summer (JJA),23.799713261648748,0.7242592592592617,99.0,-145.87333333333333
USA,United States,North America,Temperate / Subtropical Continental,1971,Winter (DJF),-1.217588325652842,1.539575586630648,212.8,32.76333333333333
USA,United States,North America,Temperate / Subtropical Continental,1972,Autumn (SON),11.529175627240143,-1.3395925925925927,319.9,84.01
USA,United States,North America,Temperate / Subtropical Continental,1972,Spring (MAM),10.523440860215054,-0.27755077658303434,282.79999999999995,-3.393333333333345
USA,United States,North America,Temperate / Subtropical Continental,1972,Summer (JJA),22.54057347670251,-0.5348805256869772,233.8,-11.073333333333338
USA,United States,North America,Temperate / Subtropical Continental,1972,Winter (DJF),-3.928290693362996,-1.1711267810795063,158.2,-21.83666666666667
USA,United States,North America,Temperate / Subtropical Continental,1973,Autumn (SON),14.408637992831542,1.539869772998805,240.2,4.309999999999988
USA,United States,North America,Temperate / Subtropical Continental,1973,Spring (MAM),11.530322580645162,0.7293309438470738,408.5,122.30666666666667
USA,United States,North America,Temperate / Subtropical Continental,1973,Summer (JJA),23.0984229390681,0.022968936678616103,313.6,68.72666666666666
USA,United States,North America,Temperate / Subtropical Continental,1973,Winter (DJF),-1.1410138248847925,1.6161500873986974,194.3,14.263333333333328
USA,United States,North America,Temperate / Subtropical Continental,1974,Autumn (SON),11.521612903225806,-1.3471553166069299,227.6,-8.290000000000006
USA,United States,North America,Temperate / Subtropical Continental,1974,Spring (MAM),11.89867383512545,1.0976821983273604,354.9,68.70666666666666
USA,United States,North America,Temperate / Subtropical Continental,1974,Summer (JJA),22.160035842293908,-0.9154181600955779,305.5,60.626666666666665
USA,United States,North America,Temperate / Subtropical Continental,1974,Winter (DJF),-1.2437403993855607,1.513423512897929,235.5,55.463333333333324
USA,United States,North America,Temperate / Subtropical Continental,1975,Autumn (SON),12.97888888888889,0.11012066905615321,214.3,-21.590000000000003
USA,United States,North America,Temperate / Subtropical Continental,1975,Spring (MAM),9.726236559139785,-1.0747550776583024,237.3,-48.89333333333333
USA,United States,North America,Temperate / Subtropical Continental,1975,Summer (JJA),23.144157706093193,0.06870370370370675,286.3,41.42666666666669
USA,United States,North America,Temperate / Subtropical Continental,1975,Winter (DJF),-0.6953917050691244,2.0617722072143656,245.60000000000002,65.56333333333333
USA,United States,North America,Temperate / Subtropical Continental,1976,Autumn (SON),10.098673835125448,-2.770094384707289,168.4,-67.49
USA,United States,North America,Temperate / Subtropical Continental,1976,Spring (MAM),11.379605734767026,0.5786140979689375,231.79999999999998,-54.39333333333334
USA,United States,North America,Temperate / Subtropical Continental,1976,Summer (JJA),22.91562724014337,-0.1598267622461146,115.3,-129.57333333333332
USA,United States,North America,Temperate / Subtropical Continental,1976,Winter (DJF),-1.6585094549499442,1.0986544573335455,115.4,-64.63666666666667
USA,United States,North America,Temperate / Subtropical Continental,1977,Autumn (SON),12.64820788530466,-0.22056033452807622,326.0,90.11
USA,United States,North America,Temperate / Subtropical Continental,1977,Spring (MAM),13.999068100358423,3.1980764635603354,283.9,-2.2933333333333223
USA,United States,North America,Temperate / Subtropical Continental,1977,Summer (JJA),23.10440860215054,0.028954599761052673,249.60000000000002,4.726666666666674
USA,United States,North America,Temperate / Subtropical Continental,1977,Winter (DJF),-5.807142857142857,-3.0499789448593675,154.0,-26.036666666666683
USA,United States,North America,Temperate / Subtropical Continental,1978,Autumn (SON),13.754516129032256,0.8857479091995207,172.70000000000002,-63.18999999999999
USA,United States,North America,Temperate / Subtropical Continental,1978,Spring (MAM),8.845663082437275,-1.9553285543608123,295.7,9.506666666666675
USA,United States,North America,Temperate / Subtropical Continental,1978,Summer (JJA),23.146917562724013,0.07146356033452979,244.8,-0.0733333333333448
USA,United States,North America,Temperate / Subtropical Continental,1978,Winter (DJF),-6.079109062980031,-3.3219451506965405,161.79999999999998,-18.23666666666669
USA,United States,North America,Temperate / Subtropical Continental,1979,Autumn (SON),12.955878136200717,0.0871099163679802,162.3,-73.59
USA,United States,North America,Temperate / Subtropical Continental,1979,Spring (MAM),10.39562724014337,-0.40536439665471785,287.9,1.7066666666666634
USA,United States,North America,Temperate / Subtropical Continental,1979,Summer (JJA),23.173369175627244,0.0979151732377564,189.8,-55.07333333333333
USA,United States,North America,Temperate / Subtropical Continental,1979,Winter (DJF),-5.7393625192012285,-2.982198606917739,173.8,-6.236666666666679
USA,United States,North America,Temperate / Subtropical Continental,1980,Autumn (SON),12.618602150537635,-0.2501660692951016,144.9,-90.99000000000001
USA,United States,North America,Temperate / Subtropical Continental,1980,Spring (MAM),9.517347670250897,-1.2836439665471915,336.4,50.20666666666668
USA,United States,North America,Temperate / Subtropical Continental,1980,Summer (JJA),24.15573476702509,1.0802807646356054,335.5,90.62666666666667
USA,United States,North America,Temperate / Subtropical Continental,1980,Winter (DJF),-2.3551353355580273,0.4020285767254624,117.2,-62.83666666666668
USA,United States,North America,Temperate / Subtropical Continental,1981,Autumn (SON),12.449247311827955,-0.419520908004779,146.6,-89.28999999999999
USA,United States,North America,Temperate / Subtropical Continental,1981,Spring (MAM),11.394121863799283,0.5931302270011946,369.0,82.80666666666667
USA,United States,North America,Temperate / Subtropical Continental,1981,Summer (JJA),22.557168458781362,-0.5182855436081226,559.4,314.52666666666664
USA,United States,North America,Temperate / Subtropical Continental,1981,Winter (DJF),-2.6183563748079877,0.138807537475502,177.2,-2.8366666666666873
USA,United States,North America,Temperate / Subtropical Continental,1982,Autumn (SON),12.62215053763441,-0.246617682198328,286.8,50.91
USA,United States,North America,Temperate / Subtropical Continental,1982,Spring (MAM),10.794946236559142,-0.006045400238947174,267.3,-18.89333333333333
USA,United States,North America,Temperate / Subtropical Continental,1982,Summer (JJA),21.716487455197136,-1.3589665471923524,324.9,80.02666666666666
USA,United States,North America,Temperate / Subtropical Continental,1982,Winter (DJF),-3.5577188940092164,-0.8005549817257265,301.1,121.06333333333332
USA,United States,North America,Temperate / Subtropical Continental,1983,Autumn (SON),13.871397849462364,1.0026296296296289,290.3,54.41000000000001
USA,United States,North America,Temperate / Subtropical Continental,1983,Spring (MAM),9.375627240143368,-1.425364396654719,447.9,161.70666666666668
USA,United States,North America,Temperate / Subtropical Continental,1983,Summer (JJA),24.75663082437276,1.681176821983275,191.7,-53.17333333333334
USA,United States,North America,Temperate / Subtropical Continental,1983,Winter (DJF),-2.8745391705069125,-0.1173752582234228,143.3,-36.73666666666668
USA,United States,North America,Temperate / Subtropical Continental,1984,Autumn (SON),13.055806451612902,0.18703823178016718,363.2,127.31
USA,United States,North America,Temperate / Subtropical Continental,1984,Spring (MAM),8.051362007168459,-2.7496296296296285,443.3,157.10666666666668
USA,United States,North America,Temperate / Subtropical Continental,1984,Summer (JJA),23.60215053763441,0.5266965352449233,152.6,-92.27333333333334
USA,United States,North America,Temperate / Subtropical Continental,1984,Winter (DJF),-0.10634037819799769,2.6508235340854918,216.5,36.46333333333331
USA,United States,North America,Temperate / Subtropical Continental,1985,Autumn (SON),13.582903225806453,0.7141350059737152,331.70000000000005,95.81
USA,United States,North America,Temperate / Subtropical Continental,1985,Spring (MAM),12.780752688172043,1.979761051373954,321.6,35.40666666666668
USA,United States,North America,Temperate / Subtropical Continental,1985,Summer (JJA),21.512043010752688,-1.5634109916367958,444.29999999999995,199.42666666666665
USA,United States,North America,Temperate / Subtropical Continental,1985,Winter (DJF),-5.678725038402458,-2.9215611261189682,231.4,51.363333333333316
USA,United States,North America,Temperate / Subtropical Continental,1986,Autumn (SON),12.957383512544803,0.08861529271206707,404.90000000000003,169.01000000000002
USA,United States,North America,Temperate / Subtropical Continental,1986,Spring (MAM),12.552222222222222,1.7512305854241352,204.9,-81.29333333333332
USA,United States,North America,Temperate / Subtropical Continental,1986,Summer (JJA),23.18121863799283,0.10576463560334659,330.0,85.12666666666665
USA,United States,North America,Temperate / Subtropical Continental,1986,Winter (DJF),-1.2718509984639017,1.4853129138195882,118.30000000000001,-61.73666666666667
USA,United States,North America,Temperate / Subtropical Continental,1987,Autumn (SON),12.691362007168458,-0.17740621266427828,252.6,16.709999999999987
USA,United States,North America,Temperate / Subtropical Continental,1987,Spring (MAM),13.080358422939069,2.27936678614098,151.39999999999998,-134.79333333333335
USA,United States,North America,Temperate / Subtropical Continental,1987,Summer (JJA),24.37111111111111,1.2956571087216264,316.3,71.42666666666668
USA,United States,North America,Temperate / Subtropical Continental,1987,Winter (DJF),-0.3754224270353303,2.3817414852481593,238.0,57.963333333333324
USA,United States,North America,Temperate / Subtropical Continental,1988,Autumn (SON),12.435734767025089,-0.43303345280764677,250.3,14.410000000000004
USA,United States,North America,Temperate / Subtropical Continental,1988,Spring (MAM),11.153691756272401,0.352700119474314,217.10000000000002,-69.09333333333332
USA,United States,North America,Temperate / Subtropical Continental,1988,Summer (JJA),25.477383512544804,2.4019295101553175,152.0,-92.87333333333333
USA,United States,North America,Temperate / Subtropical Continental,1988,Winter (DJF),-2.8730812013348164,-0.11591728905132666,144.9,-35.13666666666667
USA,United States,North America,Temperate / Subtropical Continental,1989,Autumn (SON),12.314910394265233,-0.5538578255675025,170.5,-65.39000000000001
USA,United States,North America,Temperate / Subtropical Continental,1989,Spring (MAM),10.125340501792115,-0.6756511350059732,331.0,44.80666666666667
USA,United States,North America,Temperate / Subtropical Continental,1989,Summer (JJA),22.7231541218638,-0.3522998805256859,314.7,69.82666666666667
USA,United States,North America,Temperate / Subtropical Continental,1989,Winter (DJF),-3.88621351766513,-1.1290496053816406,80.30000000000001,-99.73666666666668
USA,United States,North America,Temperate / Subtropical Continental,1990,Autumn (SON),13.91695340501792,1.0481851851851844,230.5,-5.390000000000001
USA,United States,North America,Temperate / Subtropical Continental,1990,Spring (MAM),10.989139784946238,0.18814814814814884,326.9,40.70666666666668
USA,United States,North America,Temperate / Subtropical Continental,1990,Summer (JJA),22.749605734767027,-0.32584826762246166,292.79999999999995,47.92666666666665
USA,United States,North America,Temperate / Subtropical Continental,1990,Winter (DJF),1.3477342549923195,4.104898167275809,328.0,147.9633333333333
USA,United States,North America,Temperate / Subtropical Continental,1991,Autumn (SON),12.75290322580645,-0.1158649940262837,307.79999999999995,71.90999999999998
USA,United States,North America,Temperate / Subtropical Continental,1991,Spring (MAM),13.694301075268818,2.8933094384707303,410.70000000000005,124.50666666666667
USA,United States,North America,Temperate / Subtropical Continental,1991,Summer (JJA),24.10659498207885,1.0311409796893685,168.7,-76.17333333333333
USA,United States,North America,Temperate / Subtropical Continental,1991,Winter (DJF),-0.48291090629800304,2.274253005985487,117.5,-62.536666666666676
USA,United States,North America,Temperate / Subtropical Continental,1992,Autumn (SON),12.290071684587813,-0.5786965352449226,423.9,188.01
USA,United States,North America,Temperate / Subtropical Continental,1992,Spring (MAM),11.030143369175628,0.22915173237753952,226.4,-59.793333333333315
USA,United States,North America,Temperate / Subtropical Continental,1992,Summer (JJA),21.239892473118278,-1.8355615292712066,302.3,57.426666666666655
USA,United States,North America,Temperate / Subtropical Continental,1992,Winter (DJF),0.7989247311827957,3.5560886434662855,121.4,-58.63666666666668
USA,United States,North America,Temperate / Subtropical Continental,1993,Autumn (SON),11.01605734767025,-1.8527108721624856,354.1,118.21
USA,United States,North America,Temperate / Subtropical Continental,1993,Spring (MAM),10.150752688172044,-0.6502389486260435,372.5,86.30666666666667
USA,United States,North America,Temperate / Subtropical Continental,1993,Summer (JJA),23.30594982078853,0.23049581839904695,489.7,244.82666666666665
USA,United States,North America,Temperate / Subtropical Continental,1993,Winter (DJF),-1.8474654377880186,0.9096984744954714,199.2,19.16333333333332
USA,United States,North America,Temperate / Subtropical Continental,1994,Autumn (SON),13.95931899641577,1.090550776583035,282.5,46.61000000000001
USA,United States,North America,Temperate / Subtropical Continental,1994,Spring (MAM),10.701935483870969,-0.09905615292712018,303.3,17.10666666666667
USA,United States,North America,Temperate / Subtropical Continental,1994,Summer (JJA),22.94677419354839,-0.12867980884109778,232.89999999999998,-11.973333333333343
USA,United States,North America,Temperate / Subtropical Continental,1994,Winter (DJF),-2.172043010752688,0.5851209015308015,128.7,-51.33666666666667
USA,United States,North America,Temperate / Subtropical Continental,1995,Autumn (SON),11.991899641577062,-0.8768685782556743,165.4,-70.49
USA,United States,North America,Temperate / Subtropical Continental,1995,Spring (MAM),11.124802867383513,0.323811230585424,359.8,73.60666666666668
USA,United States,North America,Temperate / Subtropical Continental,1995,Summer (JJA),24.28849462365591,1.2130406212664286,293.0,48.126666666666665
USA,United States,North America,Temperate / Subtropical Continental,1995,Winter (DJF),-1.3908218125960061,1.3663420996874835,137.2,-42.83666666666667
USA,United States,North America,Temperate / Subtropical Continental,1996,Autumn (SON),11.403799283154122,-1.4649689366786134,251.2,15.309999999999995
USA,United States,North America,Temperate / Subtropical Continental,1996,Spring (MAM),9.424731182795698,-1.3762604540023895,373.6,87.40666666666667
USA,United States,North America,Temperate / Subtropical Continental,1996,Summer (JJA),22.364802867383514,-0.7106511350059735,273.7,28.826666666666647
USA,United States,North America,Temperate / Subtropical Continental,1996,Winter (DJF),-1.2611420096403412,1.4960219026431485,131.0,-49.036666666666676
USA,United States,North America,Temperate / Subtropical Continental,1997,Autumn (SON),12.335304659498208,-0.5334635603345269,187.79999999999998,-48.09000000000001
USA,United States,North America,Temperate / Subtropical Continental,1997,Spring (MAM),9.798637992831543,-1.0023536439665468,267.4,-18.793333333333337
USA,United States,North America,Temperate / Subtropical Continental,1997,Summer (JJA),22.36573476702509,-0.709719235364395,354.3,109.42666666666666
USA,United States,North America,Temperate / Subtropical Continental,1997,Winter (DJF),-1.8263824884792628,0.9307814238042272,227.70000000000002,47.66333333333334
USA,United States,North America,Temperate / Subtropical Continental,1998,Autumn (SON),14.694695340501793,1.825927120669056,192.1,-43.79
USA,United States,North America,Temperate / Subtropical Continental,1998,Spring (MAM),11.587060931899641,0.786069295101553,422.4,136.20666666666668
USA,United States,North America,Temperate / Subtropical Continental,1998,Summer (JJA),23.050537634408602,-0.024916367980883553,407.2,162.32666666666665
USA,United States,North America,Temperate / Subtropical Continental,1998,Winter (DJF),2.2534562211981566,5.0106201334816465,196.4,16.363333333333323
USA,United States,North America,Temperate / Subtropical Continental,1999,Autumn (SON),14.299139784946234,1.4303715651134998,113.2,-122.69
USA,United States,North America,Temperate / Subtropical Continental,1999,Spring (MAM),11.256702508960574,0.4557108721624859,307.5,21.306666666666658
USA,United States,North America,Temperate / Subtropical Continental,1999,Summer (JJA),23.60039426523298,0.5249402628434913,215.8,-29.07333333333333
USA,United States,North America,Temperate / Subtropical Continental,1999,Winter (DJF),-0.1846774193548388,2.572486492928651,288.1,108.06333333333332
USA,United States,North America,Temperate / Subtropical Continental,2000,Autumn (SON),12.64462365591398,-0.22414456391875723,211.2,-24.690000000000005
USA,United States,North America,Temperate / Subtropical Continental,2000,Spring (MAM),12.57931899641577,1.7783273596176832,225.39999999999998,-60.79333333333333
USA,United States,North America,Temperate / Subtropical Continental,2000,Summer (JJA),22.796559139784947,-0.2788948626045394,320.3,75.42666666666668
USA,United States,North America,Temperate / Subtropical Continental,2000,Winter (DJF),-2.6575083426028923,0.09965556968059779,137.0,-43.03666666666667
USA,United States,North America,Temperate / Subtropical Continental,2001,Autumn (SON),13.64336917562724,0.7746009557945035,278.0,42.11000000000001
USA,United States,North America,Temperate / Subtropical Continental,2001,Spring (MAM),11.721720430107526,0.9207287933094395,227.2,-58.99333333333333
USA,United States,North America,Temperate / Subtropical Continental,2001,Summer (JJA),23.087132616487455,0.011678614097970552,311.6,66.72666666666666
USA,United States,North America,Temperate / Subtropical Continental,2001,Winter (DJF),-0.32430875576036877,2.432855156523121,177.1,-2.9366666666666816
USA,United States,North America,Temperate / Subtropical Continental,2002,Autumn (SON),12.409175627240144,-0.4595925925925923,154.2,-81.69
USA,United States,North America,Temperate / Subtropical Continental,2002,Spring (MAM),10.123620071684588,-0.6773715651134999,389.6,103.4066666666667
USA,United States,North America,Temperate / Subtropical Continental,2002,Summer (JJA),24.321756272401434,1.2463022700119488,184.0,-60.873333333333335
USA,United States,North America,Temperate / Subtropical Continental,2002,Winter (DJF),0.9819124423963134,3.739076354679803,168.1,-11.936666666666682
USA,United States,North America,Temperate / Subtropical Continental,2003,Autumn (SON),12.896881720430107,0.028113500597370944,267.40000000000003,31.51000000000002
USA,United States,North America,Temperate / Subtropical Continental,2003,Spring (MAM),11.530537634408603,0.729545997610515,237.39999999999998,-48.79333333333334
USA,United States,North America,Temperate / Subtropical Continental,2003,Summer (JJA),22.39863799283154,-0.6768160095579437,335.6,90.72666666666667
USA,United States,North America,Temperate / Subtropical Continental,2003,Winter (DJF),-2.1537250384024578,0.603438873881032,121.5,-58.53666666666668
USA,United States,North America,Temperate / Subtropical Continental,2004,Autumn (SON),14.010465949820789,1.1416977299880522,286.6,50.71000000000001
USA,United States,North America,Temperate / Subtropical Continental,2004,Spring (MAM),12.910358422939069,2.10936678614098,299.9,13.706666666666663
USA,United States,North America,Temperate / Subtropical Continental,2004,Summer (JJA),21.451756272401436,-1.623697729988051,284.1,39.226666666666674
USA,United States,North America,Temperate / Subtropical Continental,2004,Winter (DJF),-1.7504263997033742,1.0067375125801157,114.3,-65.73666666666668
USA,United States,North America,Temperate / Subtropical Continental,2005,Autumn (SON),14.534229390681006,1.6654611708482685,229.9,-5.990000000000002
USA,United States,North America,Temperate / Subtropical Continental,2005,Spring (MAM),11.24562724014337,0.44463560334528224,128.79999999999998,-157.39333333333332
USA,United States,North America,Temperate / Subtropical Continental,2005,Summer (JJA),24.927168458781363,1.8517144563918773,183.7,-61.17333333333333
USA,United States,North America,Temperate / Subtropical Continental,2005,Winter (DJF),-0.9670122887864826,1.7901516234970074,249.4,69.36333333333332
USA,United States,North America,Temperate / Subtropical Continental,2006,Autumn (SON),12.249068100358421,-0.6197001194743136,244.79999999999998,8.909999999999982
USA,United States,North America,Temperate / Subtropical Continental,2006,Spring (MAM),12.059211469534048,1.2582198327359622,287.9,1.7066666666666777
USA,United States,North America,Temperate / Subtropical Continental,2006,Summer (JJA),23.81548387096774,0.7400298685782557,265.7,20.826666666666668
USA,United States,North America,Temperate / Subtropical Continental,2006,Winter (DJF),1.7227726574500768,4.4799365697335665,210.1,30.063333333333325
USA,United States,North America,Temperate / Subtropical Continental,2007,Autumn (SON),15.088745519713262,2.2199772998805245,186.89999999999998,-48.99000000000001
USA,United States,North America,Temperate / Subtropical Continental,2007,Spring (MAM),12.966487455197134,2.165495818399046,231.5,-54.69333333333334
USA,United States,North America,Temperate / Subtropical Continental,2007,Summer (JJA),24.10347670250896,1.0280227001194753,240.2,-4.673333333333332
USA,United States,North America,Temperate / Subtropical Continental,2007,Winter (DJF),-2.45994623655914,0.29721767572435004,220.1,40.06333333333331
USA,United States,North America,Temperate / Subtropical Continental,2008,Autumn (SON),12.67100358422939,-0.19776463560334415,283.9,48.01
USA,United States,North America,Temperate / Subtropical Continental,2008,Spring (MAM),10.162150537634409,-0.6388410991636796,410.6,124.40666666666668
USA,United States,North America,Temperate / Subtropical Continental,2008,Summer (JJA),22.97598566308244,-0.09946833930704695,304.5,59.62666666666668
USA,United States,North America,Temperate / Subtropical Continental,2008,Winter (DJF),-2.2122728958101594,0.5448910164733302,282.5,102.46333333333332
USA,United States,North America,Temperate / Subtropical Continental,2009,Autumn (SON),12.759032258064517,-0.10973596176821972,359.4,123.50999999999998
USA,United States,North America,Temperate / Subtropical Continental,2009,Spring (MAM),11.744587813620072,0.9435961768219849,445.3,159.10666666666668
USA,United States,North America,Temperate / Subtropical Continental,2009,Summer (JJA),21.872007168458783,-1.203446833930703,363.5,118.62666666666667
USA,United States,North America,Temperate / Subtropical Continental,2009,Winter (DJF),-1.7093701996927801,1.0477937125907095,206.7,26.66333333333332
USA,United States,North America,Temperate / Subtropical Continental,2010,Autumn (SON),14.16326164874552,1.2944934289127847,219.6,-16.290000000000006
USA,United States,North America,Temperate / Subtropical Continental,2010,Spring (MAM),13.327706093189965,2.5267144563918764,270.3,-15.89333333333333
USA,United States,North America,Temperate / Subtropical Continental,2010,Summer (JJA),25.173548387096773,2.0980943847072893,369.5,124.62666666666668
USA,United States,North America,Temperate / Subtropical Continental,2010,Winter (DJF),-4.8807219662058365,-2.123558053922347,132.0,-48.036666666666676
USA,United States,North America,Temperate / Subtropical Continental,2011,Autumn (SON),13.567670250896057,0.6989020310633215,253.0,17.11
USA,United States,North America,Temperate / Subtropical Continental,2011,Spring (MAM),11.813727598566308,1.0127359617682206,333.5,47.30666666666667
USA,United States,North America,Temperate / Subtropical Continental,2011,Summer (JJA),24.776774193548388,1.7013201911589018,258.4,13.526666666666657
USA,United States,North America,Temperate / Subtropical Continental,2011,Winter (DJF),-1.2631336405529954,1.4940302717304943,207.0,26.963333333333324
USA,United States,North America,Temperate / Subtropical Continental,2012,Autumn (SON),11.952401433691756,-0.916366786140979,292.0,56.11
USA,United States,North America,Temperate / Subtropical Continental,2012,Spring (MAM),15.608817204301076,4.807825567502987,213.40000000000003,-72.79333333333332
USA,United States,North America,Temperate / Subtropical Continental,2012,Summer (JJA),25.54824372759857,2.4727897252090827,104.69999999999999,-140.17333333333335
USA,United States,North America,Temperate / Subtropical Continental,2012,Winter (DJF),1.9274008157211717,4.684564728004662,171.5,-8.536666666666683
USA,United States,North America,Temperate / Subtropical Continental,2013,Autumn (SON),13.124910394265234,0.25614217443249626,166.2,-69.69000000000001
USA,United States,North America,Temperate / Subtropical Continental,2013,Spring (MAM),9.942616487455197,-0.8583751493428903,372.5,86.30666666666666
USA,United States,North America,Temperate / Subtropical Continental,2013,Summer (JJA),22.968853046594983,-0.10660095579450275,137.4,-107.47333333333333
USA,United States,North America,Temperate / Subtropical Continental,2013,Winter (DJF),-1.3758832565284174,1.381280655755072,218.5,38.46333333333331
USA,United States,North America,Temperate / Subtropical Continental,2014,Autumn (SON),11.113189964157705,-1.7555782556750301,302.5,66.60999999999999
USA,United States,North America,Temperate / Subtropical Continental,2014,Spring (MAM),10.278888888888888,-0.5221027479091984,247.5,-38.69333333333332
USA,United States,North America,Temperate / Subtropical Continental,2014,Summer (JJA),22.448387096774194,-0.6270669056152904,329.9,85.02666666666666
USA,United States,North America,Temperate / Subtropical Continental,2014,Winter (DJF),-4.311674347158219,-1.5545104348747287,175.3,-4.736666666666672
USA,United States,North America,Temperate / Subtropical Continental,2015,Autumn (SON),15.149641577060933,2.2808733572281974,257.6,21.709999999999987
USA,United States,North America,Temperate / Subtropical Continental,2015,Spring (MAM),11.588566308243728,0.7875746714456399,290.6,4.406666666666659
USA,United States,North America,Temperate / Subtropical Continental,2015,Summer (JJA),22.781039426523296,-0.2944145758661871,346.4,101.52666666666667
USA,United States,North America,Temperate / Subtropical Continental,2015,Winter (DJF),-1.2817972350230418,1.4753666772604481,244.5,64.46333333333334
USA,United States,North America,Temperate / Subtropical Continental,2016,Autumn (SON),15.700931899641574,2.83216367980884,202.3,-33.59
USA,United States,North America,Temperate / Subtropical Continental,2016,Spring (MAM),12.548315412186382,1.747323775388293,291.40000000000003,5.206666666666692
USA,United States,North America,Temperate / Subtropical Continental,2016,Summer (JJA),24.16376344086021,1.0883094384707295,312.2,67.32666666666667
USA,United States,North America,Temperate / Subtropical Continental,2016,Winter (DJF),-0.6954022988505747,2.0617616134329153,106.80000000000001,-73.23666666666668
USA,United States,North America,Temperate / Subtropical Continental,2017,Autumn (SON),14.136487455197134,1.2677192353643971,284.3,48.41000000000002
USA,United States,North America,Temperate / Subtropical Continental,2017,Spring (MAM),12.459283154121863,1.6582915173237753,394.9,108.70666666666668
USA,United States,North America,Temperate / Subtropical Continental,2017,Summer (JJA),23.35204301075269,0.27658900836320416,286.5,41.62666666666668
USA,United States,North America,Temperate / Subtropical Continental,2017,Winter (DJF),1.836674347158218,4.593838259441708,120.9,-59.13666666666668
USA,United States,North America,Temperate / Subtropical Continental,2018,Autumn (SON),12.280430107526882,-0.5883381123058534,216.0,-19.889999999999993
USA,United States,North America,Temperate / Subtropical Continental,2018,Spring (MAM),11.19215053763441,0.3911589008363198,248.5,-37.69333333333333
USA,United States,North America,Temperate / Subtropical Continental,2018,Summer (JJA),24.305663082437274,1.2302090800477903,348.8,103.92666666666668
USA,United States,North America,Temperate / Subtropical Continental,2018,Winter (DJF),-0.26835637480798774,2.4888075374755023,281.7,101.66333333333333
USA,United States,North America,Temperate / Subtropical Continental,2019,Autumn (SON),12.766810035842292,-0.10195818399044265,322.09999999999997,86.20999999999998
USA,United States,North America,Temperate / Subtropical Continental,2019,Spring (MAM),10.887455197132617,0.08646356033452889,424.0,137.80666666666667
USA,United States,North America,Temperate / Subtropical Continental,2019,Summer (JJA),23.34215053763441,0.26669653524492415,273.1,28.22666666666666
USA,United States,North America,Temperate / Subtropical Continental,2019,Winter (DJF),-0.70284178187404,2.05432213040945,207.8,27.76333333333333
USA,United States,North America,Temperate / Subtropical Continental,2020,Autumn (SON),13.448494623655913,0.5797264038231781,170.2,-65.69
USA,United States,North America,Temperate / Subtropical Continental,2020,Spring (MAM),10.948673835125447,0.1476821983273601,334.5,48.30666666666666
USA,United States,North America,Temperate / Subtropical Continental,2020,Summer (JJA),23.851254480286737,0.7758004778972527,209.89999999999998,-34.97333333333335
USA,United States,North America,Temperate / Subtropical Continental,2020,Winter (DJF),0.3350389321468297,3.0922028444303193,245.9,65.86333333333334
USA,United States,North America,Temperate / Subtropical Continental,2021,Autumn (SON),14.13494623655914,1.266178016726404,232.39999999999998,-3.490000000000002
USA,United States,North America,Temperate / Subtropical Continental,2021,Spring (MAM),11.853118279569893,1.0521266427718048,314.90000000000003,28.706666666666692
USA,United States,North America,Temperate / Subtropical Continental,2021,Summer (JJA),23.82820788530466,0.7527538829151759,383.8,138.92666666666668
USA,United States,North America,Temperate / Subtropical Continental,2021,Winter (DJF),-0.452956989247312,2.304206923036178,184.3,4.263333333333328
USA,United States,North America,Temperate / Subtropical Continental,2022,Autumn (SON),12.66885304659498,-0.19991517323775496,228.1,-7.789999999999999
USA,United States,North America,Temperate / Subtropical Continental,2022,Spring (MAM),11.577813620071685,0.7768219832735973,404.3,118.10666666666667
USA,United States,North America,Temperate / Subtropical Continental,2022,Summer (JJA),23.864623655913977,0.7891696535244938,175.60000000000002,-69.27333333333333
USA,United States,North America,Temperate / Subtropical Continental,2022,Winter (DJF),-2.297388632872504,0.45977527941098595,168.20000000000002,-11.836666666666666
USA,United States,North America,Temperate / Subtropical Continental,2023,Autumn (SON),13.72293906810036,0.8541708482676222,196.2,-39.69
USA,United States,North America,Temperate / Subtropical Continental,2023,Spring (MAM),11.952401433691756,1.1514097968936676,231.9,-54.29333333333334
USA,United States,North America,Temperate / Subtropical Continental,2023,Summer (JJA),23.404587813620072,0.32913381123058727,330.29999999999995,85.42666666666665
USA,United States,North America,Temperate / Subtropical Continental,2023,Winter (DJF),2.982181259600614,5.7393451718841035,249.9,69.86333333333333
