country_code,country_name,region,climate_zone,year,temp_annual_mean,precip_annual_total,temp_annual_anomaly,precip_annual_anomaly,temp_yoy_diff,precip_yoy_diff,gdp_per_capita_growth,agriculture_share_gdp,gdp_growth,inflation_cpi,crop_production_index,temp_zscore,precip_zscore,shock_heatwave,shock_drought,shock_wet,shock_compound_hot_dry,temp_anomaly_squared,temp_x_precip
AUS,Australia,Oceania,Arid / Mediterranean,1960,17.359865282412557,314.0,0.29100123667684813,-182.51666666666668,,,,,,3.7288215039735,,0.19143683147867233,-1.024903486526113,0,0,0,0,0.08468171974745498,-0.5311257571413607
AUS,Australia,Oceania,Arid / Mediterranean,1961,17.71535202252944,565.8,0.6464879767937336,69.28333333333333,0.3554867401168842,251.79999999999995,0.461907273703787,,2.48085739405019,2.28758040719309,20.94,0.7212881663458495,0.6723194149860503,0,0,0,0,0.41794670413885504,0.4479084199219251
AUS,Australia,Oceania,Arid / Mediterranean,1962,17.362379672299028,375.5,0.2935156265633189,-121.01666666666668,-0.35297235023041296,-190.29999999999995,-1.14543513600115,,1.29693177230521,-0.319488641462281,24.89,0.1951845179248251,-0.6103712846079319,0,0,0,0,0.08615142303685769,-0.3552028274127098
AUS,Australia,Oceania,Arid / Mediterranean,1963,17.317412954429084,533.4,0.2485489086933749,36.88333333333334,-0.04496671786994355,157.89999999999998,4.19678819635753,,6.21437634985244,0.641025285901932,25.23,0.12816183381528107,0.4539317183657402,0,0,0,0,0.06177656001266761,0.09167312248973979
AUS,Australia,Oceania,Arid / Mediterranean,1964,17.03676121616611,501.3,-0.032102829569598125,4.78333333333336,-0.28065173826297496,-32.099999999999966,4.89875635634509,,6.97757189326991,2.86622669884314,28.45,-0.2901482784058822,0.23756613004747007,0,0,0,0,0.0010305916663746638,-0.0015355853477457854
AUS,Australia,Oceania,Arid / Mediterranean,1965,17.74617895545315,372.6,0.6773149097174409,-123.91666666666666,0.7094177392870407,-128.7,3.92086428494349,,5.97750537090864,3.40558476676981,24.16,0.7672355666739648,-0.6299183315276509,0,0,0,0,0.45875548692554513,-0.8393060589581954
AUS,Australia,Oceania,Arid / Mediterranean,1966,16.79810355862775,408.8,-0.2707604871079561,-87.71666666666667,-0.9480753968253985,36.19999999999999,0.0699690591845439,,2.3810335009272,3.2934114693033,33.47,-0.6458664083743708,-0.385917263081502,0,0,0,0,0.07331124137893766,0.2375020739415288
AUS,Australia,Oceania,Arid / Mediterranean,1967,17.826507936507937,204.5,0.7576438907722283,-292.01666666666665,1.028404377880186,-204.3,4.97344570831932,,6.30689948609215,3.47825912694824,26.08,0.8869655397987136,-1.7629730167706799,0,1,0,0,0.5740242652244801,-2.2124464350367017
AUS,Australia,Oceania,Arid / Mediterranean,1968,17.2819663824002,505.5,0.2131023366644896,8.98333333333332,-0.5445415541077381,301.0,3.25734337802564,,5.09512980987455,2.52100718278494,37.47,0.07532888285965608,0.26587564627602855,0,0,0,0,0.04541260589186547,0.019143693243693288
AUS,Australia,Oceania,Arid / Mediterranean,1969,16.62880120327701,538.6,-0.4400628424586978,42.083333333333314,-0.6531651791231887,33.10000000000002,4.83035616153123,,7.04760243224727,3.27868697620866,31.22,-0.8982107825956209,0.48898159560109844,0,0,0,0,0.19365530531282868,-0.18519311286803525
AUS,Australia,Oceania,Arid / Mediterranean,1970,16.56990463389657,415.7,-0.4989594118391392,-80.81666666666669,-0.05889656938044041,-122.90000000000003,5.08382058838998,,7.17469983682571,3.43915186655203,30.56,-0.9859958456757894,-0.33940877213458426,0,0,0,0,0.24896049466285974,0.4032423646679978
AUS,Australia,Oceania,Arid / Mediterranean,1971,16.388388376856117,606.5,-0.6804756688795893,109.9833333333333,-0.18151625704045316,190.8,0.544201826656504,,4.0009865700372,6.13810838730341,33.02,-1.2565449836305633,0.9466521079627978,0,0,0,0,0.4630471359371245,-0.7484098231560681
AUS,Australia,Oceania,Arid / Mediterranean,1972,16.995110925719935,375.6,-0.07375312001577268,-120.91666666666667,0.6067225488638179,-230.89999999999998,2.01446321197041,,3.90697856876663,6.02410407984535,29.74,-0.352227842845487,-0.6096972485072519,0,0,0,0,0.005439522712060969,0.08917981428573847
AUS,Australia,Oceania,Arid / Mediterranean,1973,16.965849334357397,767.9,-0.10301471137830953,271.3833333333333,-0.029261591362537587,392.29999999999995,1.06162772647569,,2.6185458738897,9.09090432931634,36.26,-0.3958421088478705,2.0345463744602688,0,0,1,0,0.010612030760356415,-0.279564757562169
AUS,Australia,Oceania,Arid / Mediterranean,1974,16.194675499231952,656.6999999999999,-0.8741885465037579,160.18333333333334,-0.7711738351254454,-111.20000000000005,1.50451470944581,,4.10661101328289,15.4166772694776,35.23,-1.5452731279106555,1.2850182305041427,0,0,0,0,0.7642056148383528,-1.4003043534079362
AUS,Australia,Oceania,Arid / Mediterranean,1975,17.1603321812596,451.9,0.09146813552389228,-44.61666666666667,0.9656566820276495,-204.79999999999995,0.098681908405382,,1.33870055771159,15.1624202011615,38.18,-0.10596632893546583,-0.09540770368843508,0,0,0,0,0.008366419816217125,-0.04081003313290994
AUS,Australia,Oceania,Arid / Mediterranean,1976,16.150919849215178,558.4,-0.9179441965205312,61.88333333333331,-1.0094123320444233,106.5,1.56435628568006,,2.58782205117312,13.3229029796495,37.56,-1.610490721010599,0.6224407435357324,0,0,0,0,0.8426215479257235,-0.5680544669467885
AUS,Australia,Oceania,Arid / Mediterranean,1977,17.25259088581669,404.5,0.18372684008098358,-92.01666666666665,1.1016710366015126,-153.89999999999998,2.43177916273716,,3.59237581967973,12.3098267517375,34.19,0.031544841654520976,-0.41490081541074053,0,0,0,0,0.03375555176614332,-0.16905931401451835
AUS,Australia,Oceania,Arid / Mediterranean,1978,16.634933435739885,683.1999999999999,-0.4339306099958213,186.68333333333334,-0.6176574500768055,278.69999999999993,-0.271138184658298,,0.895363440295682,8.00490439376775,47.61,-0.8890707185946328,1.4636377971843344,0,0,0,0,0.18829577429134556,-0.8100761270938657
AUS,Australia,Oceania,Arid / Mediterranean,1979,17.6660599078341,325.7,0.5971958620983934,-170.81666666666666,1.0311264720942148,-357.49999999999994,2.93317958655169,,4.05155094854514,9.12202056872265,45.93,0.6478184983600211,-0.9460412627465568,0,0,0,0,0.3566428977074433,-1.0201100651077388
AUS,Australia,Oceania,Arid / Mediterranean,1980,17.759932023235695,387.4,0.6910679774999862,-109.11666666666665,0.09387211540159512,61.69999999999999,1.78622666488002,,3.03453508064058,10.1358489396034,39.02,0.7877344503192573,-0.5301609886270153,0,0,0,0,0.4775749495259214,-0.7540703414487347
AUS,Australia,Oceania,Arid / Mediterranean,1981,17.73407258064516,448.4,0.665208534909453,-48.11666666666668,-0.025859442590533632,61.0,1.74096259685159,,3.34242019351289,9.48766136649872,48.45,0.7491910712581706,-0.11899896721223412,0,0,0,0,0.44250239491638094,-0.3200761733805985
AUS,Australia,Oceania,Arid / Mediterranean,1982,17.8713082437276,230.5,0.8024441979918905,-266.01666666666665,0.13723566308243917,-217.89999999999998,1.55263603794884,,3.32864998005238,11.3518321308515,37.85,0.9537401896070093,-1.5877236305938878,0,1,0,0,0.6439166908908484,-2.134635307358094
AUS,Australia,Oceania,Arid / Mediterranean,1983,17.0585547875064,679.5,-0.010309258229307986,182.98333333333332,-0.812753456221202,449.0,-3.5547506280931,,-2.22582353017135,10.0389003957519,57.21,-0.2576650615568403,1.4386984614591758,0,0,0,0,0.00010628080523855443,-0.018864224349928727
AUS,Australia,Oceania,Arid / Mediterranean,1984,16.215488196761836,608.6999999999999,-0.853375848973875,112.18333333333331,-0.8430665907445629,-70.80000000000007,3.3166427647013,,4.5644786594345,3.96040844503847,56.37,-1.5142518989197535,0.9614809021777572,0,0,0,0,0.7282503396118819,-0.9573454732405251
AUS,Australia,Oceania,Arid / Mediterranean,1985,16.63517793138761,555.8,-0.4336861143480994,59.28333333333334,0.4196897346257735,-52.89999999999998,3.88854366204454,,5.28169814609451,6.73468599874501,54.86,-0.8887062989674139,0.6049158049180534,0,0,0,0,0.18808364577835274,-0.25710358478936496
AUS,Australia,Oceania,Arid / Mediterranean,1986,16.63449436763953,468.0,-0.4343696780961797,-28.516666666666673,-0.0006835637480797629,-87.79999999999995,2.47666322407724,,3.96976309787884,9.05035323321654,54.64,-0.8897251475586949,0.013112108521039986,0,0,0,0,0.1886770172493788,0.12386775320376062
AUS,Australia,Oceania,Arid / Mediterranean,1987,16.89179467485919,534.2,-0.17706937087651756,37.68333333333334,0.257300307219662,66.20000000000005,1.00854231476922,,2.5567680273608,8.53300355802082,48.51,-0.5062202348374875,0.45932400717117994,0,0,0,0,0.031353562102605724,-0.06672564125863437
AUS,Australia,Oceania,Arid / Mediterranean,1988,17.605304350512913,596.8,0.5364403047772067,100.28333333333333,0.7135096756537216,62.59999999999991,4.04503594783567,,5.76137011855324,7.2159571679871,53.22,0.5572626223893861,0.8812706061968409,0,0,0,0,0.28776820058946245,0.5379602189740754
AUS,Australia,Oceania,Arid / Mediterranean,1989,16.818568868407578,509.9,-0.2502951773281312,13.383333333333354,-0.7867354821053354,-86.89999999999998,2.13527239489717,,3.87901779350344,7.53389852824955,53.86,-0.6153629592112738,0.29553323470594745,0,0,0,0,0.06264767579372066,-0.03349783789908162
AUS,Australia,Oceania,Arid / Mediterranean,1990,17.148996415770608,624.2,0.08013237003490097,127.68333333333334,0.3304275473630298,114.30000000000007,2.05133530941588,4.17677382101021,3.57297569098456,7.33302368375269,54.51,-0.12286223474086505,1.0659564977831524,0,0,0,0,0.006421196727410294,0.10231568113956271
AUS,Australia,Oceania,Arid / Mediterranean,1991,17.49907770097286,355.6,0.43021365523715377,-140.91666666666666,0.3500812852022541,-268.6,-1.64629276060377,3.15825667117102,-0.384631357046658,3.17666872277308,56.22,0.3989322946850157,-0.7445044686432457,0,0,0,0,0.1850837891525126,-0.6062427425050225
AUS,Australia,Oceania,Arid / Mediterranean,1992,15.669925225559263,702.2,-1.3989388201764446,205.68333333333334,-1.8291524754135988,346.6,-0.685109221290034,3.03013860218225,0.433065864126704,1.01222824105977,54.43,-2.327410973294056,1.5917046563135286,0,0,1,0,1.9570298225966627,-2.877383996632917
AUS,Australia,Oceania,Arid / Mediterranean,1993,16.751535458269327,471.2,-0.31732858746637954,-25.31666666666665,1.081610232710064,-231.00000000000006,3.12440890934566,3.23930870769341,4.04583374101011,1.75365751770527,59.51,-0.7152759456443865,0.03468126374279917,0,0,0,0,0.10069743242340769,0.08033702072690503
AUS,Australia,Oceania,Arid / Mediterranean,1994,17.032935867895546,274.5,-0.03592817784016278,-222.01666666666665,0.2814004096262188,-196.7,2.98223871616621,3.32173444100615,3.97884434177331,1.96963507094102,63.46,-0.2958499422339735,-1.2911477462947012,0,1,0,0,0.0012908339629143638,0.07976654283480139
AUS,Australia,Oceania,Arid / Mediterranean,1995,16.37494239631336,533.5,-0.6939216494223445,36.98333333333335,-0.6579934715821842,259.0,2.73953092805972,2.99940193194106,3.89017188961647,4.62776445368168,51.86,-1.2765861551714044,0.4546057544664202,0,0,0,0,0.48152725553702713,-0.2566353566780305
AUS,Australia,Oceania,Arid / Mediterranean,1996,16.266281053021874,521.6,-0.8025829927138326,25.083333333333325,-0.10866134329148736,-11.899999999999977,2.61251726692284,3.36814606624927,3.86567479160071,2.61537902431631,69.83,-1.438545382602855,0.3743954584855037,0,0,0,0,0.6441394601934919,-0.20131456733905292
AUS,Australia,Oceania,Arid / Mediterranean,1997,17.60393625192012,376.2,0.5350722061844141,-120.31666666666665,1.337655198898247,-145.40000000000003,2.79958588575271,3.22527993858659,3.91795814771731,0.224895027032537,83.17,0.5552234777918049,-0.6056530319031719,0,0,0,0,0.28630226583105617,-0.6437810427408808
AUS,Australia,Oceania,Arid / Mediterranean,1998,17.18767345110087,571.9,0.1188094053651622,75.38333333333335,-0.4162628008192506,195.7,3.63864607453812,3.02751531970189,4.67681373479508,0.860129922016289,79.05,-0.06521429324041506,0.7134356171275286,0,0,0,0,0.014115674803223432,0.08956249007777146
AUS,Australia,Oceania,Arid / Mediterranean,1999,16.81628136200717,507.0,-0.2525826837285397,10.483333333333341,-0.3713920890936997,-64.89999999999998,3.88549898573662,3.04342312057626,5.02822035850596,1.48313946657267,87.5,-0.6187724768753506,0.27598618778622824,0,0,0,0,0.06379801211951151,-0.026479084677541932
AUS,Australia,Oceania,Arid / Mediterranean,2000,16.69845136571499,487.6,-0.37041268002071676,-8.916666666666686,-0.11782999629217983,-19.399999999999977,2.73354609011429,3.10630676229169,3.9160574881715,4.45743705920869,90.92,-0.7943975390148739,0.14522318425431394,0,0,0,0,0.1372055535201299,0.03302846396851398
AUS,Australia,Oceania,Arid / Mediterranean,2001,17.16284882232463,370.8,0.09398477658892057,-125.71666666666664,0.46439745660963894,-116.80000000000001,0.729781869182801,3.50187086251559,2.03145880248898,4.40712998561533,89.66,-0.1022152871181301,-0.6420509813398902,0,0,0,0,0.008833138230469313,-0.11815452830170461
AUS,Australia,Oceania,Arid / Mediterranean,2002,17.897674731182796,259.3,0.8288106854470872,-237.21666666666667,0.7348259088581663,-111.5,2.7740361493122,3.94425123897134,3.94980535772942,2.98157117047457,90.73,0.993039316683595,-1.3936012335980563,0,1,0,0,0.6869271523112706,-1.966077080994732
AUS,Australia,Oceania,Arid / Mediterranean,2003,17.687430235535075,392.8,0.6185661897993655,-103.71666666666667,-0.2102444956477214,133.5,1.91232481392237,2.88733584935682,3.0912800997751,2.73259754838937,60.18,0.6796708725306752,-0.4937630391902971,0,0,0,0,0.38262413116290467,-0.6415562331869087
AUS,Australia,Oceania,Arid / Mediterranean,2004,17.63313527376097,345.8,0.5642712280252608,-150.71666666666667,-0.05429496177410442,-47.0,3.11057041061613,3.05821916621123,4.21894147547516,2.34325687131265,92.87,0.5987444842127518,-0.8105600065098828,0,0,0,0,0.3184020187771358,-0.8504507858387389
AUS,Australia,Oceania,Arid / Mediterranean,2005,17.919708141321042,415.2,0.8508440955853359,-81.31666666666666,0.2865728675600714,69.39999999999998,1.90739095765275,2.88921493532413,3.15548121323168,2.69182949622197,89.88,1.0258800121469152,-0.3427789526379839,0,0,0,0,0.7239356749924283,-0.6918780570601423
AUS,Australia,Oceania,Arid / Mediterranean,2006,18.26309139784946,175.5,1.194227352113754,-321.01666666666665,0.34338325652841917,-239.7,1.39339848998918,2.74011319183189,2.7709261737475,3.55528696972984,93.3,1.5376911609475636,-1.958443485967871,1,1,0,1,1.4261789685366284,-3.8336688381771693
AUS,Australia,Oceania,Arid / Mediterranean,2007,18.313161162314387,443.3,1.2442971165786794,-53.21666666666667,0.050069764464925726,267.8,1.91249613831002,2.21281034154067,3.78947119882653,2.32761442623159,59.11,1.6123199123026852,-0.15337480834691247,1,0,0,0,1.5482753143260155,-0.6621734488726205
AUS,Australia,Oceania,Arid / Mediterranean,2008,17.322363428500804,336.3,0.25349938276509504,-160.21666666666667,-0.9907977338135829,-107.0,1.56811983624921,2.35417910776003,3.62398503565633,4.35029726664093,69.37,0.13554049242365507,-0.8745934360744798,0,0,0,0,0.06426193706228417,-0.4061482610868098
AUS,Australia,Oceania,Arid / Mediterranean,2009,18.547487199180747,321.40000000000003,1.4786231534450394,-175.11666666666667,1.225123770679943,-14.899999999999977,-0.124768741461196,2.31423570641201,1.95484826298522,1.77112025681656,84.7,1.96158178178044,-0.9750248150757955,1,0,0,0,2.1863264299037524,-2.589315578874505
AUS,Australia,Oceania,Arid / Mediterranean,2010,16.939983998975936,758.5,-0.12888004675977335,261.98333333333335,-1.6075032002048104,437.09999999999997,0.632264496011231,2.21824837320556,2.21004795300735,2.9183370211222,85.64,-0.4343942710864666,1.9711869809963516,0,0,1,0,0.016610066452801366,-0.33764424250281294
AUS,Australia,Oceania,Arid / Mediterranean,2011,17.055917178699435,469.0,-0.012946867036271717,-27.516666666666666,0.11593317972349837,-289.5,0.981771621515961,2.30485962261499,2.39473494330615,3.30384784681081,99.76,-0.2615964052316217,0.019852469527839728,0,0,0,0,0.0001676213660548992,0.0035625462461474342
AUS,Australia,Oceania,Arid / Mediterranean,2012,16.916308861698184,494.4,-0.1525551840375258,-2.1166666666666885,-0.13960831700125098,25.399999999999977,2.15339832775771,2.27317856495351,3.95247138119184,1.76278299052228,111.34,-0.46968195322520456,0.19105763910055185,0,0,0,0,0.023273084176723365,0.0032290847287943293
AUS,Australia,Oceania,Arid / Mediterranean,2013,18.31219214029698,318.8,1.2433280945612706,-177.71666666666667,1.3958832785987951,-175.59999999999997,0.902732553895234,2.29076813252161,2.65445302592404,2.44988248109259,103.58,1.6108755894869569,-0.9925497536934745,1,0,0,0,1.5458647507253598,-2.2096012453844716
AUS,Australia,Oceania,Arid / Mediterranean,2014,18.37016321044547,468.6,1.3012991647097603,-27.91666666666666,0.0579710701484899,149.8,1.08218148890933,2.22695769265967,2.60118978187332,2.48792932080492,102.87,1.697281200260952,0.017156325125119883,1,0,0,0,1.6933795160743197,-0.36327935014814133
AUS,Australia,Oceania,Arid / Mediterranean,2015,17.777743855606758,489.6,0.7088798098710506,-6.916666666666671,-0.5924193548387109,21.0,0.704511799724457,2.37664391487055,2.16434780647852,1.50836803138463,97.94,0.8142829037303065,0.15870390626791342,0,0,0,0,0.5025105848428169,-0.04903085351608103
AUS,Australia,Oceania,Arid / Mediterranean,2016,17.94485261401557,636.2,0.8759885682798637,139.6833333333333,0.167108758408812,146.60000000000002,1.16312811538609,2.41300232330254,2.75564065529868,1.27699365720306,99.19,1.0633577318991239,1.1468408298647488,0,0,0,0,0.7673559717570054,1.223610031792256
AUS,Australia,Oceania,Arid / Mediterranean,2017,17.716536738351255,315.9,0.6476726926155458,-180.61666666666667,-0.22831587566431466,-320.30000000000007,0.62251098729871,2.72098319651067,2.29331030192918,1.94864309065653,131.17,0.7230539797751185,-1.0120968006131938,0,0,0,0,0.41947991675987134,-1.1698048283124451
AUS,Australia,Oceania,Arid / Mediterranean,2018,18.25832757296467,226.4,1.189463527228962,-270.1166666666667,0.5417908346134155,-89.49999999999997,1.3466306507712,2.47191752630847,2.87417039499501,1.91140002818579,104.5,1.5305907020852987,-1.6153591107217666,1,1,0,1,1.4148234826079635,-3.2129392309666316
AUS,Australia,Oceania,Arid / Mediterranean,2019,18.648631592421914,159.4,1.5797675466862067,-337.1166666666667,0.39030401945724336,-67.0,0.695209563773375,2.12424911197662,2.19401703622717,1.610770929127,84.09,2.11233703007899,-2.0669632981773463,1,1,0,1,2.4956655015629563,-5.325659694470318
AUS,Australia,Oceania,Arid / Mediterranean,2020,17.03309943146706,522.7,-0.035764614268646376,26.18333333333331,-1.615532160954853,363.30000000000007,-1.35774770320791,2.01512715396535,-0.133531904304775,0.846900734607273,76.66,-0.29560615149040004,0.38180985559298325,0,0,0,0,0.001279107633785064,-0.009364368169340567
AUS,Australia,Oceania,Arid / Mediterranean,2021,16.059212749615977,713.1999999999999,-1.0096512961197328,216.68333333333334,-0.9738866818510843,190.4999999999999,1.86332687000336,2.30537875480088,2.00694844335034,2.86391284709318,129.02,-1.7471797269731202,1.6658486273883253,0,0,1,0,1.0193957397562563,-2.187746083475441
AUS,Australia,Oceania,Arid / Mediterranean,2022,16.195423707117254,806.7,-0.8734403386184528,310.18333333333334,0.13621095750127665,93.50000000000011,2.91752727950202,2.67242699950618,4.25304559238732,6.59409658717841,146.08,-1.5441579275331208,2.296072381524097,0,0,1,0,0.7628980251259175,-2.709266357004671
AUS,Australia,Oceania,Arid / Mediterranean,2023,17.509199948796724,376.90000000000003,0.440335903061015,-119.61666666666666,1.31377624167947,-429.8,1.09251403364293,2.57169831894523,3.58382100798981,5.59701792296707,,0.41401945804746837,-0.6009347791984122,0,0,0,0,0.1938957075245596,-0.5267151293781508
BRA,Brazil,South America,Tropical / Savannah,1960,21.29393987146212,1807.2,0.3901225818222474,281.72,,,,0.0,,,,0.22220012014927662,1.2953095692728467,0,0,0,0,0.1521956288476561,1.0990533375096354
BRA,Brazil,South America,Tropical / Savannah,1961,22.600972862263188,1193.6,1.6971555726233138,-331.87999999999994,1.3070329908010692,-613.6000000000001,5.37233941645053,0.0,8.60000000000014,,16.98,2.6963116684469597,-0.8816895024119404,1,0,0,0,2.880337037686368,-5.632519914422253
BRA,Brazil,South America,Tropical / Savannah,1962,20.83078853046595,1938.9,-0.07302875917392064,413.4200000000001,-1.770184331797239,745.3000000000002,3.46591076186584,0.0,6.59999999999992,,17.87,-0.6545092585985965,1.7625696372990634,0,0,1,0,0.005333199666482498,-0.3019154961768228
BRA,Brazil,South America,Tropical / Savannah,1963,21.67642601126472,1194.0,0.77260872162485,-331.47999999999996,0.8456374807987714,-744.9000000000001,-2.32140190832382,0.0,0.600000000000065,,17.71,0.94621656212863,-0.8802703374369177,0,0,0,0,0.5969242367307849,-2.561043390442052
BRA,Brazil,South America,Tropical / Savannah,1964,20.196862872327277,2356.2,-0.7069544173125942,830.72,-1.4795631389374435,1162.1999999999998,0.450644645425385,0.0,3.39999999999985,,17.21,-1.8544811052172838,3.2431134974914717,0,0,1,0,0.4997845481577896,-5.872811735499183
BRA,Brazil,South America,Tropical / Savannah,1965,20.64214605734767,1950.9,-0.26167123229220063,425.42,0.44528318502039355,-405.2999999999997,-0.445326274798447,0.0,2.40000000000001,,21.06,-1.0115947526344606,1.8051445865497435,0,0,1,0,0.06847183380931882,-1.1132017564174799
BRA,Brazil,South America,Tropical / Savannah,1966,20.251664106502815,1798.6,-0.652153183137056,273.12,-0.3904819508448547,-152.30000000000018,3.82403827848321,0.0,6.7000000000001,,18.94,-1.7507466415205666,1.264797522309859,0,0,0,0,0.4253037742757944,-1.781160773783927
BRA,Brazil,South America,Tropical / Savannah,1967,20.705721326164873,1292.1,-0.19809596347499644,-233.38000000000002,0.45405721966205803,-506.5,1.48235786793778,0.0,4.2,,20.89,-0.8912517254317794,-0.5322201273126063,0,0,0,0,0.039242010745087125,0.4623163595579467
BRA,Brazil,South America,Tropical / Savannah,1968,20.002662835249044,1499.6,-0.9011544543908284,-25.880000000000003,-0.7030584909158293,207.5,7.02283124189177,0.0,9.79999999999998,,20.69,-2.2220866345319044,0.2039717034804077,0,0,0,0,0.8120793506684316,0.23321877279634642
BRA,Brazil,South America,Tropical / Savannah,1969,21.485488991295444,1204.8000000000002,0.5816717016555719,-320.67999999999995,1.4828261560464,-294.7999999999997,6.7879284838472,0.0,9.49999999999993,,21.38,0.5847876697989823,-0.8419528831113055,0,0,0,0,0.3383419685068887,-1.8653048128690877
BRA,Brazil,South America,Tropical / Savannah,1970,21.08899705581157,1176.7,0.18517976617170095,-348.78,-0.39649193548387274,-28.100000000000136,7.70310527998387,0.0,10.4,,21.66,-0.1657406514382055,-0.9416492226066486,0,0,0,0,0.03429154579940584,-0.6458699884536585
BRA,Brazil,South America,Tropical / Savannah,1971,20.679390040962623,1601.1999999999998,-0.22442724867724864,75.72,-0.4096070148489481,424.4999999999998,8.65032390145559,0.0,11.3429219931908,,23.56,-0.9410947953916925,0.5644396071361678,0,0,0,0,0.0503675899488396,-0.16993631269841267
BRA,Brazil,South America,Tropical / Savannah,1972,21.214618712149303,1563.8,0.31080142250943127,38.320000000000036,0.5352286711866796,-37.399999999999864,9.24930773621521,0.0,11.9403481162508,,24.31,0.07205134987231554,0.43174768197154756,0,0,0,0,0.09659752423388601,0.11909910510561418
BRA,Brazil,South America,Tropical / Savannah,1973,21.47867191500256,1624.7,0.5748546253626895,99.22000000000003,0.2640532028532583,60.90000000000009,11.2426303275996,0.0,13.9687217796782,,22.97,0.5718834758723167,0.6478155494187501,0,0,0,0,0.3304578403008781,0.5703707592848607
BRA,Brazil,South America,Tropical / Savannah,1974,20.54725294418843,1445.6,-0.3565643454514425,-79.87999999999994,-0.931418970814132,-179.10000000000014,5.59267280331055,0.0,8.15393868457201,,25.7,-1.1912200174698244,0.012384431852346466,0,0,0,0,0.1271381324472156,0.28482359914661204
BRA,Brazil,South America,Tropical / Savannah,1975,20.647205581157195,1242.6,-0.25661170848267706,-282.88,0.09995263696876577,-203.0,2.69442153091077,0.0,5.16664908406321,,25.86,-1.002017468530593,-0.7078417929716626,0,0,0,0,0.06584956893039844,0.7259032009557969
BRA,Brazil,South America,Tropical / Savannah,1976,20.719722531207516,1470.6,-0.1840947584323557,-54.87999999999998,0.07251695005032133,228.0,7.66231519452694,0.0,10.2571295347867,,26.1,-0.8647485358949564,0.10108224279126365,0,0,0,0,0.0338908800822674,0.10103120342767678
BRA,Brazil,South America,Tropical / Savannah,1977,20.979163466461852,1454.3000000000002,0.07534617682198252,-71.17999999999995,0.25944093525433587,-16.299999999999727,2.4596571731236,0.0,4.93432806978961,,28.73,-0.37364707286263865,0.04325127005908966,0,0,0,0,0.005677046361689457,-0.05363140866188713
BRA,Brazil,South America,Tropical / Savannah,1978,20.626234639016896,1573.5,-0.2775826506229742,48.02,-0.3529288274449556,119.19999999999982,2.49490746263923,0.0,4.96989768924738,,27.48,-1.0417138269952655,0.46616243261584733,0,0,0,0,0.07705212792687617,-0.13329518882915223
BRA,Brazil,South America,Tropical / Savannah,1979,20.617786738351253,1955.4,-0.28603055128861676,429.9200000000001,-0.008447900665643715,381.9000000000001,4.2525775151834,0.0,6.7595601220408,,29.02,-1.0577050443117677,1.8211101925187492,0,0,1,0,0.08181347627047003,-1.2297025461000215
BRA,Brazil,South America,Tropical / Savannah,1980,20.75677172166605,1792.6,-0.14704556797382237,267.12,0.13898498331479558,-162.80000000000018,6.65338211481858,0.0,9.19999999999976,,31.92,-0.7946173069101717,1.243510047684519,0,0,0,0,0.021622399060744014,-0.39278812117167433
BRA,Brazil,South America,Tropical / Savannah,1981,20.49142857142857,1557.4,-0.4123887182112993,31.92000000000006,-0.26534315023747723,-235.19999999999982,-6.4539452195249,11.4508006149716,-4.24999999999956,101.725072957927,33.74,-1.2968912027372954,0.4090410423711848,0,0,0,0,0.1700644549079584,-0.131634478853047
BRA,Brazil,South America,Tropical / Savannah,1982,20.8492722734255,1535.6,-0.05454501621437213,10.120000000000047,0.35784370199692717,-21.800000000000182,-1.4420711455688,5.6490539026237,0.829999999999529,100.54335919485,33.79,-0.619520974267719,0.33169655123244884,0,0,0,0,0.002975158793826119,-0.005519955640894486
BRA,Brazil,South America,Tropical / Savannah,1983,20.90141065028162,1794.1,-0.0024066393582531376,268.62000000000006,0.05213837685612077,258.5,-5.07417099498288,10.0561007922548,-2.92999999999996,135.027682230473,33.8,-0.5208270918660511,1.248831916340854,0,0,0,0,5.791913000693074e-06,-0.00646471464413958
BRA,Brazil,South America,Tropical / Savannah,1984,21.12432826597454,1294.8,0.2205109763346685,-230.67999999999992,0.22291761569292134,-499.29999999999995,3.12069396131707,11.8573320632089,5.39999999999988,192.121733132051,36.56,-0.09886142520998627,-0.5226407637312028,0,0,0,0,0.048625090684068735,-0.5086747202088131
BRA,Brazil,South America,Tropical / Savannah,1985,20.502062211981567,1497.7,-0.4017550776583049,-27.77999999999998,-0.6222660539929734,202.9000000000001,5.57647245248828,11.1453640115501,7.85000000000042,225.989665211895,40.94,-1.2767625502260183,0.19723066984905005,0,0,0,0,0.16140714242423063,0.11160756057347704
BRA,Brazil,South America,Tropical / Savannah,1986,20.992142857142856,1127.8,0.08832556750298615,-397.68,0.4900806451612887,-369.9000000000001,5.29820398316059,10.3636386654384,7.48999999999982,147.142826237604,37.62,-0.3490780982462772,-1.115142140803171,0,0,0,0,0.007801405874724563,-0.3512531168458753
BRA,Brazil,South America,Tropical / Savannah,1987,21.480931899641575,1359.1,0.5771146100017063,-166.38,0.4887890424987198,231.29999999999995,1.49867169856199,9.36152021128553,3.52999999999983,228.336162575513,42.29,0.5761614505934749,-0.29450999399630773,0,0,0,0,0.3330612730774215,-0.9602032881208389
BRA,Brazil,South America,Tropical / Savannah,1988,21.069567111605487,1329.7,0.16574982196561638,-195.77999999999997,-0.41136478803608867,-29.399999999999864,-1.9510165069396,9.79723660427779,-0.059999999999917,629.114509120897,42.41,-0.20252002095786142,-0.39881861966047444,0,0,0,0,0.027473003481633528,-0.32450500144428374
BRA,Brazil,South America,Tropical / Savannah,1989,20.677466717869944,1738.6,-0.22635057176992687,213.12000000000006,-0.39210039373554295,408.89999999999986,1.27526278524948,8.44158737716968,3.16000000000032,1430.7237251472,44.3,-0.9447354960535683,1.0519227760564576,0,0,0,0,0.051234581340572814,-0.4823983385560683
BRA,Brazil,South America,Tropical / Savannah,1990,21.277359190988225,1199.9,0.37354190134835186,-325.58,0.5998924731182811,-538.6999999999998,-6.04327176300885,6.96343671917276,-4.35000000000022,2947.732772483,41.03,0.19081418473080133,-0.8593376540553334,0,0,0,0,0.13953355206294182,-1.216177722409964
BRA,Brazil,South America,Tropical / Savannah,1991,20.747532642089094,1666.3,-0.15628464755077806,140.82000000000005,-0.5298265488991305,466.39999999999986,-0.686503405708166,6.84138937730153,1.03218958549303,432.786661926461,41.89,-0.8121061642212467,0.7954087068211086,0,0,0,0,0.024424891060070918,-0.22008004068100576
BRA,Brazil,South America,Tropical / Savannah,1992,20.47831263131875,2037.5,-0.425504658321121,512.02,-0.2692200107703435,371.20000000000005,-2.18850140379996,6.80608488408303,-0.54407204977727,951.962053052818,44.32,-1.321718654776285,2.1123938036421532,0,0,1,0,0.18105421425297394,-2.1786689515358035
BRA,Brazil,South America,Tropical / Savannah,1993,21.297538402457757,1388.3,0.3937211128178868,-137.18000000000004,0.8192257711390063,-649.2,3.23867795103922,6.77810923883982,4.9246900037071,1927.38079016026,43.62,0.22901185876328203,-0.19091095081965243,0,0,0,0,0.15501631467855514,-0.5401066225635772
BRA,Brazil,South America,Tropical / Savannah,1994,21.346178315412185,1471.5,0.44236102577231523,-53.97999999999996,0.048639912954428155,83.20000000000005,4.21094030332965,8.72198937517673,5.85287036219013,2075.88839757325,47.23,0.3210834217580233,0.10427536398506475,0,0,0,0,0.19568327712233494,-0.2387864817118956
BRA,Brazil,South America,Tropical / Savannah,1995,21.15438748079877,1387.4,0.2505701911589006,-138.08,-0.19179083461341406,-84.09999999999991,2.63205630347598,5.01166646465693,4.22379363350413,66.0070335542481,48.36,-0.04196167512501475,-0.19410407201345337,0,0,0,0,0.062785420697408,-0.34598731995221
BRA,Brazil,South America,Tropical / Savannah,1996,21.149751266839697,1433.6999999999998,0.24593397719982826,-91.78000000000003,-0.004636213959074098,46.29999999999973,0.67296877612381,4.76841121077967,2.20886405039022,15.7576656002606,45.54,-0.05073766668548001,-0.029835726154578513,0,0,0,0,0.06048352114132565,-0.22571820427400244
BRA,Brazil,South America,Tropical / Savannah,1997,20.91086853558628,1735.6999999999998,0.007051245946406937,210.21999999999997,-0.23888273125341897,302.0,1.86924434979963,4.68504702949228,3.39484598630671,6.92671251629154,48.73,-0.5029240523716977,1.041633829987543,0,0,0,0,4.9720069396720255e-05,0.014823129228536661
BRA,Brazil,South America,Tropical / Savannah,1998,22.13651625704045,1488.2,1.2326989674005786,-37.27999999999993,1.2256477214541732,-247.49999999999977,-1.143603910048,4.7500447835131,0.338097901207306,3.19507629280052,49.63,1.8171315262835814,0.16352550169226165,1,0,0,0,1.5195467442304527,-0.45955017504693485
BRA,Brazil,South America,Tropical / Savannah,1999,21.216082309267794,1385.5,0.31226501962792214,-139.97999999999993,-0.9204339477726577,-102.70000000000005,-0.984800297986069,4.64598154008681,0.467937566477133,4.85844749902667,52.84,0.07482182510775251,-0.2008451056448108,0,0,0,0,0.0975094424832266,-0.43710857447516516
BRA,Brazil,South America,Tropical / Savannah,2000,21.249306328018786,1399.5,0.3454890383789155,-125.98,0.03322401875099246,14.0,2.96222045087984,4.75045997570861,4.38794944745618,7.04414105947266,53.96,0.13771230228102718,-0.15117433151901735,0,0,0,0,0.11936267563998773,-0.43524709054975774
BRA,Brazil,South America,Tropical / Savannah,2001,21.266917562724014,1262.1,0.36310027308414367,-263.38,0.017611234705228185,-137.4000000000001,0.0770005174179715,4.80104301642181,1.38989640095637,6.84035902487523,57.21,0.17104899651189054,-0.638657500439307,0,0,0,0,0.1318418083137797,-0.9563334992490176
BRA,Brazil,South America,Tropical / Savannah,2002,21.90387288786482,1285.5,1.0000555982249522,-239.98,0.6369553251408071,23.40000000000009,1.78204308366739,5.47527489339298,3.05346185909312,8.45016437708331,60.96,1.3767557665565615,-0.5556363494004803,0,0,0,0,1.000111199541067,-2.39993342462024
BRA,Brazil,South America,Tropical / Savannah,2003,21.39628648233487,1078.2,0.49246919269499817,-447.28,-0.5075864055299526,-207.29999999999995,-0.0458328311687239,6.1671843856504,1.14082899824888,14.7149197228147,66.32,0.41593427504173114,-1.291118597705983,0,1,0,0,0.24252590575366323,-2.2027162050861877
BRA,Brazil,South America,Tropical / Savannah,2004,21.23718854282536,1520.1,0.33337125318549027,-5.379999999999967,-0.15909793950950757,441.89999999999986,4.57169367299971,5.66531157603221,5.75996463670954,6.59718509985963,68.9,0.11477427967727552,0.27670390845032006,0,0,0,0,0.11113639245046425,-0.017935373421379266
BRA,Brazil,South America,Tropical / Savannah,2005,21.503010112647207,1491.4,0.5991928230073391,-34.079999999999984,0.26582156982184557,-28.699999999999818,2.07730833836257,4.65116882283132,3.20213206130431,6.86953720898964,67.94,0.6179537864774635,0.17487882149244288,0,0,0,0,0.3590320391435044,-0.20420491408090108
BRA,Brazil,South America,Tropical / Savannah,2006,20.95469470046083,1695.4,0.050877410820958424,169.92000000000004,-0.5483154121863762,204.0,2.86752083975395,4.3700437788908,3.96198871122617,4.18356812896909,71.56,-0.4199645391865943,0.8986529587540085,0,0,0,0,0.0025885109318445772,0.08645089646697258
BRA,Brazil,South America,Tropical / Savannah,2007,21.82399641577061,985.7,0.9201791261307379,-539.78,0.8693017153097777,-709.7,5.00147015838483,4.41691543634403,6.06987060678338,3.64127299102652,77.72,1.225555832479571,-1.619300498179977,0,1,0,1,0.8467296241667285,-4.966942887028497
BRA,Brazil,South America,Tropical / Savannah,2008,21.353737795080956,1379.3,0.44992050544108303,-146.18,-0.47025862068965196,393.5999999999999,4.09221626720056,4.56785118025741,5.09419544658736,5.67859390284168,84.38,0.3353929273934986,-0.22284216275766255,0,0,0,0,0.20242846121635963,-0.6576937948537752
BRA,Brazil,South America,Tropical / Savannah,2009,21.285457629288274,1629.9,0.3816403396484036,104.42,-0.06828016579268237,250.60000000000014,-1.0163236214624,4.47677399209847,-0.125812002161169,4.88803479876799,82.14,0.2061438970351971,0.6662646940940449,0,0,0,0,0.14564934884694886,0.39850884266086306
BRA,Brazil,South America,Tropical / Savannah,2010,21.74224078341014,1290.5,0.8384234937702679,-234.97999999999996,0.4567831541218652,-339.4000000000001,6.62782994932327,4.11575648779356,7.52822581815364,5.03872690108075,87.79,1.070798794527952,-0.5378967872126968,0,0,0,0,0.7029539549059425,-1.9701275256613753
BRA,Brazil,South America,Tropical / Savannah,2011,21.097860343061956,1457.7,0.19404305342208486,-67.77999999999997,-0.6443804403481828,167.20000000000005,3.13169854409105,4.34203412783304,3.97442307944702,6.6364496221309,93.54,-0.1489631397025495,0.055314172346782334,0,0,0,0,0.03765270658136608,-0.13152238160948906
BRA,Brazil,South America,Tropical / Savannah,2012,21.493058027437897,1223.4,0.5892407377980243,-302.08000000000004,0.3951976843759404,-234.29999999999995,1.09733293821196,4.16832822439069,1.92117598576537,5.40349914036997,90.56,0.5991152650940686,-0.7759617117727513,0,0,0,0,0.34720464708076004,-1.779978420740272
BRA,Brazil,South America,Tropical / Savannah,2013,21.418613671274965,1521.8999999999999,0.5147963816350911,-3.5800000000000622,-0.07444435616293177,298.4999999999998,2.17333080532316,4.50688618256533,3.00482266944432,6.20431066640101,97.26,0.45819790295815604,0.2830901508379218,0,0,0,0,0.2650153145445824,-0.018429710462536584
BRA,Brazil,South America,Tropical / Savannah,2014,21.590762928827445,1390.5,0.6869456391875737,-134.98000000000002,0.1721492575524799,-131.39999999999986,-0.303163572499983,4.32561053879483,0.503955740242247,6.32904015516139,98.65,0.7840630258273421,-0.18310554345702765,0,0,0,0,0.47189431119882413,-0.927239223775387
BRA,Brazil,South America,Tropical / Savannah,2015,22.233766001024065,1212.1,1.3299487113841943,-313.37999999999994,0.6430030721966205,-178.4000000000001,-4.30639755912077,4.31914942964047,-3.54576339269425,9.02990102416136,102.82,2.0012177095339303,-0.8160531223171416,1,0,0,0,1.768763574912479,-4.167793271735787
BRA,Brazil,South America,Tropical / Savannah,2016,22.450604375231737,1250.2,1.5467870855918682,-275.28000000000003,0.21683837420767205,38.100000000000136,-4.01012719354725,4.89135358790863,-3.27591690782192,8.73914352329393,98.53,2.4116758460286305,-0.6808776584462318,1,0,0,0,2.3925502881537852,-4.257995489217295
BRA,Brazil,South America,Tropical / Savannah,2017,21.494708141321045,1016.7,0.5908908516811744,-508.78,-0.9558962339106927,-233.5,0.587668928736335,4.60059169568986,1.32286905404399,3.44637335032669,109.59,0.60223880202316,-1.5093152126157197,0,1,0,0,0.3491519986005036,-3.006334475183479
BRA,Brazil,South America,Tropical / Savannah,2018,21.332503840245774,1223.8,0.42868655060590477,-301.67999999999995,-0.1622043010752705,207.0999999999999,1.09040860447158,4.4203993038464,1.783666761634,3.66485028376729,109.91,0.2951987064032941,-0.7745425467977283,0,0,0,0,0.18377215867038896,-1.2932615858678933
BRA,Brazil,South America,Tropical / Savannah,2019,22.090812852022527,868.6,1.1869955623826582,-656.88,0.7583090117767526,-355.19999999999993,0.562970837578547,4.20501409463474,1.22077782360842,3.73297621216894,112.23,1.7306185438667716,-2.034761044617866,1,1,0,1,1.408958465116123,-7.797136450179205
BRA,Brazil,South America,Tropical / Savannah,2020,21.239955197132616,1302.1,0.33613790749274575,-223.37999999999997,-0.8508576548899107,433.4999999999999,-3.83550546659214,5.71148511499007,-3.2767587964736,3.21176803803376,116.58,0.12001134057772998,-0.4967410029370391,0,0,0,0,0.11298869285360169,-0.7508648577572953
BRA,Brazil,South America,Tropical / Savannah,2021,21.293020993343575,1179.8,0.3892037037037032,-345.67999999999995,0.05306579621095864,-122.29999999999995,4.3179316171849,6.5587626121061,4.76260437908608,8.30165975585673,115.35,0.22046075551152952,-0.9306506940502228,0,0,0,0,0.15147952297668002,-1.345399362962961
BRA,Brazil,South America,Tropical / Savannah,2022,21.116714669738865,1096.1,0.21289738009899187,-429.38,-0.17630632360470955,-83.70000000000005,2.64631532411505,5.76747490819457,3.01669435393015,9.28010608956873,115.91,-0.11327336928740273,-1.2276109650737181,0,1,0,0,0.04532529445301462,-0.9141387706690512
BRA,Brazil,South America,Tropical / Savannah,2023,21.884813108038916,968.8,0.980995818399044,-556.68,0.7680984383000506,-127.29999999999995,2.83370012861097,6.02306023526246,3.24165532906981,4.59356282283204,,1.3406770893485829,-1.6792602183746852,0,1,0,1,0.9623527957164102,-5.461007521863798
DEU,Germany,Central Europe,Temperate Continental,1960,8.411674700284268,777.1,0.2039770512209337,108.09,,,,,,1.53661234295201,,-0.3986946818262551,1.1067684100572783,0,0,0,0,0.041606637424787415,0.22047879466470724
DEU,Germany,Central Europe,Temperate Continental,1961,8.900561955965182,764.5,0.6928643069018486,95.48999999999998,0.48888725568091473,-12.600000000000023,3.49857628356122,,4.29843950975808,2.29369500700884,74.63,0.10558767146712787,0.9908249404663368,0,0,0,0,0.4800609477785791,0.6616161266605751
DEU,Germany,Central Europe,Temperate Continental,1962,7.06909690220174,572.2,-1.1386007468615924,-96.81000000000002,-1.8314650537634423,-192.29999999999995,3.70741300558251,,4.6234710102125,2.84327019799062,89.99,-1.7835503589363808,-0.7786932501954107,0,0,0,0,1.2964116607537761,1.102279383036708
DEU,Germany,Central Europe,Temperate Continental,1963,6.893550947260624,567.6,-1.3141467018027086,-101.41,-0.17554595494111602,-4.600000000000023,1.78848585022484,,2.73529643602564,2.9669597758771,95.14,-1.9646242696185978,-0.8210218184587702,0,0,0,0,1.7269815538589373,1.332676170298127
DEU,Germany,Central Europe,Temperate Continental,1964,8.127922073909282,536.6,-0.07977557515405125,-132.41,1.2343711266486581,-31.0,5.78431913043119,,6.63946989651858,2.33573581177832,88.45,-0.6913827004211759,-1.1062795611031497,0,0,0,0,0.006364142391159678,0.10563083906147926
DEU,Germany,Central Europe,Temperate Continental,1965,7.401369687660011,878.7,-0.8063279614033231,209.69,-0.7265523862492715,342.1,4.35005055069382,,5.24416402432635,3.24231923668133,80.26,-1.440814277684131,2.0416776569175674,0,0,1,0,0.6501647813408389,-1.690789102266628
DEU,Germany,Central Europe,Temperate Continental,1966,8.549773425499232,893.9,0.34207577643589904,224.89,1.1484037378392218,15.199999999999932,1.95772159468103,,2.81218130587229,3.53306035477689,84.87,-0.2562472170396667,2.1815459694399726,0,0,1,0,0.11701583682422317,0.7692942136266933
DEU,Germany,Central Europe,Temperate Continental,1967,9.078318612391193,749.7,0.87062096332786,80.69,0.5285451868919608,-144.19999999999993,-0.784914858236817,,-0.330256452713016,1.79604992213175,95.81,0.28894189879552024,0.8546373730103106,0,0,0,0,0.7579808617859309,0.7025040553092502
DEU,Germany,Central Europe,Temperate Continental,1968,8.017166295884316,689.7,-0.190531353179017,20.689999999999984,-1.0611523165068775,-60.0,5.19988913817238,,5.66877310370654,1.470289313277,93.73,-0.8056261864893067,0.302525613053447,0,0,0,0,0.03630219654422732,-0.03942093697273859
DEU,Germany,Central Europe,Temperate Continental,1969,7.53806899641577,716.6999999999999,-0.6696286526475627,47.68999999999997,-0.4790972994685454,26.999999999999886,6.56966308529672,,7.41810273162662,1.91267848797596,83.39,-1.299810297089624,0.5509759050340355,0,0,0,0,0.4484025324465901,-0.31934590444762245
DEU,Germany,Central Europe,Temperate Continental,1970,7.536422171018946,818.8,-0.6712754780443877,149.79,-0.0016468253968247026,102.10000000000002,4.75408790195095,,5.10314457629295,3.45024936360895,88.75,-1.3015089811459664,1.4904860832272984,0,0,0,0,0.45061076742372125,-1.0055035385626883
DEU,Germany,Central Europe,Temperate Continental,1971,8.588188044034817,545.8,0.38049039497148524,-123.21000000000002,1.0517658730158717,-273.0,2.94365020816905,,3.13269976979846,5.24097448273094,86.66,-0.21662291918593712,-1.0216224245764307,0,0,0,0,0.14477294066555685,-0.468802215644367
DEU,Germany,Central Europe,Temperate Continental,1972,7.83634470399209,716.0,-0.3713529450712431,46.99,-0.7518433400427273,170.20000000000005,3.80247597428654,,4.30034129247663,5.4849331221432,87.05,-0.9921418643395427,0.5445346011678723,0,0,0,0,0.1379030098130857,-0.17449874888897715
DEU,Germany,Central Europe,Temperate Continental,1973,8.154390681003584,619.8,-0.05330696805974892,-49.21000000000001,0.3180459770114936,-96.20000000000005,4.44801721617243,,4.77748690945469,7.03202399303898,89.91,-0.664080594835866,-0.34068458729629897,0,0,0,0,0.002841632843723091,0.02623235898220245
DEU,Germany,Central Europe,Temperate Continental,1974,8.755807731694828,777.1,0.5481100826314954,108.08999999999997,0.6014170506912446,157.30000000000007,0.850760282845769,,0.890068699312494,6.98643109327497,91.47,-0.043724874556479776,1.106768410057278,0,0,0,0,0.3004246626823047,0.5924521883163832
DEU,Germany,Central Europe,Temperate Continental,1975,8.874985919098823,619.9,0.6672882700354892,-49.11000000000003,0.11917818740399433,-157.20000000000005,-0.496434276997888,,-0.866738936529003,5.91033626324104,81.12,0.07920624321549027,-0.33976440102970434,0,0,0,0,0.4452736353269559,-0.3277052694144289
DEU,Germany,Central Europe,Temperate Continental,1976,8.585448337659127,498.4,0.3777506885957942,-170.61,-0.28953758143969566,-121.5,5.40021216950142,,4.94925843456397,4.24663102299209,74.23,-0.21944889912796303,-1.457790714942353,0,1,0,0,0.14269558273459668,-0.6444804498132846
DEU,Germany,Central Europe,Temperate Continental,1977,8.668573348694316,759.7,0.46087569963098307,90.69,0.08312501103518954,261.30000000000007,3.58143707197259,,3.34721808033223,3.73416240635147,84.6,-0.13370627504589316,0.9466559996697879,0,0,0,0,0.21240641051034814,0.41796817199533853
DEU,Germany,Central Europe,Temperate Continental,1978,7.759738223246288,580.0,-0.44795942581704534,-89.01,-0.9088351254480287,-179.70000000000005,3.09818166076312,,3.00849288842491,2.71869696123339,88.1,-1.0711606891076628,-0.7069187214010183,0,0,0,0,0.20066764717833696,0.39872868491975205
DEU,Germany,Central Europe,Temperate Continental,1979,7.537215181771633,629.8,-0.6704824672916997,-39.210000000000015,-0.22252304147465463,49.799999999999955,4.10433133910932,,4.15036333786591,4.04362006473399,89.08,-1.3006909984231492,-0.24866596063682175,0,0,0,0,0.4495467389455651,0.26289617542507554
DEU,Germany,Central Europe,Temperate Continental,1980,7.515618588555185,637.0,-0.6920790605081485,-32.01000000000001,-0.021596593216448134,7.2000000000000455,1.19869391626099,,1.40882864441943,5.44105754460347,81.32,-1.3229676700355895,-0.1824125494419981,0,0,0,0,0.47897342599384146,0.2215345072686584
DEU,Germany,Central Europe,Temperate Continental,1981,7.971362007168459,856.7,-0.23633564189487435,187.69,0.45574341861327383,219.70000000000005,0.376242518401,,0.529240541969116,6.34424277746325,79.86,-0.8528728558106231,1.8392366782667173,0,0,1,0,0.05585453562986229,-0.4435783662724897
DEU,Germany,Central Europe,Temperate Continental,1982,9.150548515104967,496.5,0.9428508660416335,-172.51,1.1791865079365085,-360.20000000000005,-0.300057777160561,,-0.394840735634787,5.24104507228422,94.0,0.36344632674981947,-1.4752742540076536,0,1,0,0,0.8889677555954583,-1.6265120290084218
DEU,Germany,Central Europe,Temperate Continental,1983,8.99819828469022,598.5,0.7905006356268873,-70.51000000000002,-0.15235023041474705,102.0,1.83903415602119,,1.57241014192158,3.29341474302854,81.54,0.20629857575898403,-0.5366842620809856,0,0,0,0,0.6248912549265129,-0.5573819981805184
DEU,Germany,Central Europe,Temperate Continental,1984,7.9566197009022375,728.6,-0.25107794816109563,59.58999999999998,-1.0415785837879827,130.10000000000002,3.17898722012832,,2.82294783585535,2.4057933993196,94.8,-0.8680793984449724,0.6604780707588136,0,0,0,0,0.06304013605278583,-0.14961734930919685
DEU,Germany,Central Europe,Temperate Continental,1985,7.295379544290835,564.3,-0.9123181047724982,-104.71000000000001,-0.6612401566114023,-164.30000000000007,2.55688354526657,,2.32793520067574,2.0662330121658,94.75,-1.5501420588914112,-0.8513879652563978,0,0,0,0,0.832324324295683,0.955288287507283
DEU,Germany,Central Europe,Temperate Continental,1986,7.811832437275986,745.2,-0.39586521178734707,76.18999999999998,0.5164528929851508,180.9000000000001,2.24053503516963,,2.28733925852798,-0.129413360854742,96.16,-1.017426024236359,0.8132289910135458,0,0,0,0,0.15670926590344114,-0.30160970486077965
DEU,Germany,Central Europe,Temperate Continental,1987,7.170748847926267,753.2,-1.0369488011370656,84.19,-0.6410835893497193,8.0,1.24649964678072,,1.4021515883601,0.24990610870503,91.79,-1.6786973855541647,0.8868438923411277,0,0,0,0,1.0752628161795976,-0.8730071956772955
DEU,Germany,Central Europe,Temperate Continental,1988,9.215939315288592,631.4,1.0082416662252596,-37.61,2.0451904673623256,-121.80000000000007,3.30286374223702,,3.70723567991882,1.27411894006923,97.45,0.4308962883046746,-0.23394298037130526,0,0,0,0,1.0165512575126878,-0.3791996906673201
DEU,Germany,Central Europe,Temperate Continental,1989,9.713916410650283,551.7,1.5062187615869487,-117.31,0.49797709536169066,-79.69999999999993,3.09618001325789,,3.89655170553733,2.78056955569751,95.51,0.9445547210356285,-0.9673314348473391,0,0,0,0,2.268694957756521,-1.7669452292176495
DEU,Germany,Central Europe,Temperate Continental,1990,9.557822580645162,572.3,1.3501249315818284,-96.71000000000001,-0.1560938300051209,20.59999999999991,4.35163907238731,,5.25500610110028,2.69646824292392,89.56,0.7835454842128652,-0.777773063928816,0,0,0,0,1.822837330878837,-1.3057058213327863
DEU,Germany,Central Europe,Temperate Continental,1991,8.372994751664107,479.0,0.16529710260077335,-190.01000000000002,-1.1848278289810548,-93.29999999999995,4.34522003553894,1.06998573771213,5.10826150190911,4.04703259753466,81.2,-0.43859266502950806,-1.6363068506617389,0,1,0,0,0.02732313212821059,-0.31408102465172943
DEU,Germany,Central Europe,Temperate Continental,1992,9.296298665183537,714.6,1.088601016120204,45.59000000000002,0.9233039135194296,235.60000000000002,1.24089739849393,0.988835539128248,2.01361340926105,5.05697796731731,81.59,0.5137861603626156,0.5316519934355457,0,0,0,0,1.1850521722979406,0.49629320324920123
DEU,Germany,Central Europe,Temperate Continental,1993,8.29194828469022,714.0,0.08425063562688735,44.989999999999995,-1.0043503804933174,-0.6000000000000227,-1.62189255701904,0.977841510464679,-0.973033082340891,4.47457650752808,82.24,-0.5221912915365176,0.5261308758359768,0,0,0,0,0.007098169603534541,0.03790436096853662
DEU,Germany,Central Europe,Temperate Continental,1994,9.712076292882744,713.1,1.5043786438194113,44.08999999999997,1.420128008192524,-0.8999999999999773,2.24160813771532,0.993351541332521,2.59685569693275,2.69305639854954,79.25,0.9426566578168231,0.5178491994366237,0,0,0,0,2.263155103979931,0.6632805440599779
DEU,Germany,Central Europe,Temperate Continental,1995,8.932474398361496,604.4,0.7247767492981622,-64.61,-0.7796018945212477,-108.70000000000005,1.20710412450657,1.03224855652577,1.50499384201356,1.70616041317076,83.52,0.13850503915047765,-0.48239327235189383,0,0,0,0,0.525301336323211,-0.4682782577215426
DEU,Germany,Central Europe,Temperate Continental,1996,6.969481831664813,573.8,-1.2382158173985205,-95.21000000000001,-1.9629925666966832,-30.600000000000023,0.745819197608739,1.06716928692911,1.0378755674358,1.44972701963239,87.51,-1.8863023157733065,-0.7639702699298944,0,0,0,0,1.5331784104558863,1.1789052797451314
DEU,Germany,Central Europe,Temperate Continental,1997,8.721112391193037,599.1,0.5134147421297033,-69.91000000000001,1.7516305595282242,25.300000000000068,1.70540495204754,1.03610244105776,1.85432238398302,1.93936968221574,88.71,-0.07951277402256515,-0.5311631444814169,0,0,0,0,0.2635946974361097,-0.3589282462228756
DEU,Germany,Central Europe,Temperate Continental,1998,8.879623015873015,796.1,0.6719253668096826,127.09,0.15851062467997856,197.0,2.08015247927638,0.97744658336259,2.09561231172233,0.911184687196224,92.38,0.08398936252687941,1.2816038007102852,0,0,0,0,0.45148369856232656,0.8539499486784258
DEU,Germany,Central Europe,Temperate Continental,1999,9.48017601126472,643.3,1.2724783622013875,-25.710000000000004,0.6005529953917055,-152.80000000000007,2.06358047476192,0.96089041227783,2.12957016297766,0.585434192138622,96.44,0.7034538183383048,-0.12444081464652736,0,0,0,0,1.6192011822707257,-0.3271541869219768
DEU,Germany,Central Europe,Temperate Continental,2000,9.765483252997157,664.8,1.557785603933824,-4.210000000000015,0.28530724173243627,21.5,2.73729010710275,0.996168402468,2.8765231247659,1.44026838719741,101.29,0.9977454072489005,0.07339923267134865,0,0,0,0,2.426695987823469,-0.06558277392561422
DEU,Germany,Central Europe,Temperate Continental,2001,8.938212365591399,705.1,0.7305147165280648,36.089999999999975,-0.8272708874057582,40.30000000000007,1.46530767364665,1.08333750848315,1.63614170690956,1.98385731334471,100.61,0.14442369541363898,0.4442342981090419,0,0,0,0,0.5336517510640788,0.2636427611949784
DEU,Germany,Central Europe,Temperate Continental,2002,9.264547491039426,886.5,1.0568498419760928,217.49000000000004,0.32633512544802734,181.39999999999998,-0.395859338643859,0.901338514680484,-0.228255715793637,1.42080615551526,91.73,0.48103513928124225,2.11345218571196,0,0,1,0,1.1169315884848923,2.2985427213138045
DEU,Germany,Central Europe,Temperate Continental,2003,9.437878904249873,444.90000000000003,1.2301812551865385,-224.11,0.17333141321044643,-441.59999999999997,-0.584856140854797,0.829342960804352,-0.529801394291297,1.03422218628562,81.79,0.6598247721418715,-1.9500903675705563,0,1,0,0,1.5133459206123274,-2.7569592109985517
DEU,Germany,Central Europe,Temperate Continental,2004,8.937885922630082,627.7,0.7301882735667498,-41.31000000000002,-0.49999298161979056,182.8,1.18405124273107,0.948871367267906,1.16208684507278,1.66573696655992,103.86,0.14408697273814458,-0.267989872235312,0,0,0,0,0.5331749148543906,-0.3016407758104245
DEU,Germany,Central Europe,Temperate Continental,2005,9.141084869431644,562.1,0.9333872203683106,-106.91000000000001,0.20319894680156203,-65.60000000000002,0.942782582208039,0.72605784900095,0.885485292551564,1.54691114751328,96.0,0.353684670139992,-0.8716320631214827,0,0,0,0,0.8712117031468811,-0.997884277295761
DEU,Germany,Central Europe,Temperate Continental,2006,9.650276497695852,552.9,1.4425788486325193,-116.11000000000001,0.5091916282642082,-9.200000000000045,3.98390753495501,0.716599757643703,3.86668241523209,1.57742642840563,90.6,0.8789107822846629,-0.9562891996482019,0,0,0,0,2.081033734521925,-1.6749783011472186
DEU,Germany,Central Europe,Temperate Continental,2007,9.887530081925243,851.4,1.6798324328619103,182.38999999999996,0.23725358422939102,298.5,3.0267913002332,0.822076767549622,2.8891174138025,2.29834400700951,91.69,1.1236355002891247,1.790466806137194,0,0,1,0,2.8218370024947643,3.0638463742968374
DEU,Germany,Central Europe,Temperate Continental,2008,9.502035904090965,607.8,1.294338255027632,-61.21,-0.3854941778342784,-243.60000000000002,1.07991595041742,0.837028054130878,0.887902330743628,2.62837981637219,100.26,0.7260020808856812,-0.4511069392876716,0,0,0,0,1.675311518427975,-0.7922644459024134
DEU,Germany,Central Europe,Temperate Continental,2009,9.22532258064516,712.5,1.0176249315818282,43.48999999999997,-0.27671332344580435,104.70000000000005,-5.30491661723096,0.670417045914746,-5.54455451920674,0.312739007368447,103.7,0.44057503341533677,0.512328081837055,0,0,0,0,1.0355605013769205,0.4425650827449368
DEU,Germany,Central Europe,Temperate Continental,2010,7.626434331797235,717.9,-0.581263317266098,48.88999999999998,-1.598888248847926,5.399999999999977,4.29429269623485,0.775984032180357,4.13463778522758,1.1038103778926,91.64,-1.2086623304410353,0.5620181402331729,0,0,0,0,0.33786704399918854,-0.2841796358113952
DEU,Germany,Central Europe,Temperate Continental,2011,9.76591077828981,484.2,1.558213129226477,-184.81,2.1394764464925746,-233.7,5.69928311502757,0.924638957956395,3.75796884489337,2.07517283735874,90.66,0.9981863953461892,-1.5884571647988106,0,1,0,0,2.4280281560937693,-2.879733684123452
DEU,Germany,Central Europe,Temperate Continental,2012,9.194441354591522,669.4,0.9867437055281885,0.38999999999999346,-0.5714694236982876,185.2,0.275091009850499,0.911412934754651,0.463512036709204,2.00848884782956,94.85,0.40872135515730007,0.11572780093470827,0,0,0,0,0.9736631403995003,0.0038483004515598705
DEU,Germany,Central Europe,Temperate Continental,2013,8.606065028161803,688.9,0.3983673790984694,19.889999999999993,-0.588376326429719,19.5,0.12338547838786,0.927130138706706,0.396995583779145,1.50472330251876,96.18,-0.19818298744178067,0.29516412292068894,0,0,0,0,0.15869656872978366,0.07923527170268554
DEU,Germany,Central Europe,Temperate Continental,2014,10.336296082949309,640.9,2.128598433885976,-28.110000000000028,1.730231054787506,-48.0,1.75510660613023,0.915606456087681,2.18018602168017,0.906794000434246,107.61,1.5865331775036442,-0.1465252850448021,1,0,0,0,4.530931292741829,-0.5983490197653484
DEU,Germany,Central Europe,Temperate Continental,2015,9.980226574500767,558.8,1.7725289254374346,-110.21000000000001,-0.3560695084485417,-82.10000000000002,0.786705244581157,0.708512712866412,1.66300602334775,0.514426137125456,97.52,1.2192510126078533,-0.9019982099191103,0,0,0,0,3.1418587915123863,-1.9535041287245967
DEU,Germany,Central Europe,Temperate Continental,2016,9.722057224076133,581.6,1.5143595750128014,-87.41000000000003,-0.25816935042463385,22.800000000000068,1.40038690062336,0.730531013610999,2.22222216259371,0.491747008445174,94.87,0.952951889307879,-0.6921957411355023,0,0,0,0,2.2932849224329526,-1.32370170451869
DEU,Germany,Central Europe,Temperate Continental,2017,9.504114823348695,712.1,1.2964171742853612,43.08999999999996,-0.21794240072743776,130.5,2.4144426920242,0.860007620510574,2.797906720551,1.50949485109628,95.45,0.7281464654721326,0.5086473367706759,0,0,0,0,1.6806974897820406,0.5586261603995616
DEU,Germany,Central Europe,Temperate Continental,2018,10.526941244239632,491.0,2.319243595176298,-178.01000000000002,1.0228264208909366,-221.10000000000002,0.832212527052548,0.742451289010288,1.13569604599849,1.73216879766942,81.78,1.7831817697144994,-1.5258844986703661,1,1,0,1,5.378890853766281,-4.128485523773329
DEU,Germany,Central Europe,Temperate Continental,2019,10.344987199180748,605.3,2.1372895501174143,-63.71000000000002,-0.1819540450588839,114.29999999999995,0.750266426253219,0.833126017731138,0.977734697038784,1.44565976888253,88.69,1.5954979776595244,-0.4741115959525411,1,0,0,0,4.568006621041099,-1.361667172379805
DEU,Germany,Central Europe,Temperate Continental,2020,10.427021381782227,585.8,2.2193237327188937,-83.21000000000002,0.08203418260147899,-19.5,-4.21020011825779,0.728659526127881,-4.13191443239947,0.144877925813982,90.66,1.6801154230358737,-0.6535479179385217,1,0,0,0,4.925397830609324,-1.846699277995392
DEU,Germany,Central Europe,Temperate Continental,2021,8.955272017409115,687.4,0.7475743683457815,18.39,-1.471749364373112,101.60000000000002,3.86602720371127,0.753895620719434,3.90999994204108,3.06666666666673,90.39,0.16202055699069515,0.2813613289217674,0,0,0,0,0.5588674362075942,0.13747892633878922
DEU,Germany,Central Europe,Temperate Continental,2022,10.436612263184843,552.6,2.2289146141215106,-116.41000000000003,1.481340245775728,-134.79999999999995,1.83161439976671,0.994638278032481,1.8092581243061,6.87257438551097,91.48,1.6900083220379825,-0.9590497584479863,1,0,0,0,4.968060357044442,-2.594679502298851
DEU,Germany,Central Europe,Temperate Continental,2023,10.609227470558116,760.3,2.4015298214947824,91.28999999999998,0.17261520737327274,207.69999999999993,-0.999929288913975,0.929156663056282,-0.869647578573321,5.94643667725823,,1.8680591956840573,0.9521771172693565,1,0,0,0,5.767345483528762,2.1923565740425865
ESP,Spain,Southern Europe,Mediterranean / Semi-Arid,1960,14.587186379928314,662.9,0.005525966535421256,170.76333333333335,,,,,,1.17777108409625,,-0.608393316615226,1.8510490763458702,0,0,1,0,3.05363061505956e-05,0.009436324654769852
ESP,Spain,Southern Europe,Mediterranean / Semi-Arid,1961,15.812708013312852,450.5,1.2310475999199575,-41.63666666666667,1.2255216333845382,-212.39999999999998,10.8044871096931,,11.8386744503902,0.809252873882238,45.4,0.8349071326514832,-0.10285841893408176,0,0,0,0,1.5154781932686878,-0.512567185686673
ESP,Spain,Southern Europe,Mediterranean / Semi-Arid,1962,14.880906938044035,520.3,0.2992465246511408,28.163333333333313,-0.9318010752688171,69.79999999999995,8.9464704174558,,9.95343823186656,5.70647719271316,44.54,-0.2624777473269688,0.5392448916616838,0,0,0,0,0.08954848251578583,0.08427779622591623
ESP,Spain,Southern Europe,Mediterranean / Semi-Arid,1963,14.171563620071685,732.3000000000001,-0.4100967933212096,240.16333333333336,-0.7093433179723494,212.0000000000001,8.63949313281344,,9.59649901930561,8.74369768409137,52.78,-1.0978734691359788,2.4894727118092823,0,0,1,0,0.1681793798923389,-0.9849021287333278
ESP,Spain,Southern Europe,Mediterranean / Semi-Arid,1964,14.949865900383143,347.3,0.36820548699024735,-144.8366666666667,0.7783022803114577,-385.00000000000006,4.26724561500689,,5.30851044597863,6.97924673989615,46.1,-0.18126457359446638,-1.0522146030814032,0,0,0,0,0.1355752806497252,-0.5332965538404414
ESP,Spain,Southern Europe,Mediterranean / Semi-Arid,1965,14.710838453661035,539.2,0.1291780402681404,47.06333333333333,-0.2390274467221083,191.90000000000003,5.1056322550024,,6.25313501090316,13.2141378382198,47.18,-0.4627679039668019,0.7131095416654084,0,0,0,0,0.0166869660875173,0.06079549168486247
ESP,Spain,Southern Europe,Mediterranean / Semi-Arid,1966,14.750719406041986,489.4,0.16905899264909227,-2.736666666666686,0.03988095238095113,-49.80000000000007,6.15343461675477,,7.24606020058305,6.24036708297995,51.12,-0.4157999884925989,0.25498998768734055,0,0,0,0,0.028580942995525833,-0.004626581098830191
ESP,Spain,Southern Europe,Mediterranean / Semi-Arid,1967,14.39169418842806,447.1,-0.1899662249648345,-45.03666666666666,-0.3590252176139259,-42.299999999999955,3.06412649678099,,4.34033831645002,6.39163108782109,46.9,-0.8386250482585305,-0.13413565755909032,0,0,0,0,0.036087166627390116,0.08555445551666263
ESP,Spain,Southern Europe,Mediterranean / Semi-Arid,1968,14.661994191076504,442.4,0.08033377768361023,-49.73666666666668,0.2703000026484439,-4.7000000000000455,5.21217234383435,,6.59702019075823,4.9543661173647,50.6,-0.5202919363559009,-0.1773718403642495,0,0,0,0,0.006453515836919713,-0.03995534322723829
ESP,Spain,Southern Europe,Mediterranean / Semi-Arid,1969,13.613853686635943,626.8,-0.9678067267569496,134.66333333333333,-1.0481405044405605,184.39999999999998,7.83908290303449,,8.90701540575571,2.16034713599861,48.68,-1.754690105873178,1.5189583956509254,0,0,1,0,0.9366498603560008,-1.3032807984751336
ESP,Spain,Southern Europe,Mediterranean / Semi-Arid,1970,14.778444060419867,410.0,0.19678364702697293,-82.13666666666668,1.1645903737839234,-216.79999999999995,3.09359904029643,,4.24497088667341,5.73114484293538,51.15,-0.3831485811005894,-0.47542552608492017,0,0,0,0,0.03872380373723627,-0.16163152821305468
ESP,Spain,Southern Europe,Mediterranean / Semi-Arid,1971,13.07873335893497,701.3000000000001,-1.5029270544579223,209.16333333333333,-1.6997107014848964,291.30000000000007,3.39592703146427,,4.64947364578497,8.23688714893596,52.38,-2.384902897180325,2.2042978890518503,0,0,1,0,2.2587897310215665,-3.143572324672672
ESP,Spain,Southern Europe,Mediterranean / Semi-Arid,1972,13.251471696947226,758.2,-1.330188716445669,266.06333333333333,0.17273833801225535,56.89999999999998,6.96219311481951,,8.14974586367205,8.27228754941943,58.01,-2.1814684460314386,2.7277316766292006,0,0,1,0,1.7694020213593762,-3.539144438599228
ESP,Spain,Southern Europe,Mediterranean / Semi-Arid,1973,14.03540322580645,415.0,-0.5462571875864428,-77.13666666666668,0.7839315288592239,-343.20000000000005,6.6040257654457,,7.7884653422601,11.4167076137085,64.23,-1.258229967839809,-0.4294295869304957,0,0,0,0,0.29839691498985016,0.4213645859312625
ESP,Spain,Southern Europe,Mediterranean / Semi-Arid,1974,14.103271249359958,409.2,-0.47838916403293513,-82.93666666666667,0.0678680235535083,-5.800000000000011,4.47106819908592,,5.61878564719633,15.6803733985389,63.7,-1.1783015959390204,-0.48278487634962797,0,0,0,0,0.2288561922641305,0.39676002634344865
ESP,Spain,Southern Europe,Mediterranean / Semi-Arid,1975,13.961519457245265,500.1,-0.6201409561476304,7.963333333333331,-0.14175179211469313,90.90000000000003,-0.539096521312302,,0.542203343297047,16.9532859334983,63.66,-1.3452431004137162,0.3534212974778091,0,0,0,0,0.3845748054916973,-0.04938389147455629
ESP,Spain,Southern Europe,Mediterranean / Semi-Arid,1976,14.083632122110986,482.5,-0.49802829128190645,-9.636666666666677,0.12211266486572114,-17.600000000000023,2.21777242101939,,3.30379140860018,17.6248800527482,60.78,-1.2014306541371733,0.19151559165423485,0,0,0,0,0.24803217891717547,0.0479933263365331
ESP,Spain,Southern Europe,Mediterranean / Semi-Arid,1977,14.360302099334357,559.6,-0.2213583140585366,67.46333333333332,0.2766699772233707,77.10000000000002,1.78565712686311,,2.83857436106388,24.5380632929204,55.69,-0.8755956043532707,0.9007729734154603,0,0,0,0,0.04899950320283772,-0.14933569727435736
ESP,Spain,Southern Europe,Mediterranean / Semi-Arid,1978,14.549352278545827,426.6,-0.03230813484706707,-65.53666666666666,0.1890501792114705,-133.0,0.490728282850199,,1.46300333315605,19.7736704973663,67.23,-0.6529506496197375,-0.3227190080922307,0,0,0,0,0.0010438155772962696,0.021173674640939524
ESP,Spain,Southern Europe,Mediterranean / Semi-Arid,1979,14.584347158218128,549.6,0.0026867448252319015,57.46333333333334,0.03499487967230053,123.0,-0.836528080615906,,0.0415465166768456,15.6602355971771,70.64,-0.6117370764137103,0.8087810951066114,0,0,0,0,7.2185977559104006e-06,0.0015438931347390916
ESP,Spain,Southern Europe,Mediterranean / Semi-Arid,1980,14.409535595105673,370.5,-0.17212481828722073,-121.63666666666667,-0.1748115631124545,-179.10000000000002,1.39131541372475,,2.20872810257116,15.5619020957245,72.05,-0.8176131708898424,-0.8387934454048734,0,0,0,0,0.029626953070408756,0.20936689147063237
ESP,Spain,Southern Europe,Mediterranean / Semi-Arid,1981,15.03240015360983,429.9,0.45073974021693725,-62.23666666666668,0.6228645585041566,59.39999999999998,-0.839887495760976,,-0.13246859717357,14.5493457170323,61.91,-0.0840637396663095,-0.29236168825031067,0,0,0,0,0.20316631341083208,-0.28052538965301455
ESP,Spain,Southern Europe,Mediterranean / Semi-Arid,1982,14.748751280081926,453.5,0.16709086668903175,-38.636666666666684,-0.2836488735279037,23.600000000000023,0.640409181894213,,1.2464617922282,14.4150020548327,72.09,-0.418117856251917,-0.0752608554414272,0,0,0,0,0.02791935773089178,-0.0645583411930856
ESP,Spain,Southern Europe,Mediterranean / Semi-Arid,1983,14.925771889400922,419.79999999999995,0.3441114760080277,-72.33666666666669,0.17702060931899588,-33.700000000000045,1.27551467801025,,1.77011581051299,12.17407273517,62.14,-0.20964016153022272,-0.38527348534224826,0,0,0,0,0.11841270792042344,-0.2489187713616737
ESP,Spain,Southern Europe,Mediterranean / Semi-Arid,1984,14.044796996662958,482.6,-0.5368634167299354,-9.536666666666676,-0.8809748927379637,62.80000000000007,1.36289715502605,,1.78468751370853,11.2802765604036,77.44,-1.2471668961418723,0.19243551043732335,0,0,0,0,0.2882223282229403,0.05119887450881156
ESP,Spain,Southern Europe,Mediterranean / Semi-Arid,1985,15.378566948284691,389.8,0.7969065348917962,-102.33666666666667,1.3337699516217327,-92.80000000000001,1.95132909180683,,2.3214357659951,8.81445506678391,74.04,0.3236179174054039,-0.661249120268795,0,0,0,0,0.6350600253532496,-0.8155275842571013
ESP,Spain,Southern Europe,Mediterranean / Semi-Arid,1986,14.745226574500768,425.0,0.16356616110787411,-67.13666666666671,-0.6333403737839234,35.19999999999999,2.94527939063278,,3.25332169179885,8.79493932290324,72.74,-0.4222689124309648,-0.337437708621647,0,0,0,0,0.02675388905956703,-0.10981286836245649
ESP,Spain,Southern Europe,Mediterranean / Semi-Arid,1987,15.315232974910394,611.5,0.7335725615175003,119.36333333333332,0.5700064004096266,186.5,5.2737629750186,,5.54712273579352,5.24801863489591,84.31,0.24902930979958035,1.3782108218383864,0,0,0,0,0.5381287030113467,0.8756166618460054
ESP,Spain,Southern Europe,Mediterranean / Semi-Arid,1988,14.789708935854653,416.90000000000003,0.20804852246175942,-75.23666666666666,-0.5255240390557407,-194.59999999999997,4.87169199713344,,5.09432412898086,4.83727066490357,72.24,-0.3698819040113737,-0.4119511300518142,0,0,0,0,0.043284187698521215,-0.15652877334947907
ESP,Spain,Southern Europe,Mediterranean / Semi-Arid,1989,15.849893753200206,634.2,1.268233339807312,142.06333333333333,1.0601848173455526,217.3,4.66281523950552,,4.82703031299745,6.791435840251,79.59,0.8787008884071544,1.5870323855994737,0,0,1,0,1.608415804198809,1.8016945569749279
ESP,Spain,Southern Europe,Mediterranean / Semi-Arid,1990,15.47930619559652,323.0,0.8976457822036247,-169.13666666666668,-0.37058755760368634,-311.20000000000005,3.67576794722082,,3.7813935513235,6.72181952228664,83.44,0.44225882666655475,-1.275754867371906,0,1,0,0,0.8057679503079572,-1.5182481544931374
ESP,Spain,Southern Europe,Mediterranean / Semi-Arid,1991,14.853580389144904,406.4,0.27191997575201127,-85.7366666666667,-0.6257258064516158,83.39999999999998,2.28532468887114,,2.54600049647455,5.9342134433593,76.66,-0.2946603047201822,-0.5085426022761059,0,0,0,0,0.0739404732129744,-0.2331351232105828
ESP,Spain,Southern Europe,Mediterranean / Semi-Arid,1992,14.494842417500927,353.0,-0.08681799589196708,-139.13666666666668,-0.35873797164397736,-53.39999999999998,0.436115155748553,,0.929215482921151,5.92453126228488,79.36,-0.7171470740584436,-0.9997792324453593,0,0,0,0,0.007537364410697613,0.12079566555088661
ESP,Spain,Southern Europe,Mediterranean / Semi-Arid,1993,13.859180747567843,391.3,-0.7224796658250497,-100.83666666666667,-0.6356616699330839,38.30000000000001,-1.54335835145426,,-1.03149183695307,4.56907173681805,74.06,-1.4657677012295127,-0.6474503385224676,0,0,0,0,0.5219768675306755,0.7285244123624527
ESP,Spain,Southern Europe,Mediterranean / Semi-Arid,1994,15.644864311315922,271.5,1.0632038979230303,-220.63666666666666,1.78568356374808,-119.80000000000001,1.89690694701672,,2.38319537908909,4.71841373967333,68.71,0.6372371088023477,-1.749513040662478,0,1,0,0,1.1304025285587254,-2.345817640247443
ESP,Spain,Southern Europe,Mediterranean / Semi-Arid,1995,16.27094982078853,342.6,1.6892894073956362,-149.53666666666666,0.6260855094726079,71.10000000000002,2.30495702556625,3.87455758605481,2.75749400293542,4.67380337624701,58.94,1.3745798634998925,-1.0954507858865619,0,0,0,1,2.8536987019391,-2.526107070172521
ESP,Spain,Southern Europe,Mediterranean / Semi-Arid,1996,15.093730070448649,609.4,0.5120696570557528,117.26333333333335,-1.1772197503398818,266.79999999999995,2.18092390343854,4.37962474383674,2.60741117110229,3.55884559338561,85.26,-0.011835315364657093,1.3588925273935284,0,0,0,0,0.2622153336771963,0.6004699488521443
ESP,Spain,Southern Europe,Mediterranean / Semi-Arid,1997,15.713641193036354,660.2,1.1319807796434607,168.06333333333333,0.6199111225877054,50.80000000000007,3.15405367665298,4.29484499133863,3.58729972356299,1.97107395582926,94.27,0.7182358456521554,1.826211269202481,0,0,1,0,1.281380485482217,1.9024446309614549
ESP,Spain,Southern Europe,Mediterranean / Semi-Arid,1998,15.29593958013313,376.5,0.7142791667402347,-115.63666666666668,-0.4177016129032243,-283.70000000000005,3.87121830463626,4.14483430202733,4.30197745333581,1.83432999908414,86.06,0.22630742175505494,-0.7835983184195642,0,0,0,0,0.510194728039124,-0.8259686191128495
ESP,Spain,Southern Europe,Mediterranean / Semi-Arid,1999,15.1843407578085,408.9,0.6026803444156061,-83.23666666666666,-0.11159882232463048,32.39999999999998,3.98652877279852,3.81323898515226,4.40886545305924,2.31034813987063,84.93,0.09487715890939502,-0.48554463269889336,0,0,0,0,0.3632235975449136,-0.5016510293467367
ESP,Spain,Southern Europe,Mediterranean / Semi-Arid,2000,15.425679458657768,446.7,0.8440190452648735,-45.43666666666669,0.24133870084926912,37.80000000000001,4.73130032942612,3.7443114170073,5.20064125553942,3.43351563418764,95.06,0.3791024600974456,-0.13781533269144453,0,0,0,0,0.7123681487698286,-0.3834941202001832
ESP,Spain,Southern Europe,Mediterranean / Semi-Arid,2001,15.556446492575525,365.6,0.9747860791826309,-126.53666666666666,0.13076703391775624,-81.09999999999997,3.20031684797794,3.67425723081839,3.91908880808811,3.58983413338117,94.06,0.533107182381735,-0.8838694657762093,0,0,0,0,0.9502079001682464,-1.2334618117283949
ESP,Spain,Southern Europe,Mediterranean / Semi-Arid,2002,15.530337301587302,452.4,0.9486768881944072,-39.73666666666668,-0.026109190988222508,86.79999999999995,1.31414120540325,3.48212189760772,2.75545611564098,3.06565685902211,92.29,0.5023583109977,-0.08537996205540054,0,0,0,0,0.8999878381942238,-0.37697257280551777
ESP,Spain,Southern Europe,Mediterranean / Semi-Arid,2003,15.861209677419355,548.9,1.2795492640264612,56.763333333333314,0.33087237583205287,96.5,1.0944115829832,3.42077756723389,2.9392895953076,3.03888839396661,105.08,0.8920276858005722,0.8023416636249918,0,0,0,0,1.6372463190706585,0.7263148139035532
ESP,Spain,Southern Europe,Mediterranean / Semi-Arid,2004,14.969402731429982,494.4,0.38774231803708975,2.263333333333314,-0.8918069459893729,-54.5,1.35058688382759,3.11780935959045,3.1145314799161,3.03924881090924,97.08,-0.15825598993586376,0.30098592684176506,0,0,0,0,0.15034410519677566,0.008775901131572724
ESP,Spain,Southern Europe,Mediterranean / Semi-Arid,2005,15.083650793650795,269.0,0.5019903802578995,-223.13666666666668,0.1142480622208133,-225.39999999999998,1.81657732789419,2.75836581828682,3.5512255846125,3.36881409750383,84.07,-0.023705709435506206,-1.7725110102396904,0,1,0,0,0.2519943418714706,-1.1201246014948019
ESP,Spain,Southern Europe,Mediterranean / Semi-Arid,2006,16.03179467485919,471.3,1.4501342614662966,-20.83666666666666,0.9481438812083933,202.3,2.29951501349761,2.40075384884813,4.04343515605099,3.51557576832123,96.05,1.0929261413938258,0.08848468794832418,0,0,0,0,2.1028893762784016,-0.30215964228086056
ESP,Spain,Southern Europe,Mediterranean / Semi-Arid,2007,14.6581541218638,382.0,0.07649370847090513,-110.13666666666668,-1.3736405529953881,-89.30000000000001,1.63463980710374,2.4946614560374,3.53350013165972,2.7867974580495,94.7,-0.5248143972157766,-0.7330027853496972,0,0,0,0,0.005851287435631823,-0.08424762071957256
ESP,Spain,Southern Europe,Mediterranean / Semi-Arid,2008,14.718739031022123,469.3,0.13707861762922943,-22.83666666666666,0.060584909158322375,87.30000000000001,-0.827648476802253,2.35367195478016,0.767165748290694,4.0753433595734,92.77,-0.453463370661066,0.07008631228655439,0,0,0,0,0.01879054741114049,-0.03130418697926168
ESP,Spain,Southern Europe,Mediterranean / Semi-Arid,2009,16.10261072708653,372.6,1.5209503136936393,-119.53666666666666,1.3838716960644089,-96.69999999999999,-4.61672962915983,2.24960158062983,-3.76813306940053,-0.287813083535241,94.21,1.1763264153757278,-0.8194751509600151,0,0,0,0,2.3132898567247797,-1.8180933066455867
ESP,Spain,Southern Europe,Mediterranean / Semi-Arid,2010,14.877788658474143,577.7,0.29612824508124835,85.5633333333333,-1.2248220686123883,205.10000000000002,-0.365660089983677,2.41740898393438,0.0941223116369514,1.79986457728769,97.54,-0.2661501543914901,1.0672782731544768,0,0,0,0,0.08769193753489989,0.25337719743301873
ESP,Spain,Southern Europe,Mediterranean / Semi-Arid,2011,15.934525089605735,387.0,1.3528646762128407,-105.13666666666666,1.0567364311315917,-190.70000000000005,-0.992358604711711,2.3625185975353,-0.639920636520344,3.19610188833792,100.81,0.9783714633922755,-0.6870068461952725,0,0,0,0,1.8302428321444741,-1.4223568250809735
ESP,Spain,Southern Europe,Mediterranean / Semi-Arid,2012,15.618259485848474,361.1,1.036599072455579,-131.03666666666666,-0.31626560375726065,-25.899999999999977,-2.92815897770406,2.39776671776239,-2.86511368637748,2.44612782366809,81.38,0.6059045272274401,-0.9252658110151913,0,0,0,0,1.0745376370157667,-1.3583248712433755
ESP,Spain,Southern Europe,Mediterranean / Semi-Arid,2013,15.018582309267792,415.1,0.4369218958748989,-77.03666666666666,-0.5996771765806823,54.0,-1.07017018206768,2.60946207875576,-1.42732224757626,1.40858109183009,111.56,-0.10033705578206326,-0.428509668147407,0,0,0,0,0.19090074309491598,-0.3365900645188263
ESP,Spain,Southern Europe,Mediterranean / Semi-Arid,2014,16.032800819252433,454.5,1.4511404058595379,-37.63666666666667,1.0142185099846408,39.39999999999998,1.83396646193863,2.52697678134345,1.52048593647231,-0.151114837527235,94.65,1.094111080619078,-0.06606166761054218,0,0,0,0,2.1058084775181842,-0.546160877418668
ESP,Spain,Southern Europe,Mediterranean / Semi-Arid,2015,16.37835189452125,288.3,1.7966914811283552,-203.83666666666667,0.34555107526881557,-166.2,4.14701193619516,2.72327046339292,4.06086672473866,-0.500365709903243,99.16,1.501067603126738,-1.5949666851036117,1,1,0,1,3.2281002783592028,-3.6623160254160014
ESP,Spain,Southern Europe,Mediterranean / Semi-Arid,2016,16.14508188110246,528.8,1.5634214677095652,36.66333333333335,-0.23327001341878884,240.49999999999994,2.83577124069477,2.81522075003094,2.91515598595787,-0.202598000426358,106.19,1.2263448189699364,0.6174379882242058,0,0,0,0,2.4442866856951313,0.5732024241112506
ESP,Spain,Southern Europe,Mediterranean / Semi-Arid,2017,16.637075652841784,347.40000000000003,2.0554152394488874,-144.73666666666668,0.4919937717393239,-181.39999999999992,2.64617061107108,2.80344676690393,2.89604207865007,1.95607633363954,98.65,1.805767337874568,-1.0512946842983146,1,0,0,1,4.224731806558727,-2.9749395037370046
ESP,Spain,Southern Europe,Mediterranean / Semi-Arid,2018,15.363579749103943,527.0,0.7819193357110485,34.863333333333316,-1.2734959037378406,179.59999999999997,1.93406292039191,2.70128254621885,2.39541124478878,1.67498136863799,121.45,0.30596744864045516,0.6008794501286125,0,0,0,0,0.6113978475588074,0.2726031444067284
ESP,Spain,Southern Europe,Mediterranean / Semi-Arid,2019,16.21889080901178,338.7,1.637230395618883,-153.43666666666667,0.8553110599078355,-188.3,1.23303741249605,2.51980122994951,1.96117850841711,0.699518994458648,102.04,1.3132698114869692,-1.1313276184270131,0,0,0,1,2.680523368338364,-2.512111744691093
ESP,Spain,Southern Europe,Mediterranean / Semi-Arid,2020,16.33640526510938,398.5,1.754744851716487,-93.63666666666667,0.11751445609760225,59.80000000000001,-11.3931290455953,2.78468031745976,-10.9400706350371,-0.322753017299649,116.68,1.4516669337087897,-0.5812161861400964,0,0,0,0,3.0791294946255157,-1.6430845876522613
ESP,Spain,Southern Europe,Mediterranean / Semi-Arid,2021,15.836410010240655,448.29999999999995,1.2547495968477616,-43.83666666666667,-0.4999952548687254,49.799999999999955,6.49336738803039,2.76824927112995,6.68314420473001,3.09313511976402,114.78,0.8628210444768845,-0.12309663216202855,0,0,0,0,1.57439655078962,-0.5500403982714972
ESP,Spain,Southern Europe,Mediterranean / Semi-Arid,2022,17.18869367639529,468.20000000000005,2.607033263002395,-23.936666666666667,1.3522836661546336,19.90000000000009,5.60841068844668,2.36964000049424,6.37031712129601,8.39057634118637,87.04,2.455409514340808,0.05996720567258092,1,0,0,0,6.7966224344009145,-0.6240368620540067
ESP,Spain,Southern Europe,Mediterranean / Semi-Arid,2023,16.66935355862775,488.0,2.087693145234858,-4.136666666666702,-0.5193401177675376,19.799999999999955,1.26057958891062,2.6062235563618,2.46085796805582,3.53236133492433,,1.8437811229055356,0.24211112472410154,1,0,0,0,4.358462668660614,-0.08636090644121605
FRA,France,Western Europe,Temperate Oceanic,1960,11.193162773451983,843.1,0.31955805833642276,56.41333333333335,,,,10.1484983970751,,4.13993575518437,,-0.2749092138972839,0.8080164635840185,0,0,0,0,0.10211735264774457,0.18027335264285402
FRA,France,Western Europe,Temperate Oceanic,1961,12.213511264720943,652.0,1.3399065496053815,-134.68666666666667,1.02034849126896,-191.10000000000002,3.86638337263079,8.71811104626433,4.94642545980355,2.40046104546311,65.75,0.9253189203097585,-1.1018037231428108,0,0,0,0,1.7953495616753985,-1.8046754681118349
FRA,France,Western Europe,Temperate Oceanic,1962,10.208492703533027,668.1,-0.6651120115825345,-118.58666666666667,-2.0050185611879154,16.100000000000023,5.78849953083436,9.42435111401664,6.85626464484753,5.33128007065639,83.29,-1.4331690936747943,-0.9409031213306603,0,0,0,0,0.44237398795136557,0.7887341641353416
FRA,France,Western Europe,Temperate Oceanic,1963,9.89848886328725,710.0,-0.9751158518283107,-76.68666666666667,-0.310003840245777,41.89999999999998,5.04387858193047,8.46106644330133,6.1033388581149,4.9991528979685,74.98,-1.7978242423411812,-0.5221618035710888,0,0,0,0,0.950850924486852,0.7477838429054039
FRA,France,Western Europe,Temperate Oceanic,1964,10.885836423186257,680.8,0.012231708070695993,-105.88666666666666,0.9873475598990069,-29.200000000000045,5.4524483404827,7.65134955635797,6.58280685437494,3.21119170293105,75.69,-0.6364148515577636,-0.8139815285968521,0,0,0,0,0.0001496146823267295,-0.01295174795245763
FRA,France,Western Europe,Temperate Oceanic,1965,10.511926523297491,1014.0,-0.36167819181806965,227.31333333333336,-0.37390989988876555,333.20000000000005,3.83774871392582,7.45518882827474,4.83875011249243,2.70310455873084,80.94,-1.0762422099016882,2.5159613610806963,0,0,1,0,0.1308111144367884,-0.8221427537613815
FRA,France,Western Europe,Temperate Oceanic,1966,11.319857270865336,907.0,0.44625255574977496,120.31333333333333,0.8079307475678448,-107.0,4.25656125851283,7.2562559484233,5.16354274190655,2.60200076636451,73.65,-0.12587944461168027,1.4466219577328638,0,0,0,0,0.199141343513206,0.5369013249077459
FRA,France,Western Europe,Temperate Oceanic,1967,11.038719278033794,738.2,0.16511456291823365,-48.48666666666667,-0.2811379928315425,-168.79999999999995,3.95225786940368,7.22912170874241,4.80177080876672,2.79177709435142,79.22,-0.4565799175170387,-0.24033590474483774,0,0,0,0,0.027262818887679337,-0.08005854774028756
FRA,France,Western Europe,Temperate Oceanic,1968,10.583364231862562,942.6,-0.29024048325299706,155.91333333333333,-0.45535504617123124,204.39999999999998,3.74594449516368,6.99929805727027,4.54401821190027,4.54320486402014,82.27,-0.9922105791434058,1.802402170435507,0,0,1,0,0.08423953811893327,-0.4525236121225228
FRA,France,Western Europe,Temperate Oceanic,1969,10.69954813108039,774.0,-0.1740565840351713,-12.68666666666666,0.11618389921782679,-168.60000000000002,6.21456747145352,6.36707415175108,7.09364697994077,6.045962841739,74.9,-0.8555443462079446,0.11744307319770808,0,0,0,0,0.030295694445992647,0.02208197862792872
FRA,France,Western Europe,Temperate Oceanic,1970,10.696189836149514,836.2,-0.1774148789660469,49.51333333333332,-0.0033582949308748056,62.200000000000045,5.23806196732815,6.32350889683139,6.20017438615466,5.29964124562667,83.98,-0.859494682875752,0.7390590628073823,0,0,0,0,0.03147603927853707,-0.08784402040538866
FRA,France,Western Europe,Temperate Oceanic,1971,10.487240783410138,855.0,-0.3863639317054222,68.31333333333335,-0.20894905273937603,18.799999999999955,4.30591766355121,5.79288542322588,5.29344622836985,5.39751865595111,81.67,-1.1052798571173663,0.9269429953582164,0,0,0,0,0.14927708772287215,-0.2639380805456975
FRA,France,Western Europe,Temperate Oceanic,1972,10.383624706463973,855.0,-0.48998000865158814,68.31333333333336,-0.10361607694616559,0.0,3.60082793884236,6.4680166974781,4.51410759995832,6.06300309718186,79.52,-1.227162656740352,0.9269429953582168,0,0,0,0,0.2400804088782104,-0.33472167657685503
FRA,France,Western Europe,Temperate Oceanic,1973,10.440335381464413,704.1,-0.4332693336511471,-82.58666666666664,0.05671067500044025,-150.89999999999998,5.33972143582457,6.45671939248342,6.19458406640176,7.38060106398917,93.17,-1.1604543230408026,-0.581125378148212,0,0,0,0,0.18772231548250903,0.3578227003513606
FRA,France,Western Europe,Temperate Oceanic,1974,11.089259472606246,827.6,0.21565475749068605,40.91333333333335,0.6489240911418328,123.5,3.72619321259258,5.13052303762004,4.41471376407343,13.6493174728138,87.97,-0.39712987279877215,0.6531121574915755,0,0,0,0,0.04650697442836661,0.08823154978135604
FRA,France,Western Europe,Temperate Oceanic,1975,10.656987967229902,764.3,-0.21661674788565768,-22.386666666666663,-0.4322715053763435,-63.30000000000007,-1.41569324890409,4.55482828580346,-0.945609616912307,11.6859272493228,78.64,-0.9056075417601692,0.02050295906243729,0,0,0,0,0.046922815464558586,0.048493269293335896
FRA,France,Western Europe,Temperate Oceanic,1976,11.452690643925349,655.0,0.5790859288097886,-131.68666666666667,0.7957026766954467,-109.29999999999995,3.89596423761951,4.30557383613474,4.33755647481964,9.62549578155533,77.77,0.03037143719241027,-1.0718222445442733,0,0,0,0,0.33534051294549555,-0.762578956785317
FRA,France,Western Europe,Temperate Oceanic,1977,10.791406169994879,921.9000000000001,-0.08219854512068114,135.21333333333337,-0.6612844739304702,266.9000000000001,3.07125680600552,4.08042323446105,3.55415568976466,9.49455467190426,74.38,-0.7474924368831775,1.5955299681055997,0,0,1,0,0.0067566008199566535,-0.11114339280917702
FRA,France,Western Europe,Temperate Oceanic,1978,10.532700972862264,729.7,-0.34090374225329717,-56.98666666666665,-0.2587051971326151,-192.20000000000005,3.47919733278744,3.9496921083797,3.94936216342872,9.25055846724441,84.58,-1.051805383607864,-0.32528342744069333,0,0,0,0,0.11621536148230246,0.1942696792520789
FRA,France,Western Europe,Temperate Oceanic,1979,10.524375960061443,914.6,-0.3492287550541168,127.91333333333331,-0.008325012800820986,184.89999999999998,3.2316775733437,3.91512497382701,3.69531078677157,10.6467341716662,93.22,-1.0615980325573922,1.5225750368491582,0,0,1,0,0.12196072335664833,-0.4467101415482226
FRA,France,Western Europe,Temperate Oceanic,1980,10.052564886911382,785.5,-0.8210398282041775,-1.1866666666666674,-0.4718110731500609,-129.10000000000002,1.13499020458092,3.41563785088454,1.67641337198611,13.5625788483016,91.14,-1.6165857929850702,0.23237207449210118,0,0,0,0,0.6741063994975454,0.009743005961356247
FRA,France,Western Europe,Temperate Oceanic,1981,10.698835765488992,997.8000000000001,-0.17476894962656897,211.11333333333334,0.6462708785776101,212.30000000000007,0.589285105722027,3.33926677836126,1.18831474293866,13.3144055680073,84.22,-0.8563822964102065,2.3540613766485943,0,0,1,0,0.0305441857535742,-0.368960555188304
FRA,France,Western Europe,Temperate Oceanic,1982,11.803058115719407,776.6,0.9294534006038454,-10.086666666666666,1.1042223502304154,-221.20000000000005,2.06907254844478,3.84065071640816,2.44251268690125,11.9784719523805,96.51,0.44250601724675775,0.1434270213164404,0,0,0,0,0.8638836238940524,-0.09375086634090787
FRA,France,Western Europe,Temperate Oceanic,1983,11.199206989247314,823.8,0.32560227413175136,37.11333333333332,-0.6038511264720938,47.19999999999993,0.717848547478113,3.3955486373867,1.26205761797051,9.45954847235315,87.88,-0.26779944903866193,0.6151356179334279,0,0,0,0,0.10601684091976817,0.1208418573394306
FRA,France,Western Europe,Temperate Oceanic,1984,10.655112161661105,828.1,-0.21849255345445587,41.413333333333334,-0.5440948275862088,4.300000000000068,1.11432810235115,3.16593850567096,1.60947146551595,7.67380262247318,98.32,-0.9078140375184702,0.6581090705913315,0,0,0,0,0.04773899591504825,-0.09048504947060533
FRA,France,Western Europe,Temperate Oceanic,1985,10.316703149001537,619.8,-0.5569015661140243,-166.88666666666668,-0.338409012659568,-208.30000000000007,1.06265235277525,3.15221803900914,1.56907436604108,5.83109973854514,97.44,-1.305881973462698,-1.4236049267671118,0,1,0,0,0.31013935434025297,0.9293944603021582
FRA,France,Western Europe,Temperate Oceanic,1986,10.611065668202764,875.3,-0.2625390469127958,88.61333333333334,0.29436251920122736,255.5,1.86751539834408,3.05818780099865,2.38953554470334,2.53852591781413,94.26,-0.959625591231966,1.1298176672083193,0,0,0,0,0.06892675115387918,-0.23264460077099214
FRA,France,Western Europe,Temperate Oceanic,1987,10.480243215565796,814.4,-0.39336149954976457,27.713333333333324,-0.13082245263696812,-60.89999999999998,1.99730005194385,2.92256792569356,2.55274621143047,3.28889821400136,99.69,-1.1135110427070634,0.5211936516580109,0,0,0,0,0.15473326932803944,-0.10901358357522471
FRA,France,Western Europe,Temperate Oceanic,1988,11.56059356074651,755.1,0.6869888456309479,-31.58666666666668,1.0803503451807135,-59.299999999999955,4.21003285861991,2.69305175565178,4.81422400170246,2.70081527508114,96.74,0.1572968138063303,-0.07144024197307741,0,0,0,0,0.4719536740213423,-0.21699687670662882
FRA,France,Western Europe,Temperate Oceanic,1989,12.109491807475678,554.0,1.2358870923601182,-232.68666666666667,0.5488982467291681,-201.10000000000002,3.78375169549521,2.95985320818883,4.40516927190527,3.49830220700752,97.37,0.8029616275230115,-2.081198690695031,0,1,0,0,1.5274169050623472,-2.875744478976347
FRA,France,Western Europe,Temperate Oceanic,1990,12.306709549411162,620.1,1.4331048342956016,-166.58666666666667,0.19721774193548391,66.10000000000002,2.268451182731,2.97794544466016,2.82962715326478,3.19428338029482,98.6,1.0349473505002376,-1.420606778907258,0,1,0,1,2.0537894660814238,-2.3873615732919
FRA,France,Western Europe,Temperate Oceanic,1991,10.945433307731696,556.4,0.07182859261613432,-230.2866666666667,-1.361276241679466,-63.700000000000045,0.729685951027619,2.47177542612757,1.23666248297356,3.21340732409677,91.09,-0.5663114916228008,-2.057213507816201,0,1,0,0,0.005159346717214586,-0.16541167164927523
FRA,France,Western Europe,Temperate Oceanic,1992,11.288792176492398,725.1,0.4151874613768382,-61.58666666666665,0.34335886876070276,168.70000000000005,1.01174283165568,2.45934288583764,1.5160611169627,2.36376046269356,100.14,-0.1624210777666681,-0.3712550279584506,0,0,0,0,0.17238062808454352,-0.25570011787994873
FRA,France,Western Europe,Temperate Oceanic,1993,11.132435355862775,731.2,0.25883064074721435,-55.48666666666668,-0.15635682062962353,6.100000000000023,-0.791444096179944,2.17161277383409,-0.35899781051468,2.10446277124642,90.41,-0.34634241121368486,-0.31029268814142497,0,0,0,0,0.06699330058961353,-0.1436164948626044
FRA,France,Western Europe,Temperate Oceanic,1994,12.380674603174604,858.0,1.5070698880590427,71.3133333333333,1.2482392473118296,126.79999999999995,2.00092888436674,2.27070751919673,2.38366086110145,1.65551532926999,91.26,1.121951878104932,0.9569244739567535,0,0,0,0,2.2712596474942957,1.0747417728378383
FRA,France,Western Europe,Temperate Oceanic,1995,11.928164362519203,763.3,1.054559647403641,-23.386666666666663,-0.4525102406554016,-94.70000000000005,1.93291761763854,2.313383133861,2.30479278392259,1.79648142095589,93.05,0.5896675394708192,0.010509132862924838,0,0,0,0,1.1120960499320915,-0.2466263495394648
FRA,France,Western Europe,Temperate Oceanic,1996,10.848509763935239,822.8,-0.02509495118032375,36.113333333333344,-1.0796545985839643,59.5,1.03528502888366,2.27526049667286,1.39707987198881,1.98288365089739,101.55,-0.6803219156367404,0.6051417917339157,0,0,0,0,0.0006297565747428324,-0.009062623369587585
FRA,France,Western Europe,Temperate Oceanic,1997,12.011164874551971,624.3,1.1375601594364106,-162.38666666666666,1.1626551106167327,-198.5,2.16193589623612,2.21545959227374,2.5270616339357,1.20394294026964,101.95,0.6873004076014205,-1.3786327088693056,0,1,0,0,1.294043116336992,-1.8472460242368058
FRA,France,Western Europe,Temperate Oceanic,1998,11.328612391193039,672.7,0.4550076760774761,-113.98666666666668,-0.6825524833589327,48.40000000000009,3.06997018708124,2.2355571969051,3.45259434279616,0.651126867833073,103.3,-0.1155808634645602,-0.8949315208129032,0,0,0,0,0.20703198528942543,-0.5186480830381791
FRA,France,Western Europe,Temperate Oceanic,1999,11.839311955965181,846.0,0.9657072408496216,59.31333333333335,0.5106995647721426,173.29999999999995,2.86728569454124,2.11672166680524,3.39930808809441,0.537141639134596,106.61,0.4851511325268453,0.8369985595626045,0,0,0,0,0.932590475029389,0.5727931547892724
FRA,France,Western Europe,Temperate Oceanic,2000,12.064747868001483,798.7,1.191143152885923,12.01333333333335,0.22543591203630164,-47.299999999999955,3.42869029655284,1.98449655121117,4.14099996402915,1.67595988720928,103.98,0.7503296733899699,0.3642905803256657,0,0,0,0,1.4188220106670175,0.14309599743336243
FRA,France,Western Europe,Temperate Oceanic,2001,11.437865463389656,782.4,0.5642607482740966,-4.286666666666655,-0.6268824046118269,-16.300000000000068,1.1593271284506,2.00226015670254,1.89946701186636,1.63478079549599,95.4,0.012932690601520358,0.2013912132736127,0,0,0,0,0.31839019204284336,-0.024187977409349536
FRA,France,Western Europe,Temperate Oceanic,2002,12.18455069124424,750.4,1.310945976128679,-36.28666666666667,0.7466852278545844,-32.0,0.335619014023663,1.90378389721189,1.06775027069419,1.92341228727064,103.96,0.8912528190052129,-0.11841122511078582,0,0,0,0,1.718579352327975,-0.4756985965378933
FRA,France,Western Europe,Temperate Oceanic,2003,12.513887608806963,726.9,1.6402828936914033,-59.786666666666655,0.3293369175627223,-23.5,0.257866805308325,1.74560664256609,0.967827182558352,2.09847219146919,89.85,1.2786493188032544,-0.3532661407993282,0,0,0,0,2.6905279713366435,-0.9806704660416334
FRA,France,Western Europe,Temperate Oceanic,2004,11.449895871956494,709.9,0.5762911568409345,-76.78666666666669,-1.0639917368504683,-17.0,2.11736543407739,1.72018557547967,2.86825052501032,2.14208964640239,106.67,0.02708396827917624,-0.5231611861910402,0,0,0,0,0.3321114974530625,-0.4425147696329257
FRA,France,Western Europe,Temperate Oceanic,2005,11.595708525345621,606.1,0.7221038102300614,-180.58666666666667,0.14581265338912708,-103.79999999999995,1.1253537135494,1.58270403235962,1.88856584109286,1.74586936380487,99.78,0.19860227836493957,-1.5605203457004322,0,1,0,0,0.5214339127487726,-1.3040232007674604
FRA,France,Western Europe,Temperate Oceanic,2006,12.16512736815156,751.6,1.2915226530360007,-35.08666666666666,0.5694188428059395,145.5,2.00131130247657,1.42706409375236,2.71406448755236,1.67512449608726,96.17,0.8684053124570988,-0.10641863367137078,0,0,0,0,1.6680307633051497,-0.45315224819523137
FRA,France,Western Europe,Temperate Oceanic,2007,11.705169610855094,739.0,0.831564895739534,-47.68666666666668,-0.4599577572964666,-12.600000000000023,1.89856745333175,1.516727357675,2.53048188351066,1.4879980595386,93.28,0.3273605169015819,-0.23234084378522787,0,0,0,0,0.691500175826302,-0.3965455799483259
FRA,France,Western Europe,Temperate Oceanic,2008,11.186965455444321,806.5,0.31336074032875966,19.813333333333347,-0.518204155410773,67.5,-0.178410661195599,1.42030674677991,0.380171435849121,2.81286194914785,100.16,-0.28219907171848246,0.44224242468186276,0,0,0,0,0.09819495357938834,0.06208720801713829
FRA,France,Western Europe,Temperate Oceanic,2009,11.735572836661547,683.3,0.8619681215459857,-103.38666666666668,0.5486073812172254,-123.20000000000005,-3.32212444604225,1.23241577481447,-2.82455153714783,0.0876204781574653,103.75,0.36312359911888503,-0.7889969630980713,0,0,0,0,0.7429890425615151,-0.8911601085956766
FRA,France,Western Europe,Temperate Oceanic,2010,10.603961213517666,786.3,-0.2696435015978954,-0.38666666666667737,-1.1316116231438809,103.0,1.49872466177408,1.50088040274637,2.00032476039051,1.53112270420919,98.02,-0.9679825069957665,0.24036713545171104,0,0,0,0,0.07270761795397422,0.0010426215395118912
FRA,France,Western Europe,Temperate Oceanic,2011,12.698519585253457,640.3,1.8249148701378957,-146.38666666666666,2.0945583717357916,-146.0,1.94433505424516,1.55137276231397,2.43757653729007,2.11159795175,100.82,1.4958305019985547,-1.2187314896771064,0,1,0,1,3.3303142832504125,-2.671432047899194
FRA,France,Western Europe,Temperate Oceanic,2012,11.707702385366455,724.5,0.8340976702508955,-62.18666666666668,-0.9908171998870028,84.20000000000005,-0.299598729272304,1.52594468949115,0.183835264973013,1.9541953161351,97.23,0.33033980020738474,-0.3772513236781584,0,0,0,0,0.6957189235179717,-0.518697537873357
FRA,France,Western Europe,Temperate Oceanic,2013,11.119238991295441,837.7,0.24563427617988254,51.01333333333333,-0.5884633940710131,113.20000000000005,0.26214454973659,1.36140137870511,0.781756446231,0.863715497861804,96.03,-0.36186519402612066,0.754049802106651,0,0,0,0,0.060336197634414813,0.1253062320885641
FRA,France,Western Europe,Temperate Oceanic,2014,12.618919610855095,754.8,1.745314895739534,-31.88666666666665,1.499680619559653,-82.90000000000009,0.519383764691739,1.46154600121993,0.997832947295251,0.50775882293799,105.3,1.4021976603051665,-0.07443838983293084,0,0,0,0,3.0461240852903,-0.5565227430881456
FRA,France,Western Europe,Temperate Oceanic,2015,12.527083333333335,599.1,1.653478618217773,-187.58666666666664,-0.09183627752175916,-155.69999999999993,0.708030590350688,1.50360116027898,1.06675474783462,0.0375143805125182,103.95,1.2941713487403967,-1.630477129097019,0,1,0,1,2.733991540903356,-3.1017054239607793
FRA,France,Western Europe,Temperate Oceanic,2016,11.907323569398097,785.9,1.0337188542825364,-0.7866666666666831,-0.6197597639352388,186.79999999999995,0.594243752389232,1.33798472564444,0.860031075424033,0.183334861123765,90.75,0.5651526737585859,0.236369604971906,0,0,0,0,1.0685746696991998,-0.008131921653689455
FRA,France,Western Europe,Temperate Oceanic,2017,11.954989759344599,760.2,1.0813850442290374,-26.48666666666668,0.04766618994650251,-25.699999999999932,1.78779549384231,1.43496006533197,2.08361485997399,1.03228275064681,103.14,0.6212220487944599,-0.02047172835556391,0,0,0,0,1.1693936138822372,-0.28642285204813117
FRA,France,Western Europe,Temperate Oceanic,2018,12.93594982078853,768.1,2.06234510567297,-18.58666666666663,0.9809600614439304,7.899999999999977,1.28216603702126,1.53110170543578,1.64590872395887,1.85081508315493,95.93,1.775117873949482,0.05847949862058492,1,0,0,0,4.253267334893254,-0.38332121030774857
FRA,France,Western Europe,Temperate Oceanic,2019,12.764238351254482,708.9,1.8906336361389198,-77.78666666666666,-0.17171146953404737,-59.200000000000045,1.68870844116209,1.40828485472535,2.02744646419237,1.10825492288294,98.39,1.5731349843148879,-0.5331550123905524,1,0,0,0,3.574495546099873,-1.470660884431261
FRA,France,Western Europe,Temperate Oceanic,2020,13.349488011370658,662.4,2.475883296255098,-124.28666666666666,0.5852496601161761,-46.5,-7.74056751254994,1.4604342657704,-7.44064589948231,0.476498852725065,89.97,2.26155968785217,-0.9978679306678813,1,0,0,0,6.129998096675009,-3.0771928194722524
FRA,France,Western Europe,Temperate Oceanic,2021,11.57770737327189,811.4,0.7041026581563289,24.713333333333345,-1.7717806380987682,149.0,6.50155219757207,1.46334541457898,6.88233783360239,1.64233141038394,96.52,0.17742766072017438,0.49121217305947373,0,0,0,0,0.49576055322280815,0.17400723691903416
FRA,France,Western Europe,Temperate Oceanic,2022,13.2146678187404,661.4,2.3410631036248386,-125.28666666666666,1.6369604454685103,-150.0,2.20208858513766,1.72017137018833,2.71676264185913,5.22236748369725,94.72,2.1029717253680893,-1.0078617568673938,1,0,0,1,5.480576455153562,-2.9330399270947725
FRA,France,Western Europe,Temperate Oceanic,2023,13.196060547875064,884.6,2.3224558327595033,97.91333333333333,-0.018607270865336645,223.20000000000005,1.16054609449012,1.48475796304424,1.43921494437743,4.8783572650844,,2.081084134819872,1.222760250863785,1,0,0,0,5.393801095118638,2.273993921049255
IND,India,South Asia,Monsoonal / Tropical,1960,25.867875417130147,1192.5,0.24587653609830973,4.283333333333333,,,,41.7413351234112,,1.77987784677391,,0.4620625879469742,-0.0271857696603354,0,0,0,0,0.060455271003703404,0.010531711629544267
IND,India,South Asia,Monsoonal / Tropical,1961,25.17461149513569,1765.1000000000001,-0.4473873858961464,576.8833333333333,-0.6932639219944576,572.6000000000001,1.26664879329974,41.0924821982676,3.72274253269822,1.69521293914433,24.73,-1.3430127659087367,1.8311626527991332,0,0,1,0,0.20015547305898743,-2.5809032646705528
IND,India,South Asia,Monsoonal / Tropical,1962,25.26207245263697,1076.6000000000001,-0.3599264283948657,-111.61666666666665,0.08746095750128191,-688.5,0.518501927079271,39.0659687962891,2.93112773665958,3.63221497106987,24.48,-1.1152876329521626,-0.4033341841958792,0,0,0,0,0.1295470338570844,0.4017378818267359
IND,India,South Asia,Monsoonal / Tropical,1963,26.024195468509987,1194.1000000000001,0.4021965874781503,5.883333333333313,0.7621230158730157,117.5,3.53649105229069,39.825351677532,5.99435326095178,2.94616135685225,25.2,0.869078535419667,-0.021993039174944006,0,0,0,0,0.1617620949790694,0.023662565896631096
IND,India,South Asia,Monsoonal / Tropical,1964,25.986789333827705,1314.8,0.36479045279587413,126.5833333333333,-0.037406134682282044,120.69999999999982,4.96611887025713,41.3437167110651,7.45295012232975,13.3552611508153,25.85,0.7716828832649542,0.36973356681677416,0,0,0,0,0.13307207445101887,0.46176391483077717
IND,India,South Asia,Monsoonal / Tropical,1965,26.1990188172043,777.7,0.5770199361724654,-410.51666666666677,0.2122294833765963,-537.0999999999999,-4.80310349882166,39.3846972550148,-2.63577010985361,9.47475859170695,24.33,1.3242721608123853,-1.3734011479980717,0,1,0,1,0.33295200674047604,-2.368763007977333
IND,India,South Asia,Monsoonal / Tropical,1966,26.277472478238607,935.5,0.6554735972067723,-252.71666666666675,0.07845366103430607,157.79999999999995,-2.17104368549663,40.3516512369392,-0.0553287698318314,10.8018483489341,24.09,1.5285446830941811,-0.8612681038763389,1,0,0,0,0.429645636635186,-1.6564910257410488
IND,India,South Asia,Monsoonal / Tropical,1967,26.018859447004605,1446.2,0.396860565972774,257.9833333333333,-0.2586130312340025,510.70000000000005,5.53582268678396,42.7515580248472,7.82596303033105,13.062202477797,25.99,0.8551849508822104,0.7961865579295477,0,0,0,0,0.15749830882423052,1.0238341167820946
IND,India,South Asia,Monsoonal / Tropical,1968,25.401236559139786,1349.6000000000001,-0.22076232189205017,161.38333333333327,-0.6176228878648189,-96.59999999999991,1.19038521123345,42.0860273767475,3.38792917600242,3.23741242627507,27.37,-0.7529412150585275,0.48267545487403835,0,0,0,0,0.048736002767169176,-0.3562735938134535
IND,India,South Asia,Monsoonal / Tropical,1969,25.987788658474145,1226.1999999999998,0.36578977744230823,37.98333333333321,0.5865520993343587,-123.40000000000032,4.31191269233454,41.5849235838776,6.53970029628042,-0.584136610466281,28.36,0.7742848595578923,0.08218611618822183,0,0,0,0,0.13380216128129338,0.13893915046516964
IND,India,South Asia,Monsoonal / Tropical,1970,25.194178187403992,1198.8,-0.42782069362784075,10.583333333333258,-0.7936104710701528,-27.399999999999864,2.84864261720234,40.2896134622547,5.15722973608261,5.09226161997545,30.19,-1.2920662896109552,-0.006739393374106774,0,0,0,0,0.1830305458962068,-0.045277690075612824
IND,India,South Asia,Monsoonal / Tropical,1971,24.723543906810036,1729.7000000000003,-0.898454974221799,541.4833333333333,-0.4706342805939556,530.9000000000003,-0.58483608965598,38.6333911913009,1.64293038388766,3.07993868406546,30.62,-2.5174731132283545,1.7162734908098471,0,0,1,0,0.8072213407038935,-4.864983942915337
IND,India,South Asia,Monsoonal / Tropical,1972,26.076930231121,1097.4,0.45493135008916497,-90.81666666666672,1.3533863243109643,-632.3000000000002,-2.7123915885177,38.6268263019613,-0.553301312377712,6.44209746158235,28.87,1.0063858685442884,-0.33582868788579046,0,0,0,0,0.20696253329395037,-0.41315348777264355
IND,India,South Asia,Monsoonal / Tropical,1973,25.667391833077318,1615.0,0.045392952045481515,426.78333333333325,-0.40953839804368286,517.5999999999999,0.996957418265112,41.6038246201552,3.29552113522354,16.9408159791736,31.4,-0.05994348354352226,1.3440196241383466,0,0,0,0,0.0020605200954033846,0.19372955383810747
IND,India,South Asia,Monsoonal / Tropical,1974,25.716420250896054,1026.9,0.09442136986422216,-161.31666666666675,0.0490284178187359,-588.0999999999999,-1.11546097149807,38.8780587034235,1.18533626034039,28.5987340775089,29.91,0.06771351090751253,-0.5646333748983517,0,0,0,0,0.00891539508703624,-0.15231740648596778
IND,India,South Asia,Monsoonal / Tropical,1975,25.372062211981568,1385.1000000000001,-0.24993666905026815,196.88333333333324,-0.3443580389144856,358.20000000000005,6.60232102685482,35.9969148408834,9.14991201480592,5.74843029767442,33.48,-0.8289034761100276,0.5978891625186612,0,0,0,0,0.06246833853594327,-0.49208364524846937
IND,India,South Asia,Monsoonal / Tropical,1976,25.779984859720674,1057.5,0.1579859786888426,-130.71666666666678,0.407922647739106,-327.60000000000014,-0.700735579459177,34.3120367117561,1.66310363661279,-7.63394763392881,32.69,0.23321889078752756,-0.46532240436524014,0,0,0,0,0.024959569462271427,-0.2065140051427656
IND,India,South Asia,Monsoonal / Tropical,1977,25.75475358422939,1482.8000000000002,0.13275470319755556,294.58333333333337,-0.0252312754912829,425.3000000000002,4.75429678592927,35.777144264307,7.25476458583569,8.30747009171166,35.59,0.16752334239574196,0.9149702677828777,0,0,0,0,0.017623811221071067,0.39107322983613246
IND,India,South Asia,Monsoonal / Tropical,1978,24.988173323092678,1090.0,-0.6338255579391561,-98.21666666666665,-0.7665802611367134,-392.8000000000002,3.306071277214,34.2739627109778,5.71253208900188,2.52304875695179,37.16,-1.8284483102892484,-0.3598450663807257,0,0,0,0,0.40173483789688247,0.6225223354892411
IND,India,South Asia,Monsoonal / Tropical,1979,26.039566692268306,779.1,0.41756781123647,-409.1166666666667,1.0513933691756279,-310.9,-7.41642471084822,32.8255300200485,-5.2381827027895,6.27568336762338,34.56,0.9091011246306,-1.3688575088233537,0,1,0,0,0.17436287698081626,-1.7083395104036052
IND,India,South Asia,Monsoonal / Tropical,1980,26.157694042763566,1864.6,0.5356951617317298,676.3833333333333,0.11812735049526069,1085.5,4.22047070908258,34.4088678062413,6.7358215279985,11.3460734795095,35.62,1.216673410206675,2.1540855798594145,0,0,1,0,0.28696930630278417,3.6233527914264654
IND,India,South Asia,Monsoonal / Tropical,1981,25.211308243727597,822.9,-0.4106906373042373,-365.3166666666667,-0.9463857990359692,-1041.6999999999998,3.54437832488188,33.2976974188253,6.00620362381767,13.112546897642,38.34,-1.2474641669576665,-1.2267065117857627,0,1,0,0,0.16866679956936062,1.5003213465119298
IND,India,South Asia,Monsoonal / Tropical,1982,25.400941500256014,1503.5,-0.22105738077581805,315.28333333333325,0.1896332565284169,680.6,1.08860680328846,32.3267496865056,3.47573324031237,7.89074279377487,37.32,-0.7537094701229095,0.9821512184376293,0,0,0,0,0.04886636559546501,-0.6969570786893581
IND,India,South Asia,Monsoonal / Tropical,1983,25.089764464925754,962.5,-0.5322344161060801,-225.71666666666675,-0.3111770353302603,-541.0,4.80675111968445,32.6065348775622,7.28889290124586,11.8680812986734,42.12,-1.563931925583437,-0.7736407769353579,0,0,0,0,0.28327347368778005,1.2013417828874409
IND,India,South Asia,Monsoonal / Tropical,1984,25.345024718823385,988.5000000000001,-0.27697416220845056,-199.71666666666673,0.25526025389763163,26.000000000000114,1.41351916752743,31.3805304117853,3.8207378559735,8.31890711860072,42.71,-0.8993019361791321,-0.6892589065477467,0,0,0,0,0.07671468653107308,0.553163564290644
IND,India,South Asia,Monsoonal / Tropical,1985,25.67051779313876,832.8000000000001,0.0485189121069259,-355.41666666666663,0.325493074315375,-155.70000000000005,2.83325352794432,29.7181383564993,5.25429922330889,5.55642423236554,43.34,-0.051804312752956196,-1.1945764919074027,0,0,0,0,0.002354084832039601,-0.17244430011336578
IND,India,South Asia,Monsoonal / Tropical,1986,25.71110407066052,1249.6,0.08910518962868696,61.38333333333324,0.04058627752176136,416.79999999999984,2.38574323304699,28.6411462697276,4.77656417048946,8.72972072702581,43.12,0.05387158777351716,0.158129799537072,0,0,0,0,0.007939734818764263,0.054695735567075604
IND,India,South Asia,Monsoonal / Tropical,1987,25.803511264720942,703.5,0.18151238368910713,-484.71666666666675,0.09240719406042075,-546.0999999999999,1.62095076252291,27.9723784011745,3.96535563390576,8.80112581251833,42.34,0.2944754086640555,-1.6142140242581005,0,1,0,0,0.032946745432501645,-0.8798207758050506
IND,India,South Asia,Monsoonal / Tropical,1988,26.023871585712516,1109.4,0.4018727046806851,-78.81666666666666,0.2203603209915741,405.9000000000001,7.18812238275834,28.7698223693608,9.62778291984834,9.38347186185336,47.62,0.8682352305300077,-0.29688320924535433,0,0,0,0,0.16150167076736913,-0.3167426700724933
IND,India,South Asia,Monsoonal / Tropical,1989,25.478133640552997,753.8000000000001,-0.14386524047883942,-434.4166666666667,-0.5457379451595195,-355.6,3.60602407711301,27.8396057996888,5.94734332826503,7.07428002942296,50.89,-0.5527216132031568,-1.4509675596236062,0,1,0,0,0.020697207418034297,0.6249745821801583
IND,India,South Asia,Monsoonal / Tropical,1990,25.123045314900153,1307.3,-0.498953566131681,119.08333333333327,-0.35508832565284365,553.4999999999999,3.2235163449005,27.5848881365411,5.53345456306495,8.97123250273255,50.83,-1.4772774205122245,0.3453926426665016,0,0,0,0,0.24895466115552178,-0.5941705383351432
IND,India,South Asia,Monsoonal / Tropical,1991,26.04445084485407,1089.4,0.42245196382223593,-98.8166666666667,0.9214055299539154,-217.89999999999986,-1.11028105492854,27.6627054102247,1.05683143296179,13.8702461773683,53.31,0.9218181623666372,-0.3617923403127477,0,0,0,0,0.17846566173726375,-0.4174529489170063
IND,India,South Asia,Monsoonal / Tropical,1992,25.886787170930663,585.6,0.26478828989882813,-602.6166666666667,-0.1576636739234054,-503.80000000000007,3.25939544134066,26.8969194477949,5.48239602167003,11.7878170418134,55.62,0.5113037782072338,-1.9968533519003833,0,1,0,0,0.07011283846754585,-1.595658366311988
IND,India,South Asia,Monsoonal / Tropical,1993,25.473584869431644,1335.6,-0.14841401160019055,147.38333333333333,-0.4132023014990196,749.9999999999999,2.57408951922086,27.0545587671255,4.7507762195799,6.32689048779867,56.97,-0.564565406570998,0.4372390631268632,0,0,0,0,0.022026718839261494,-0.21873751743008082
IND,India,South Asia,Monsoonal / Tropical,1994,25.470152969790067,1396.7,-0.15184591124176774,208.4833333333333,-0.003431899641576308,61.100000000000136,4.50057521206482,26.519937575032,6.65892406747307,10.2479355556119,58.87,-0.5735011628730067,0.6355364585377495,0,0,0,0,0.02305718076084281,-0.3165734172872121
IND,India,South Asia,Monsoonal / Tropical,1995,25.847876984126984,887.3,0.2258781030951491,-300.91666666666674,0.37772401433691627,-509.4000000000001,5.43070280521438,24.4575477898552,7.57449184027195,10.2248861637545,59.98,0.4099919733015628,-1.0176991097487564,0,0,0,0,0.05102091745786281,-0.6797048585638197
IND,India,South Asia,Monsoonal / Tropical,1996,25.818531083920405,1164.6000000000001,0.1965322028885712,-23.61666666666672,-0.02934590020657879,277.3000000000002,5.42226141029292,25.199306058679,7.54952224888829,8.97715233826453,62.3,0.3335830336192428,-0.11773400749934915,0,0,0,0,0.03862490677223451,-0.046414355248851
IND,India,South Asia,Monsoonal / Tropical,1997,24.968099078341012,1307.1,-0.6538998026908205,118.88333333333324,-0.8504320055793926,142.49999999999977,2.02374488927428,24.248674505748,4.04982084902483,7.16425211462721,63.54,-1.8807163186175204,0.34474355135582757,0,0,0,0,0.42758495195909396,-0.7773778820989364
IND,India,South Asia,Monsoonal / Tropical,1998,25.865957501280082,955.0,0.24395862024824755,-233.21666666666673,0.8978584229390698,-352.0999999999999,4.1484948564368,24.180451549085,6.18441582080355,13.2308389767977,64.47,0.4570688438303661,-0.7979817010856304,0,0,0,0,0.05951580839342866,-0.5689521621889547
IND,India,South Asia,Monsoonal / Tropical,1999,25.062181899641576,1347.2,-0.5598169813902573,158.9833333333333,-0.803775601638506,392.20000000000005,6.79504192639435,22.9725618865025,8.84575556114116,4.6698203803759,67.39,-1.6357496088797883,0.47488635914595123,0,0,0,0,0.31339505265289963,-0.8900156975802771
IND,India,South Asia,Monsoonal / Tropical,2000,25.30167655419602,881.3,-0.3203223268358147,-306.91666666666674,0.23949465455444496,-465.9000000000001,1.90763005843495,21.6110620465121,3.84099115686554,4.0094359104519,65.87,-1.0121690580951643,-1.0371718490689745,0,0,0,0,0.10260639306951048,0.9831226081135881
IND,India,South Asia,Monsoonal / Tropical,2001,25.482037250384025,1024.9,-0.13996163064780967,-163.31666666666672,0.18036069618800354,143.60000000000014,2.88134658113091,21.6188848861438,4.82396626397303,3.77929312235637,67.61,-0.5425576486962644,-0.571124288005091,0,0,0,0,0.019589258053593895,0.22858066978631456
IND,India,South Asia,Monsoonal / Tropical,2002,26.154678059395803,1080.2,0.5326791783639674,-108.0166666666667,0.6726408090117779,55.299999999999955,1.94070548523048,19.5345432709546,3.80397532120038,4.29715203929562,60.85,1.2088205895534314,-0.39165054060374854,0,0,0,0,0.2837471070625114,-0.5753822924961456
IND,India,South Asia,Monsoonal / Tropical,2003,25.79667690732207,1251.6,0.1746780262902344,63.38333333333325,-0.35800115207373295,171.39999999999986,6.00579964269848,19.5919979784251,7.86038147545045,3.80585899528853,68.92,0.27668055491679067,0.16462071264381134,0,0,0,0,0.030512412868651823,0.11071675566362675
IND,India,South Asia,Monsoonal / Tropical,2004,25.88192528735632,939.6999999999999,0.25992640632448705,-248.51666666666677,0.08524838003425117,-311.9,6.09996522556324,17.8146906487994,7.92293661307978,3.76725173477517,67.18,0.4986447230697459,-0.8476371863521863,0,0,0,0,0.06756173670476234,-0.6459604407840713
IND,India,South Asia,Monsoonal / Tropical,2005,25.817918586789556,1099.2,0.19591970575772066,-89.01666666666678,-0.06400670056676461,159.5000000000001,6.17702892470105,17.6202069548839,7.92343062131789,4.24634362031924,71.11,0.33198825356488065,-0.3299868660897252,0,0,0,0,0.03838453110419184,-0.17440119140866456
IND,India,South Asia,Monsoonal / Tropical,2006,25.59123271889401,1390.7,-0.03076616213782568,202.48333333333332,-0.22668586789554723,291.5,6.38367720990838,16.8094420944381,8.06073257305057,5.79652337561634,75.28,-0.2582416144894884,0.6160637192175316,0,0,0,0,0.0009465567326909785,-0.06229635063540736
IND,India,South Asia,Monsoonal / Tropical,2007,25.847034690220173,955.3,0.22503580918833985,-232.91666666666674,0.25580197132616433,-435.4000000000001,6.05160013553237,16.7501197597569,7.66081506510766,6.37288135593231,82.22,0.4077988633997664,-0.7970080641196196,0,0,0,0,0.0506411154170509,-0.5241459055678418
IND,India,South Asia,Monsoonal / Tropical,2008,25.722870782350757,904.4,0.10087190131892498,-283.8166666666667,-0.12416390786941633,-50.89999999999998,1.61413451730577,16.7909423598037,3.08669805950082,8.34926704907575,82.72,0.08450898371194934,-0.9622018026861352,0,0,0,0,0.01017514047569494,-0.2862912679266623
IND,India,South Asia,Monsoonal / Tropical,2009,26.422210701484897,1115.6,0.8002118204530605,-72.61666666666667,0.6993399191341396,211.19999999999993,6.31340985810947,16.7442701563161,7.8618888330338,10.8823529411764,79.77,1.9054046223668175,-0.2767613786144624,1,0,0,0,0.6403389575928011,-0.5810871502856642
IND,India,South Asia,Monsoonal / Tropical,2010,26.511385688684076,791.7,0.8893868076522414,-396.51666666666677,0.08917498719917916,-323.89999999999986,6.93079780360446,17.0265090136912,8.49758470165625,11.9893899204245,87.88,2.1375926339837372,-1.3279647562508963,1,1,0,1,0.7910088936258451,-3.526566923475747
IND,India,South Asia,Monsoonal / Tropical,2011,25.357664490527394,1488.5,-0.2643343905044402,300.2833333333333,-1.1537211981566813,696.8,3.76074153231241,17.191973558015,5.24131620024293,8.9117933648336,94.21,-0.866391323557559,0.9334693701370845,0,0,0,0,0.06987267000335388,-0.7937521189530831
IND,India,South Asia,Monsoonal / Tropical,2012,25.3649156470152,1192.1999999999998,-0.25708323401663336,3.9833333333332366,0.007251156487804167,-296.3000000000002,4.01726735834531,16.8453770661356,5.45638755164772,9.47899691419793,95.63,-0.8475112355451386,-0.02815940662634661,0,0,0,0,0.06609178921245107,-0.010240482154995647
IND,India,South Asia,Monsoonal / Tropical,2013,25.063056195596516,1663.8,-0.5589426854353174,475.58333333333337,-0.3018594514186823,471.60000000000014,4.97769997299568,17.1484235433697,6.38610640091713,10.0178784746104,100.02,-1.6334731741337,1.5023979039427866,0,0,1,0,0.31241692560164425,-2.6582382548161307
IND,India,South Asia,Monsoonal / Tropical,2014,26.045147849462367,835.5,0.42314896843053135,-352.71666666666675,0.9820916538658508,-828.3,6.06398074170735,16.7919345145039,7.41022760516977,6.66565671867899,101.33,0.9236329774753453,-1.1858137592133051,0,0,0,0,0.1790550494838228,-1.4925169364825561
IND,India,South Asia,Monsoonal / Tropical,2015,25.916659626216077,1360.8999999999999,0.2946607451842433,172.68333333333317,-0.12848822324628983,525.3999999999999,6.71566734636781,16.1745081068401,7.99625378567987,4.90697344127249,97.64,0.5890837276379369,0.5193491139271151,0,0,0,0,0.08682495475253356,0.5088299968089903
IND,India,South Asia,Monsoonal / Tropical,2016,25.94139970337412,1438.8000000000002,0.31940082234228573,250.5833333333333,0.02474007715804305,77.90000000000032,6.97394690926852,16.3638005616331,8.25630550176662,4.94821634062134,101.03,0.6535003258679372,0.7721701794346122,0,0,0,0,0.10201688531292837,0.8003652273193775
IND,India,South Asia,Monsoonal / Tropical,2017,26.07596966205837,1033.8,0.45397078102653676,-154.4166666666667,0.13456995868424926,-405.0000000000002,5.5611850346496,16.5583314049368,6.79538341902422,3.32817337461305,107.28,1.0038848015110606,-0.542239724680101,0,0,0,0,0.2060894700258438,-0.7010065477018107
IND,India,South Asia,Monsoonal / Tropical,2018,25.968796082949307,1286.7,0.34679720191747315,98.48333333333325,-0.10717357910906244,252.9000000000001,5.29211971912275,16.031630686449,6.45385134495295,3.93882646691643,110.84,0.7248332309667289,0.2785362376670865,0,0,0,0,0.12026829925778865,0.34153744435505784
IND,India,South Asia,Monsoonal / Tropical,2019,25.960135688684076,1598.6000000000001,0.33813680765224063,410.3833333333334,-0.00866039426523102,311.9000000000001,2.79675759966057,16.7555683032837,3.87143694070524,3.72950573539123,112.25,0.7022838616040903,1.2907941366630846,0,0,0,0,0.11433650068924837,1.3876571024701871
IND,India,South Asia,Monsoonal / Tropical,2020,25.766917562724014,1936.2,0.14491868169218028,747.9833333333331,-0.19321812596006183,337.5999999999999,-6.69047102834244,18.6685376603727,-5.77772470687303,6.6234367762853,115.74,0.19919511571160992,2.3864602690806818,0,0,1,0,0.021001424303399466,1.0839675859438929
IND,India,South Asia,Monsoonal / Tropical,2021,25.698015873015873,1359.1,0.0760169919840387,170.8833333333333,-0.06890168970814159,-577.1000000000001,8.79093447675136,17.3725615260314,9.68959249191741,5.13140747176364,120.63,0.01979339295446545,0.5135072921310502,0,0,0,0,0.005778583070301405,0.1299003698020581
IND,India,South Asia,Monsoonal / Tropical,2022,25.892398233486944,1961.8999999999999,0.27039935245510777,773.6833333333333,0.19438236047107083,602.8,6.76238601728318,18.2106659929942,7.6093649776932,6.69903414079858,123.29,0.5259134966823343,2.4698685025022824,0,0,1,0,0.0731158098081416,2.0920347233864263
IND,India,South Asia,Monsoonal / Tropical,2023,25.64030465949821,1358.0,0.01830577846637323,169.78333333333325,-0.2520935739887342,-603.8999999999999,6.26741791597422,17.6565389328245,7.210224629335,5.64914318907925,,-0.1304712982502148,0.5099372899223434,0,0,0,0,0.00033510152525993383,0.031080160872824
KEN,Kenya,Sub-Saharan East Africa,Equatorial Bimodal / Semi-Arid,1960,15.169454022988505,1558.0,0.014413520902119448,-147.3233333333333,,,,35.3474135345391,,1.24378109452731,,-0.47286865325678434,-0.0634877867770657,0,0,0,0,0.00020774958479583423,-0.021234479443699102
KEN,Kenya,Sub-Saharan East Africa,Equatorial Bimodal / Semi-Arid,1961,15.415682283666156,1759.8999999999999,0.2606417815797683,54.576666666666654,0.24622826067765047,201.89999999999986,-11.1513604419023,34.073102243936,-7.77463490371655,2.45700245700254,12.62,-0.14516254510077195,0.5420808155839977,0,0,0,0,0.06793413830507565,0.1422495963268515
KEN,Kenya,Sub-Saharan East Africa,Equatorial Bimodal / Semi-Arid,1962,15.180346262160777,1528.8,0.025305760074392076,-176.52333333333326,-0.23533602150537902,-231.0999999999999,5.34856718516423,37.574194883491,9.45735874072126,3.11750599520378,13.71,-0.458372131621021,-0.1510687832552382,0,0,0,0,0.0006403814929426961,-0.044670571208652685
KEN,Kenya,Sub-Saharan East Africa,Equatorial Bimodal / Semi-Arid,1963,15.048644393241167,1982.3,-0.10639610884521893,276.9766666666667,-0.13170186891960967,453.5,4.63467589113695,38.4498114224708,8.77834021621184,0.697674418604589,14.2,-0.6336546389243622,1.2091360764314496,0,0,0,0,0.011320131977403673,-0.2946923957425259
KEN,Kenya,Sub-Saharan East Africa,Equatorial Bimodal / Semi-Arid,1964,14.80534668149796,2231.6,-0.3496938205884253,526.2766666666668,-0.2432977117432067,249.29999999999995,0.922365577792576,36.8320801767525,4.96446728844091,-0.0993048669314341,14.74,-0.9574604686012761,1.956873830609821,0,0,1,0,0.12228576815772978,-1.8403569825320787
KEN,Kenya,Sub-Saharan East Africa,Equatorial Bimodal / Semi-Arid,1965,15.149964797747055,1839.2,-0.0050757043393304295,133.87666666666672,0.34461811624909444,-392.39999999999986,-1.97317083215169,32.4186398481032,2.00909417103099,3.57852882806742,14.59,-0.49880693563458456,0.7799292067045146,0,0,0,0,2.5762774540297752e-05,-0.006795183779350938
KEN,Kenya,Sub-Saharan East Africa,Equatorial Bimodal / Semi-Arid,1966,15.318816564260112,1584.0,0.16377606217372623,-121.32333333333335,0.16885176651305756,-255.20000000000005,10.2453783737033,34.7078582943185,14.7285664015687,5.01439539323414,14.9,-0.2740814914188128,0.014495292278841275,0,0,0,0,0.02682259854113224,-0.19869857783123715
KEN,Kenya,Sub-Saharan East Africa,Equatorial Bimodal / Semi-Arid,1967,15.283121479774707,1470.8,0.12808097768831908,-234.5233333333333,-0.035695084485405815,-113.20000000000005,-0.658711109434691,33.6574284416174,3.36123203258556,1.75919579598299,15.63,-0.3215882121535487,-0.32503103653380044,0,0,0,0,0.01640473684559569,-0.30037977824056883
KEN,Kenya,Sub-Saharan East Africa,Equatorial Bimodal / Semi-Arid,1968,14.822618650352242,1899.6,-0.332421851734143,194.27666666666664,-0.4605028294224649,428.79999999999995,3.79670171210267,31.7057022262683,7.9826899693479,0.366711570051019,16.77,-0.9344731409978102,0.9610898980497756,0,0,0,0,0.11050428751035656,-0.6458180928207019
KEN,Kenya,Sub-Saharan East Africa,Equatorial Bimodal / Semi-Arid,1969,15.26513888888889,1086.2,0.11009838680250301,-619.1233333333332,0.44252023853664824,-813.3999999999999,3.80581664358147,30.8975712777191,7.9592244594956,-0.17150100656233,17.62,-0.34552130926244407,-1.4785807367223343,0,1,0,0,0.01212165477651357,-0.6816448023178833
KEN,Kenya,Sub-Saharan East Africa,Equatorial Bimodal / Semi-Arid,1970,15.2791404249872,1599.6000000000001,0.12409992290081313,-105.7233333333333,0.01400153609830923,513.4000000000001,-8.25406759214241,30.16973422275,-4.65544691647621,2.18852703907439,17.83,-0.3268866127805888,0.06128513971238571,0,0,0,0,0.015400790863987764,-0.1312025751548363
KEN,Kenya,Sub-Saharan East Africa,Equatorial Bimodal / Semi-Arid,1971,14.866793394777266,1539.1,-0.2882471073091207,-166.2233333333333,-0.4123470302099328,-60.50000000000023,17.820065627684,28.1622949271027,22.1738919255764,3.78020612544907,17.85,-0.8756808093033491,-0.12017548655232128,0,0,0,0,0.08308639487207573,0.47913395000613057
KEN,Kenya,Sub-Saharan East Africa,Equatorial Bimodal / Semi-Arid,1972,15.256120689655171,1988.3,0.10108018756878605,282.9766666666667,0.38932729487790496,449.20000000000005,13.0810040007777,32.2109354238639,17.082429349983,5.83164474311005,19.07,-0.35752366417216697,1.2271321715981973,0,0,0,0,0.01021720431894097,0.28603334544256515
KEN,Kenya,Sub-Saharan East Africa,Equatorial Bimodal / Semi-Arid,1973,15.302220942140297,1582.0,0.14718044005391087,-123.32333333333328,0.04610025248512528,-406.29999999999995,2.30288023865035,31.8774962996698,5.89658021016672,9.28119422332106,20.49,-0.2961686666372267,0.008496593889925554,0,0,0,0,0.02166208193446285,-0.18150782468915128
KEN,Kenya,Sub-Saharan East Africa,Equatorial Bimodal / Semi-Arid,1974,14.76793906810036,1677.4,-0.38710143398602775,-27.92333333333329,-0.5342818740399373,95.40000000000009,0.600157426524987,31.2991420759876,4.06561734893735,17.8099480331818,21.18,-1.0072464004362152,0.2946345070412156,0,0,0,0,0.149847520194039,0.10809162375003165
KEN,Kenya,Sub-Saharan East Africa,Equatorial Bimodal / Semi-Arid,1975,14.957580005120327,1311.6,-0.1974604969660585,-393.7233333333333,0.1896409370199681,-365.8000000000002,-2.414863097742,30.1729756831286,0.882203175319148,19.1201840136051,21.34,-0.7548525718527731,-0.8025274282915088,0,0,0,0,0.0389906478620828,0.7774480506713309
KEN,Kenya,Sub-Saharan East Africa,Equatorial Bimodal / Semi-Arid,1976,15.026859473489061,1418.9,-0.12818102859732403,-286.4233333333333,0.06927946836873389,107.30000000000018,-1.10989817440527,33.3269159328564,2.15396450322561,11.4490304932756,23.44,-0.6626482696668525,-0.4806972597261689,0,0,0,0,0.016430376092268,0.3671403748094087
KEN,Kenya,Sub-Saharan East Africa,Equatorial Bimodal / Semi-Arid,1977,15.168284690220174,2378.8,0.013244188133787768,673.4766666666667,0.14142521673111297,959.9000000000001,5.87941024320102,37.0068283241034,9.45379784408087,14.8209644818935,24.91,-0.4744249225883171,2.3983780320340333,0,0,1,0,0.0001754085193231647,0.08919651677049607
KEN,Kenya,Sub-Saharan East Africa,Equatorial Bimodal / Semi-Arid,1978,14.953701996927803,1932.9,-0.2013385051585829,227.57666666666668,-0.21458269329237112,-445.9000000000001,3.2950316756188,32.0642230927976,6.91249354626197,16.9317824582842,24.54,-0.7600138273831976,1.060968226225226,0,0,0,0,0.04053719365949271,-0.45819945875639767
KEN,Kenya,Sub-Saharan East Africa,Equatorial Bimodal / Semi-Arid,1979,15.131892601126472,1792.4,-0.02314790095991463,87.07666666666668,0.17819060419866872,-140.5,3.9502014523985,30.1862501072869,7.61522604591983,7.97935261848786,26.17,-0.5228592893492348,0.6395596644038817,0,0,0,0,0.0005358253188500167,-0.020156420559194997
KEN,Kenya,Sub-Saharan East Africa,Equatorial Bimodal / Semi-Arid,1980,15.399896798912373,1403.4,0.24485629682598553,-301.9233333333333,0.2680041977859009,-389.0,1.91506413946645,27.7907613507416,5.5919762059677,13.8581814562484,25.36,-0.16617150548485426,-0.5271871722402673,0,0,0,0,0.05995460609533513,-0.7392782932535762
KEN,Kenya,Sub-Saharan East Africa,Equatorial Bimodal / Semi-Arid,1981,15.29784690220174,1934.4,0.14280640011535453,229.07666666666665,-0.10204989671063203,531.0,0.128998105818283,27.8734520123839,3.77354419402822,11.6030534351142,26.74,-0.30199009266378585,1.065467250016913,0,0,0,0,0.020393667913906732,0.32713614117091694
KEN,Kenya,Sub-Saharan East Africa,Equatorial Bimodal / Semi-Arid,1982,15.329434843830006,1737.1,0.17439434174361898,31.77666666666667,0.03158794162826517,-197.30000000000018,-2.06071312546143,28.9666010892868,1.50647825757706,20.6667146662827,29.68,-0.2599495836370432,0.47369565395035607,0,0,0,0,0.030413386432190166,0.05541670866139733
KEN,Kenya,Sub-Saharan East Africa,Equatorial Bimodal / Semi-Arid,1983,15.519498207885306,1611.7,0.3644577057989184,-93.62333333333332,0.1900633640553,-125.39999999999986,-2.3251867559766,29.8687559836265,1.3090502411486,11.3977827368523,29.69,-0.006993545340764203,0.09757726496532705,0,0,0,0,0.13282941931621095,-0.34121745275914067
KEN,Kenya,Sub-Saharan East Africa,Equatorial Bimodal / Semi-Arid,1984,15.001490854035348,1497.1,-0.15354964805103796,-208.22333333333333,-0.5180073538499581,-114.60000000000014,-1.91893717292913,29.5098977394204,1.75521697703473,10.284098213138,25.27,-0.6964114596743193,-0.24614815271955598,0,0,0,0,0.023577494416597625,0.319726195493473
KEN,Kenya,Sub-Saharan East Africa,Equatorial Bimodal / Semi-Arid,1985,14.843978494623656,1496.6,-0.31106200746273044,-208.7233333333333,-0.15751235941169206,-0.5,0.569650556250821,28.6062318225284,4.30056181879613,13.0065664218827,30.41,-0.9060452447939424,-0.2476478273167849,0,0,0,0,0.09675957248674377,0.6492589907097929
KEN,Kenya,Sub-Saharan East Africa,Equatorial Bimodal / Semi-Arid,1986,15.045843573988735,1685.2,-0.10919692809765087,-20.123333333333278,0.20186507936507958,188.60000000000014,3.40845945197678,28.7775774262261,7.17755539065963,2.53427598892888,33.56,-0.6373822596870516,0.31802943075798773,0,0,0,0,0.011923969105963534,0.02197406183085055
KEN,Kenya,Sub-Saharan East Africa,Equatorial Bimodal / Semi-Arid,1987,15.791557219662058,1398.7,0.6365167175756725,-306.62333333333333,0.7457136456733231,-286.5,2.26586113193359,27.1716538650978,5.93710744420895,8.63767318980084,31.34,0.3550908055487917,-0.5412841134542199,0,0,0,0,0.4051535317533084,-1.9517087766544463
KEN,Kenya,Sub-Saharan East Africa,Equatorial Bimodal / Semi-Arid,1988,15.32873470522803,1873.6000000000001,0.17369420314164433,168.27666666666673,-0.4628225144340288,474.9000000000001,2.52259696361155,25.5402040600799,6.20318382314591,12.2649630481582,34.04,-0.2608814007070719,0.8831068189938688,0,0,0,0,0.030169676205010806,0.2922868152399878
KEN,Kenya,Sub-Saharan East Africa,Equatorial Bimodal / Semi-Arid,1989,14.907098054275474,1907.3,-0.24794244781091246,201.9766666666667,-0.4216366509525553,33.69999999999982,1.0826542002969,25.9638119035868,4.69034876792047,13.7893172763883,36.83,-0.8220391880355025,0.984184886847102,0,0,0,0,0.061475457426467046,-0.5007858913402207
KEN,Kenya,Sub-Saharan East Africa,Equatorial Bimodal / Semi-Arid,1990,15.185622119815669,2011.2,0.03058161772928214,305.8766666666668,0.2785240655401946,103.90000000000009,0.668332502815062,25.3141333603755,4.19205097155167,17.78181442992,36.73,-0.4513504730408445,1.2958172681512852,0,0,0,0,0.0009352353429399437,0.0935420329230706
KEN,Kenya,Sub-Saharan East Africa,Equatorial Bimodal / Semi-Arid,1991,15.46708973374296,1540.9,0.3120492316565735,-164.42333333333332,0.28146761392729047,-470.29999999999995,-1.79555975482411,24.3201481720275,1.43834679171559,20.0844955754632,52.99,-0.0767441785471899,-0.114776658002297,0,0,0,0,0.09737472297745788,-0.5130817483307933
KEN,Kenya,Sub-Saharan East Africa,Equatorial Bimodal / Semi-Arid,1992,15.20520022246941,1395.5,0.05015972038302404,-309.8233333333333,-0.26188951127354976,-145.4000000000001,-3.79370437133613,24.781287223819,-0.799493958641349,27.3323644475784,53.83,-0.4252939033843825,-0.5508820308764854,0,0,0,0,0.0025159975489031576,-0.15540651768136451
KEN,Kenya,Sub-Saharan East Africa,Equatorial Bimodal / Semi-Arid,1993,15.077828981054786,1186.3,-0.07721152103159919,-519.0233333333333,-0.12737124141462353,-209.20000000000005,-2.58233453633143,26.8080134088411,0.353197256227247,45.9788813036218,53.74,-0.5948127624305042,-1.178345882357092,0,0,0,0,0.005961618980013084,0.4007458101755738
KEN,Kenya,Sub-Saharan East Africa,Equatorial Bimodal / Semi-Arid,1994,15.375069124423964,1709.7,0.22002862233757683,4.376666666666637,0.29724014336917826,523.4000000000001,-0.304212273442516,28.1153566812096,2.632784517837,28.8143894306731,55.37,-0.19921474982556892,0.3915134860222077,0,0,0,0,0.04841259464777201,0.009629919370974547
KEN,Kenya,Sub-Saharan East Africa,Equatorial Bimodal / Semi-Arid,1995,15.241346006144392,1483.1,0.08630550405800703,-222.22333333333333,-0.13372311827957262,-226.60000000000014,1.4837374235438,26.3496195621312,4.40621652482287,1.55432816055009,58.7,-0.3771873454215457,-0.2881390414419675,0,0,0,0,0.007448640030706668,-0.1917909679678385
KEN,Kenya,Sub-Saharan East Africa,Equatorial Bimodal / Semi-Arid,1996,15.171867198121369,1398.2,0.01682669603498299,-307.12333333333333,-0.06947880802302286,-84.89999999999986,1.31900626661266,27.4925217805866,4.14683926876013,8.86408741577522,55.96,-0.4696569494949449,-0.5427837880514489,0,0,0,0,0.0002831376994537123,-0.051678709752507594
KEN,Kenya,Sub-Saharan East Africa,Equatorial Bimodal / Semi-Arid,1997,15.518422299027137,1882.1,0.36338179694075085,176.77666666666667,0.3465551009057677,483.89999999999986,-2.23366307984048,27.6939373994727,0.474901921293579,11.3618450505783,53.37,-0.008425476442703196,0.9086012871467611,0,0,0,0,0.13204633034788907,0.6423742279052946
KEN,Kenya,Sub-Saharan East Africa,Equatorial Bimodal / Semi-Arid,1998,15.453202124935997,1878.0,0.29816162284961,172.67666666666668,-0.06522017409113978,-4.099999999999909,0.478811112143987,27.7449136009738,3.29021372249065,6.72243650753928,62.78,-0.09522724877315883,0.8963039554494836,0,0,0,0,0.08890035334031308,0.514855551615945
KEN,Kenya,Sub-Saharan East Africa,Equatorial Bimodal / Semi-Arid,1999,15.033670634920634,1192.0,-0.12136986716575111,-513.3233333333333,-0.4195314900153626,-686.0,-0.603257549690113,28.7440796130558,2.30538859522412,5.74200109520484,62.19,-0.6535832695786409,-1.1612495919486816,0,0,0,0,0.01473064465583207,0.6230198477974724
KEN,Kenya,Sub-Saharan East Africa,Equatorial Bimodal / Semi-Arid,2000,15.3796387961933,902.2,0.22459829410691468,-803.1233333333333,0.3459681612726655,-289.79999999999995,-2.38610693277963,28.7217806412905,0.599695390807426,9.98002515350979,57.92,-0.19313295666763172,-2.0304609885026004,0,1,0,0,0.05044439371573614,-1.8038013062412566
KEN,Kenya,Sub-Saharan East Africa,Equatorial Bimodal / Semi-Arid,2001,15.270001280081926,1430.1,0.11496077799553905,-275.22333333333336,-0.1096375161113734,527.8999999999999,0.575576747494395,27.8492601112896,3.77990649795343,5.73859814341467,66.82,-0.33904993473453005,-0.44710454874823985,0,0,0,0,0.013215980477339616,-0.31639888522525583
KEN,Kenya,Sub-Saharan East Africa,Equatorial Bimodal / Semi-Arid,2002,15.399352918586791,1726.0,0.24431241650040367,20.676666666666677,0.12935163850486475,295.9000000000001,-2.56736280977373,25.8539676039456,0.546859530175595,1.96130821739162,66.41,-0.16689535783351864,0.44040287789187266,0,0,0,0,0.059688556856266714,0.05051566398506682
KEN,Kenya,Sub-Saharan East Africa,Equatorial Bimodal / Semi-Arid,2003,15.544265873015872,1311.2,0.3892253709294864,-394.12333333333333,0.14491295442908125,-414.79999999999995,-0.194798007216917,25.8044393708329,2.93247554570904,9.81569062979654,67.58,0.02596983232235301,-0.803727167969292,0,0,0,0,0.15149638937519627,-1.5340280060863227
KEN,Kenya,Sub-Saharan East Africa,Equatorial Bimodal / Semi-Arid,2004,15.365949511803239,1464.8,0.21090900971685192,-240.5233333333333,-0.17831636121263372,153.5999999999999,1.89113513278383,24.9290410875057,5.10429977629738,11.6240355442426,69.09,-0.21135207618933954,-0.34302713170054827,0,0,0,0,0.04448261037974314,-0.5072853804712961
KEN,Kenya,Sub-Saharan East Africa,Equatorial Bimodal / Semi-Arid,2005,15.39867191500256,1206.8,0.243631412916174,-498.52333333333337,0.03272240319932074,-258.0,2.70244103195117,24.2362747002419,5.90666607980057,10.3127783574683,78.4,-0.1678017080372443,-1.1168592238707038,0,0,0,0,0.05935626535953127,-1.2145594407168079
KEN,Kenya,Sub-Saharan East Africa,Equatorial Bimodal / Semi-Arid,2006,15.462542882744495,1787.5,0.3075023806581097,82.17666666666668,0.06387096774193601,580.7,3.27715457506901,20.5196878049409,6.47249430015484,14.4537342081708,79.15,-0.08279559945627285,0.6248628533510376,0,0,0,0,0.09455771411040499,0.2526952063454793
KEN,Kenya,Sub-Saharan East Africa,Equatorial Bimodal / Semi-Arid,2007,15.307071812596007,1264.6,0.15203131050962013,-440.7233333333333,-0.15547107014848827,-522.9000000000001,3.66978666216018,20.5866644602991,6.85072976998784,9.75888023027529,83.84,-0.2897126251014804,-0.9434968404310332,0,0,0,0,0.02311351937527253,-0.6700374593883481
KEN,Kenya,Sub-Saharan East Africa,Equatorial Bimodal / Semi-Arid,2008,15.263535100729205,1254.3,0.10849459864281889,-451.0233333333333,-0.043536711866801525,-10.299999999999955,-2.7588645638462,22.1963401579826,0.232282744812977,26.2398166445063,81.69,-0.3476557968905918,-0.9743901371339503,0,0,0,0,0.01177107793466636,-0.48933595528546314
KEN,Kenya,Sub-Saharan East Africa,Equatorial Bimodal / Semi-Arid,2009,15.74810547875064,1139.1999999999998,0.5930649766642538,-566.1233333333333,0.4845703780214343,-115.10000000000014,0.232598394599862,16.2549814662286,3.30693981631089,9.23412592394652,80.75,0.29726072192030845,-1.3196152294160624,0,1,0,0,0.35172606654577193,-3.3574792147242296
KEN,Kenya,Sub-Saharan East Africa,Equatorial Bimodal / Semi-Arid,2010,15.508015873015873,1302.0,0.3529753709294865,-403.32333333333327,-0.24008960573476656,162.80000000000018,4.96811299885232,17.5677598863696,8.05847360290906,3.96138889115385,93.82,-0.022275427535155098,-0.8313211805583052,0,0,0,0,0.12459161248280858,-1.4236320318785023
KEN,Kenya,Sub-Saharan East Africa,Equatorial Bimodal / Semi-Arid,2011,15.642528161802355,1475.7,0.487487659715969,-229.6233333333333,0.1345122887864818,173.70000000000005,2.26952218964762,18.8947112249953,5.1211061197056,14.0224913014704,86.46,0.15674747802434952,-0.3103342254809564,0,0,0,0,0.2376442183753524,-1.1193854138284651
KEN,Kenya,Sub-Saharan East Africa,Equatorial Bimodal / Semi-Arid,2012,15.586242120875047,1443.8999999999999,0.4312016187886602,-261.42333333333335,-0.05628604092730782,-31.800000000000182,1.87670753904403,18.8297259329446,4.56867961444982,9.37777003547598,92.55,0.08183617675846376,-0.40571352986471987,0,0,0,0,0.18593483604596103,-1.1272616452246085
KEN,Kenya,Sub-Saharan East Africa,Equatorial Bimodal / Semi-Arid,2013,15.41660330261137,1368.8,0.26156280052498104,-336.5233333333333,-0.1696388182636781,-75.09999999999991,1.26331129067221,18.6165515854622,3.7978483925754,5.71749357037733,100.34,-0.14393675756020707,-0.6309646543685131,0,0,0,0,0.06841509861847102,-0.8802198550866837
KEN,Kenya,Sub-Saharan East Africa,Equatorial Bimodal / Semi-Arid,2014,15.56961917562724,1351.5,0.4145786735408534,-353.8233333333333,0.15301587301587105,-17.299999999999955,2.59218353342239,18.3478393393556,5.02011100232484,6.87815499275949,101.59,0.05971263708735839,-0.6828533954326359,0,0,0,0,0.17187547655489352,-1.4668760820113655
KEN,Kenya,Sub-Saharan East Africa,Equatorial Bimodal / Semi-Arid,2015,15.944210829493088,1732.4,0.7891703274067009,27.076666666666682,0.37459165386584736,380.9000000000001,2.65589352795405,19.4696147780528,4.96772112759767,6.58215429284779,98.27,0.5582580627759541,0.4595987127364037,0,0,0,0,0.6227898056591995,0.2136810189841545
KEN,Kenya,Sub-Saharan East Africa,Equatorial Bimodal / Semi-Arid,2016,15.733831726609813,1280.3999999999999,0.5787912245234268,-424.92333333333335,-0.21037910288327488,-452.0000000000002,1.93794795580835,20.0345164328349,4.21351706814744,6.29724953814625,100.15,0.27826373209476735,-0.8961071231585974,0,0,0,0,0.3349992815853278,-2.4594189642857627
KEN,Kenya,Sub-Saharan East Africa,Equatorial Bimodal / Semi-Arid,2017,17.69094918074757,1133.7,2.5359086786611815,-571.6233333333333,1.957117454137757,-146.69999999999982,1.60475183361922,20.8936374065292,3.83795817364721,8.00564967709945,97.26,2.882998632689001,-1.3361116499855812,1,1,0,1,6.4308328265091,-14.495845719252335
KEN,Kenya,Sub-Saharan East Africa,Equatorial Bimodal / Semi-Arid,2018,17.159754864311317,1965.3,2.0047143622249304,259.9766666666667,-0.5311943164362525,831.5999999999999,3.52404781491717,20.314910419968,5.64794640709219,4.6898064677633,108.89,2.176030140791114,1.1581471401256642,1,0,0,0,4.018879674110909,5.2117895751003
KEN,Kenya,Sub-Saharan East Africa,Equatorial Bimodal / Semi-Arid,2019,17.773593189964156,2618.7,2.6185526878777714,913.3766666666667,0.6138383256528392,653.3999999999999,3.07004769448449,20.8611638110686,5.11415885767801,5.23963795764792,108.66,2.992989852008192,3.1179219037845,1,0,1,0,6.856818179191901,23.917249255448393
KEN,Kenya,Sub-Saharan East Africa,Equatorial Bimodal / Semi-Arid,2020,17.52677450253368,1972.0,2.3717340004472933,266.67666666666673,-0.2468186874304763,-646.6999999999998,-2.2103217118529,22.7027261604451,-0.272766327438816,5.40516207933392,137.6,2.6644979426903297,1.1782427797285326,1,0,0,0,5.625122168877722,6.3248611745928285
KEN,Kenya,Sub-Saharan East Africa,Equatorial Bimodal / Semi-Arid,2021,17.3323783922171,1464.2,2.1773378901307154,-241.1233333333333,-0.19439611031657833,-507.79999999999995,5.5651365159048,21.4770750957252,7.59048947333467,6.10793603659176,133.91,2.4057754362762016,-0.344826741217223,1,0,0,0,4.7408002877988755,-5.250069698612852
KEN,Kenya,Sub-Saharan East Africa,Equatorial Bimodal / Semi-Arid,2022,17.394363159242193,953.3,2.239322657155805,-752.0233333333333,0.06198476702509126,-510.9000000000001,2.86281276489714,21.0361920649933,4.85998104287999,7.65986268272224,116.97,2.488271193306065,-1.8771942446657983,1,1,0,1,5.014565962851335,-16.840228890431657
KEN,Kenya,Sub-Saharan East Africa,Equatorial Bimodal / Semi-Arid,2023,17.801822836661547,1134.6000000000001,2.64678233457516,-570.7233333333332,0.40745967741935374,181.30000000000018,3.64425548577437,21.4522060902205,5.71999241214208,7.67139634029402,,3.0305607938178794,-1.3334122357105687,1,1,0,1,7.005456726619134,-15.105804365965168
USA,United States,North America,Temperate / Subtropical Continental,1960,10.277930416512174,924.1,-0.7190820701720305,-22.89333333333333,,,,,,1.45797598627791,,-1.323993357358107,-0.38374473930274594,0,0,0,0,0.517079023642893,0.16462185526471684
USA,United States,North America,Temperate / Subtropical Continental,1961,10.800407706093191,897.7,-0.1966047805910144,-49.29333333333335,0.5224772895810172,-26.399999999999977,0.618121192549182,,2.29999999989235,1.07072414764724,36.93,-0.7169241835470304,-0.539630371867341,0,0,0,0,0.038653439751240914,0.0969130498459974
USA,United States,North America,Temperate / Subtropical Continental,1962,10.6442773937532,695.7,-0.35273509293100475,-251.29333333333335,-0.1561303123399913,-202.0,4.48066936218716,,6.100000008077,1.19877334820186,37.22,-0.8983328334715287,-1.7323916513388629,0,1,0,0,0.12442204578504455,0.886399772862753
USA,United States,North America,Temperate / Subtropical Continental,1963,10.516169994879673,712.7,-0.48084249180453215,-234.29333333333332,-0.12810739887352618,17.0,2.90827195268284,,4.40000000466181,1.23966942148753,38.74,-1.0471815094696826,-1.6320107515813582,0,1,0,0,0.23120950192479156,1.1265819021318986
USA,United States,North America,Temperate / Subtropical Continental,1964,11.537396489927078,716.7,0.5403840032428748,-230.29333333333332,1.0212264950474044,4.0,4.34054896718479,,5.8000000040378,1.27891156462591,37.25,0.13938704955718745,-1.6083917163442984,0,1,0,0,0.29201487096079537,-1.2444683338681246
USA,United States,North America,Temperate / Subtropical Continental,1965,11.321944444444446,954.1,0.3249319577602397,7.106666666666634,-0.21545204548263186,237.39999999999998,5.07809761149738,,6.40000000107759,1.58516926383662,40.79,-0.11094784127019403,-0.20660197502479738,0,0,0,0,0.1055807771739022,0.02309183113149426
USA,United States,North America,Temperate / Subtropical Continental,1966,10.695494751664107,759.5,-0.3015177350200981,-187.49333333333334,-0.6264496927803389,-194.60000000000002,5.27711386691524,,6.50000000865072,3.0150753768844,40.11,-0.8388231097537878,-1.3556680393077585,0,1,0,0,0.0909129445316501,0.5653256519803492
USA,United States,North America,Temperate / Subtropical Continental,1967,10.522452636968767,969.3,-0.4745598497154382,22.306666666666615,-0.17304211469534003,209.79999999999995,1.38995127942472,,2.49999999306594,2.77278562259309,42.49,-1.0398816738243182,-0.11684964112397012,0,0,0,0,0.22520705096193927,-0.10585848380985684
USA,United States,North America,Temperate / Subtropical Continental,1968,10.831405574094674,968.1,-0.1656069125895315,21.106666666666662,0.3089529371259072,-1.1999999999999318,3.75881937038788,,4.80000000278329,4.27179615288537,43.83,-0.6809075939405129,-0.12393535169508779,0,0,0,0,0.027425649497436727,-0.03495409901723044
USA,United States,North America,Temperate / Subtropical Continental,1969,10.435284818228366,849.6,-0.5617276684558378,-97.39333333333335,-0.396120755866308,-118.5,2.09736970308174,,3.09999999656958,5.46238620028745,44.41,-1.1411624314015194,-0.8236492705929854,0,0,0,0,0.3155379735088316,0.5470853005647557
USA,United States,North America,Temperate / Subtropical Continental,1970,10.7732859703021,890.9,-0.22372651638210483,-56.093333333333334,0.3380011520737334,41.299999999999955,-0.944145118193504,,0.216606498143278,5.83825533848251,42.23,-0.7484370742838181,-0.5797827317703427,0,0,0,0,0.05005355413247222,0.12549566058926867
USA,United States,North America,Temperate / Subtropical Continental,1971,11.814859190988223,604.5,0.8178467043040185,-342.49333333333334,1.0415732206861232,-286.4,1.9949789395294,,3.29272243899894,4.29276668813051,48.37,0.4617724547326977,-2.270905654743827,0,1,0,0,0.6688732317409447,-2.8010704391276433
USA,United States,North America,Temperate / Subtropical Continental,1972,10.166224817698678,994.6999999999999,-0.8307876689855277,47.70666666666665,-1.6486343732895445,390.19999999999993,4.13472765652728,,5.25550197771585,3.27227824655283,47.97,-1.4537846936210896,0.03313123263136006,0,0,0,0,0.6902081509384067,-0.3963411039506956
USA,United States,North America,Temperate / Subtropical Continental,1973,11.974092421915003,1156.6,0.977079935230798,209.60666666666665,1.8078676042163249,161.89999999999998,4.64211335432748,,5.64567975951033,6.17776006377038,51.46,0.6467864024575954,0.9891116838513571,0,0,0,0,0.9546851998306203,2.0480246829061013
USA,United States,North America,Temperate / Subtropical Continental,1974,11.084145545314898,1123.5,0.08713305863069538,176.50666666666666,-0.8899468766001046,-33.09999999999991,-1.44513289575849,,-0.540550190362552,11.0548048048048,47.01,-0.3872476615810849,0.7936641672646868,0,0,0,0,0.007592169906340199,0.15379565735375272
USA,United States,North America,Temperate / Subtropical Continental,1975,11.288472862263186,983.5,0.29146037557898075,36.506666666666696,0.20432731694828732,-140.0,-1.18474293785152,,-0.205619191208058,9.14314686496535,53.42,-0.14983865269133934,-0.03300206603240721,0,0,0,0,0.08494915053264052,0.10640246777803333
USA,United States,North America,Temperate / Subtropical Continental,1976,10.683849338771473,630.9,-0.3131631479127302,-316.09333333333336,-0.6046235234917123,-352.6,4.39135848286867,,5.38803390614694,5.74481263549085,53.31,-0.8523539776487127,-2.115020022179232,0,1,0,0,0.09807115721061054,0.9898878330089461
USA,United States,North America,Temperate / Subtropical Continental,1977,10.98613543266769,1013.5,-0.01087705401651399,66.50666666666666,0.30228609389621575,382.6,3.57717980784827,,4.62418650079432,6.5016839947284,57.8,-0.5011261387826207,0.14414069824554135,0,0,0,0,0.00011831030407816313,-0.007233966057916237
USA,United States,North America,Temperate / Subtropical Continental,1978,9.91699692780338,875.0,-1.0800155588808256,-71.99333333333335,-1.0691385048643092,-138.5,4.42288716703601,,5.53520648057204,7.63096383885606,58.57,-1.7433639197932844,-0.6736683968376556,0,0,0,0,1.166433607424662,0.7775392013569359
USA,United States,North America,Temperate / Subtropical Continental,1979,10.196378008192525,813.8,-0.80063447849168,-133.19333333333336,0.279381080389145,-61.200000000000045,2.03373170597658,,3.16598822512103,11.2544711292795,65.02,-1.418749539355251,-1.035039635964671,0,0,0,0,0.6410155681496444,1.0663917497190185
USA,United States,North America,Temperate / Subtropical Continental,1980,10.984137313063897,934.0,-0.012875173620306324,-12.993333333333332,0.787759304871372,120.20000000000005,-1.20932407978319,,-0.256775739391401,13.5492019749684,58.63,-0.5034477647006058,-0.3252876270910229,0,0,0,0,0.00016577009575303184,0.0016729142257318015
USA,United States,North America,Temperate / Subtropical Continental,1981,10.945545314900153,1252.2,-0.05146717178405125,305.20666666666665,-0.038591998163743924,318.20000000000005,1.53630242028635,,2.53770127042986,10.3347153402771,67.43,-0.5482880150008066,1.553606626017087,0,0,1,0,0.002648869771449041,-0.15708123942971
USA,United States,North America,Temperate / Subtropical Continental,1982,10.393966333845366,1180.1,-0.6030461528388384,233.10666666666663,-0.5515789810547869,-72.10000000000014,-2.73469489641839,,-1.80301377321203,6.13142700027493,68.07,-1.1891706007089904,1.1278735158690834,0,0,0,0,0.3636646624537237,-1.4057407853441881
USA,United States,North America,Temperate / Subtropical Continental,1983,11.282279185867894,1073.2,0.2852666991836905,126.20666666666668,0.8883128520225281,-106.89999999999986,3.63185802398954,,4.58379096944093,3.21243523316065,49.92,-0.15703511861841765,0.4966547991586595,0,0,0,0,0.08137708966315818,0.36002559214976304
USA,United States,North America,Temperate / Subtropical Continental,1984,11.150744654554444,1175.6,0.15373216787023844,228.60666666666665,-0.1315345313134504,102.39999999999986,6.31198922384387,,7.2364531665454,4.30053547523429,64.45,-0.30986579823727367,1.1013021012273914,0,0,0,0,0.023633579438083172,0.35144198456255643
USA,United States,North America,Temperate / Subtropical Continental,1985,10.549243471582182,1329.0,-0.44776901510202355,382.00666666666666,-0.6015011829722621,153.4000000000001,3.25057626767166,,4.16957535422245,3.54564415209365,68.72,-1.0087532589461956,2.007092102568636,0,0,1,0,0.20049709088543619,-1.7105074889574035
USA,United States,North America,Temperate / Subtropical Continental,1986,11.854743343573988,1058.1,0.8577308568897842,111.10666666666665,1.305499871991806,-270.9000000000001,2.51089495812347,,3.46265504522061,1.89804772234276,62.73,0.5081140662079296,0.4074929411387585,0,0,0,0,0.7357022228608835,0.9529961640616762
USA,United States,North America,Temperate / Subtropical Continental,1987,12.441852278545825,958.3,1.4448397918616218,11.306666666666644,0.5871089349718375,-99.79999999999995,2.53404234284122,,3.45462966441372,3.6645632175169,62.65,1.190279096531584,-0.1818019880258845,0,0,0,0,2.0875620241467345,0.16336321913315371
USA,United States,North America,Temperate / Subtropical Continental,1988,11.548432208626869,764.3000000000001,0.5514197219426645,-182.69333333333333,-0.8934200699189567,-193.9999999999999,3.2353379255127,,4.17698239478443,4.07774110744413,53.22,0.15220951048915482,-1.3273251970232864,0,1,0,0,0.3040637097473255,-1.007407070674452
USA,United States,North America,Temperate / Subtropical Continental,1989,10.319297875064004,896.5,-0.6777146116202005,-50.49333333333334,-1.2291343335628646,132.19999999999993,2.69776022097005,,3.67223784138015,4.82700303008944,62.81,-1.2759282847003808,-0.5467160824384589,0,0,0,0,0.4592970948035192,0.34220069789409324
USA,United States,North America,Temperate / Subtropical Continental,1990,12.250858294930874,1178.2,1.2538458082466701,231.20666666666665,1.9315604198668694,281.70000000000005,0.741486713508948,,1.88596557755378,5.39795643990325,67.17,0.968362159378211,1.1166544741314801,0,0,0,0,1.5721293108577454,2.8989750983868507
USA,United States,North America,Temperate / Subtropical Continental,1991,12.51772209421403,1004.6999999999999,1.5207096075298254,57.70666666666665,0.26686379928315596,-173.5000000000001,-1.434247569896,,-0.108312873733027,4.23496396453849,65.11,1.2784326435533693,0.09217882072400965,0,0,0,0,2.3125577104335155,0.877550824185211
USA,United States,North America,Temperate / Subtropical Continental,1992,11.339758064516127,1074.0,0.34274557783192394,127.00666666666666,-1.1779640296979021,69.30000000000007,2.09666863097932,,3.52249717254271,3.02881967814969,73.53,-0.09025010026756827,0.5013786062060714,0,0,0,0,0.11747453112333943,0.4353097335517322
USA,United States,North America,Temperate / Subtropical Continental,1993,10.656323604710702,1415.5,-0.3406888819735028,468.50666666666666,-0.6834344598054258,341.5,1.40572318314062,,2.75179586314481,2.95165696638559,62.86,-0.8843362761486467,2.517853739570055,0,0,1,0,0.1160689143003553,-1.596150124637992
USA,United States,North America,Temperate / Subtropical Continental,1994,11.35899641577061,947.4,0.36198392908640464,0.4066666666666521,0.7026728110599088,-468.1,2.76110896687247,,4.02902272637739,2.60744159215453,78.65,-0.06789695643827284,-0.2461638590468725,0,0,0,0,0.13103236491683123,0.0014720679782846593
USA,United States,North America,Temperate / Subtropical Continental,1995,11.503593830005121,955.4,0.5065813433209155,8.406666666666673,0.14459741423451078,8.0,1.46892917482886,,2.68443073970295,2.80541968853662,67.22,0.1001115571278487,-0.1989257885727527,0,0,0,0,0.2566246574008233,0.042586604928511664
USA,United States,North America,Temperate / Subtropical Continental,1996,10.483047830923248,1029.5,-0.5139646557609568,82.50666666666663,-1.0205459990818735,74.10000000000002,2.57246399873029,,3.77277269047364,2.93120419993441,74.56,-1.0856663299754434,0.23861683919378054,0,0,0,0,0.2641596673714789,-0.42405510531317325
USA,United States,North America,Temperate / Subtropical Continental,1997,10.668323732718894,1037.2,-0.32868875396531033,90.20666666666665,0.1852759017956469,7.7000000000000455,3.1971656064834,1.33691209333386,4.44712793442667,2.33768993730735,78.1,-0.8703932628525044,0.28408348202512085,0,0,0,0,0.1080362969832683,-0.29649916866030757
USA,United States,North America,Temperate / Subtropical Continental,1998,12.896437532002047,1218.1,1.899425045317843,271.1066666666666,2.228113799283152,180.89999999999986,3.27222984322087,1.21399707177139,4.48313335499124,1.55227909874364,77.55,1.718464148294634,1.3522543506211517,1,0,0,0,3.60781550278069,5.149467926193026
USA,United States,North America,Temperate / Subtropical Continental,1999,12.242889784946236,924.6,1.245877298262032,-22.393333333333352,-0.6535477470558106,-293.4999999999999,3.5919803730374,1.15124131310291,4.78842504836746,2.18802719697358,77.8,0.9591035047546602,-0.38079235989811366,0,0,0,0,1.5522102423247004,-0.27899345632414463
USA,United States,North America,Temperate / Subtropical Continental,2000,11.340748362377951,893.9,0.3437358756937461,-53.09333333333333,-0.9021414225682847,-30.700000000000045,2.92586254681619,1.1505549143143,4.07758575997799,3.37685727149929,79.88,-0.08909946785388893,-0.5620684553425477,0,0,0,0,0.11815435223894646,-0.18250083426833288
USA,United States,North America,Temperate / Subtropical Continental,2001,12.031978366615464,993.9,1.0349658799312587,46.90666666666666,0.6912300042375126,100.0,-0.0387319343606976,1.12925705700728,0.955538337599847,2.82617111885407,77.73,0.7140443930446359,0.02840742558394815,0,0,0,0,1.0711543726218846,0.485467995413089
USA,United States,North America,Temperate / Subtropical Continental,2002,11.959116103430619,895.9,0.9621036167464149,-51.093333333333334,-0.07286226318484523,-98.0,0.761236860380762,0.973712301131986,1.70044733078285,1.58603162650601,74.57,0.629385337434584,-0.5502589377240178,0,0,0,0,0.9256433693565324,-0.4915708079163016
USA,United States,North America,Temperate / Subtropical Continental,2003,11.168083077316949,961.9,0.17107059063274355,14.906666666666673,-0.79103302611367,66.0,1.91588247566436,1.1210468251509,2.79560596378604,2.27009497336115,77.93,-0.289720191544853,-0.16054485631253046,0,0,0,0,0.029265146979435726,0.025500922710320985
USA,United States,North America,Temperate / Subtropical Continental,2004,11.655538561364478,984.9,0.6585260746802742,37.906666666666666,0.4874554840475298,23.0,2.89111091294794,1.26548334003973,3.84777169267127,2.67723669309172,87.3,0.27665695799157153,-0.024735403699436442,0,0,0,0,0.4336565910338101,0.24962528404213596
USA,United States,North America,Temperate / Subtropical Continental,2005,12.435003200204813,791.8,1.437990713520609,-155.19333333333333,0.7794646388403343,-193.10000000000002,2.53411070635448,1.15050675283148,3.48354993710312,3.3927468454955,84.04,1.1823211155575588,-1.1649443297685,0,0,0,1,2.06781729217151,-2.2316657213364173
USA,United States,North America,Temperate / Subtropical Continental,2006,12.461634024577572,1008.5,1.4646215378933676,61.50666666666665,0.02663082437275932,216.70000000000005,1.79819874479622,1.00948747512139,2.78453963674239,3.22594410070404,80.84,1.2132636136761714,0.11461690419921652,0,0,0,0,2.1451162492611333,0.9008398872402804
USA,United States,North America,Temperate / Subtropical Continental,2007,12.424690860215053,878.6999999999999,1.427678373530849,-68.29333333333338,-0.0369431643625191,-129.80000000000007,1.03834382734772,1.07512389607238,2.0038583039496,2.85267248150138,86.81,1.1703391522407172,-0.6518207892433754,0,0,0,0,2.03826553824769,-0.9750091505633351
USA,United States,North America,Temperate / Subtropical Continental,2008,10.899216722284018,1281.5,-0.09779576440018511,334.50666666666666,-1.5254741379310346,402.80000000000007,-0.8288881218228,1.05300030562235,0.113587247501258,3.839100296651,86.09,-0.6021174560198794,1.7266160591285504,0,0,1,0,0.009564011534616515,-0.32713335163624585
USA,United States,North America,Temperate / Subtropical Continental,2009,11.166564260112649,1374.9,0.16955177342844294,427.90666666666664,0.2673475378286305,93.40000000000009,-3.42683194491448,0.960285754997542,-2.5765002366652,-0.355546266299747,89.74,-0.2914849134261126,2.2781205319138973,0,0,1,0,0.028747803872730047,0.7255233419518692
USA,United States,North America,Temperate / Subtropical Continental,2010,11.945948540706604,991.4,0.9489360540224009,44.406666666666666,0.7793842805939555,-383.5000000000001,1.82992370300914,1.02943688973818,2.69519258673525,1.6400434423899,89.55,0.6140858754610637,0.013645528560785792,0,0,0,0,0.9004796346236049,0.4213908703895475
USA,United States,North America,Temperate / Subtropical Continental,2011,12.223759600614438,1051.9,1.2267471139302344,104.90666666666665,0.27781105990783317,60.500000000000114,0.762796399892366,1.20055880447177,1.56440685205419,3.156841568622,87.0,0.9368760406547929,0.3708834365213157,0,0,0,0,1.5049084815361595,1.2869395056537445
USA,United States,North America,Temperate / Subtropical Continental,2012,13.759215795328144,781.6,2.762203308643938,-165.39333333333332,1.5354561947137064,-270.30000000000007,1.4757059723453,1.14932980065793,2.28911339009767,2.06933726526067,85.99,2.7209308543969137,-1.2251728696230026,1,1,0,1,7.629767118283517,-4.56850012560983
USA,United States,North America,Temperate / Subtropical Continental,2013,11.165124167946749,894.5999999999999,0.1681116812625438,-52.39333333333339,-2.5940916273813954,112.99999999999989,1.34816252387824,1.31815003575389,2.11783009443471,1.46483265562717,92.94,-0.29315816426169483,-0.5579351241760626,0,0,0,0,0.02826153737691912,-0.08807931353615554
USA,United States,North America,Temperate / Subtropical Continental,2014,9.882197900665643,1055.2,-1.1148145860185619,108.20666666666665,-1.2829262672811055,160.60000000000014,1.71094544248081,1.16824049198161,2.52381981757846,1.62222297740817,97.81,-1.7837970966513175,0.3903691405918901,0,0,0,0,1.2428115611997375,-1.206303703044485
USA,United States,North America,Temperate / Subtropical Continental,2015,12.05936251920123,1139.1,1.0623500325170245,192.10666666666665,2.1771646185355866,83.89999999999986,2.12741137868935,1.02890409132672,2.94555045227337,0.118627135552451,95.48,0.7458621872670191,0.8857784046892203,0,0,0,0,1.1285875915889232,2.040845235800705
USA,United States,North America,Temperate / Subtropical Continental,2016,12.929402113459398,912.7,1.9323896267751943,-34.293333333333315,0.8700395942581682,-226.39999999999986,1.02266589237917,0.937140437714336,1.81945147909089,1.26158320570536,106.71,1.7567658728468916,-0.45105898972836633,1,0,0,0,3.734129669668375,-0.6626808160087729
USA,United States,North America,Temperate / Subtropical Continental,2017,12.946121991807475,1086.6000000000001,1.9491095051232712,139.6066666666667,0.01671987834807709,173.9000000000001,1.75014095196009,0.940362226343714,2.45762230126449,2.13011000365961,100.53,1.7761927894562786,0.5757785672028102,1,0,0,0,3.799027862961883,2.721086809785762
USA,United States,North America,Temperate / Subtropical Continental,2018,11.877471838197645,1095.0,0.8804593515134398,148.0066666666667,-1.0686501536098305,8.399999999999864,2.3644424974579,0.898498260790929,2.96650506701943,2.44258329692817,100.21,0.5345224263956361,0.6253785412006357,0,0,0,0,0.7752086696674669,1.303138537529992
USA,United States,North America,Temperate / Subtropical Continental,2019,11.57339349718382,1227.0,0.576381010499615,280.0066666666666,-0.3040783410138239,132.0,2.05676589969444,0.83262086291437,2.58382533052225,1.81221007526021,93.68,0.18121216596089684,1.4048067040236099,0,0,0,0,0.3322150692645573,1.6139052547996215
USA,United States,North America,Temperate / Subtropical Continental,2020,12.145865467803732,960.5,1.1488529811195276,13.50666666666664,0.5724719706199117,-266.5,-2.48059997386319,0.934873150907349,-2.081375977796,1.23358439630629,98.43,0.8463704286538456,-0.16881151864550162,0,0,0,0,1.3198631722272256,0.1551717426498772
USA,United States,North America,Temperate / Subtropical Continental,2021,12.340828853046595,1115.4,1.3438163663623905,168.4066666666667,0.19496338524286294,154.9000000000001,5.98515132703822,0.942961672907101,6.15202247867526,4.69785886363742,101.0,1.072899434914974,0.745835620909641,0,0,0,0,1.8058424265034188,2.2630763487120236
USA,United States,North America,Temperate / Subtropical Continental,2022,11.453475422427035,976.2,0.4564629357428305,29.206666666666678,-0.8873534306195605,-139.20000000000005,1.94217130872103,,2.52421385073222,8.00279982052121,92.96,0.04187870971441656,-0.07610680534004152,0,0,0,0,0.2083584117069634,0.1333176080992894
USA,United States,North America,Temperate / Subtropical Continental,2023,13.015527393753201,1008.3,2.018514907068995,61.30666666666664,1.5620519713261665,32.09999999999991,2.09110944991448,,2.93436322440155,4.11633838374488,,1.8568352993938957,0.11343595243736347,1,0,0,0,4.074402430059754,1.2374842056937647
